target_id,phase,input_observation_id,label,status,page_id,revision_id,revision_timestamp,title,revision_url,retrieved_at,raw_path,raw_sha256,license,claim_scope,line_start,line_end,excerpt_wikitext,reason
before-3e293464-98e1-47b3-8125-cd71a01b0af5,before,inf:3e293464-98e1-47b3-8125-cd71a01b0af5,tỉnh Hà Giang,found,67,73446368,2025-04-21T15:39:17Z,Hà Giang,https://vi.wikipedia.org/w/index.php?oldid=73446368,2026-09-29T15:25:04.455296Z,sources/responses/286e139c21e26c4284c5c0962eed4501f43660bb5efe2622d05d5fb197c7eadc.json,286e139c21e26c4284c5c0962eed4501f43660bb5efe2622d05d5fb197c7eadc,CC-BY-SA-4.0,name_type,48,48,"}}|logo=Logo Du lịch Hà Giang.svg|ghi chú logo=Biểu trưng du lịch{{efn|Hà Giang chỉ mới có logo du lịch, chưa có logo đại diện cho tỉnh.}}}}'''Hà Giang''' vốn có tên là Hà Dương ({{Nôm|河楊}}<ref>Theo ''[[Đồng Khánh địa dư chí]]''.</ref>) là một [[tỉnh]] thuộc vùng [[Đông Bắc Bộ]], [[Việt Nam]].<ref name=Ms@124 >[https://thukyluat.vn/vb/quyet-dinh-124-2004-qd-ttg-bang-danh-muc-ma-so-don-vi-hanh-chinh-viet-nam-cc68.html Quyết định số 124/2004/QĐ-TTg của Chính phủ ngày 08/07/2004] ban hành Danh mục và mã số các đơn vị hành chính Việt Nam có đến 30/6/2004. Thuky Luat Online, 2016. Truy cập 11/04/2019.</ref><ref name= BandoHc >Bản đồ Hành chính Việt Nam. Nhà xuất bản Bản đồ, 2004.</ref><ref name= Bd500p >Bản đồ tỷ lệ 1:500.000 tờ F-48A Lào Cai và F-48B Cao Bằng. Cục Đo đạc và Bản đồ, 2004.</ref><ref name =HaGiang-tt21 >[https://thukyluat.vn/vb/thong-tu-21-2013-tt-btnmt-ve-danh-muc-dia-danh-dan-cu-son-van-thuy-van-kinh-te-xa-hoi-phuc-vu-cong-tac-thanh-lap-ban-do-tinh-ha-giang-31d87.html Thông tư 21/2013/TT-BTNMT ngày 01/08/2013] của Bộ Tài nguyên và Môi trường về Ban hành Danh mục địa danh dân cư, sơn văn, thủy văn, kinh tế - xã hội phục vụ công tác thành lập bản đồ tỉnh Hà Giang. Thukyluat Online, 2016. Truy cập 20/09/2018.</ref>",
before-3e293464-98e1-47b3-8125-cd71a01b0af5,before,inf:3e293464-98e1-47b3-8125-cd71a01b0af5,tỉnh Hà Giang,found,67,75583460,2026-09-24T03:44:52Z,Hà Giang,https://vi.wikipedia.org/w/index.php?oldid=75583460,2026-09-29T15:25:03.449179Z,sources/responses/be387afea68df80f68fe6a3fbdd75d4470afe1d31433e42916381f00ef727477.json,be387afea68df80f68fe6a3fbdd75d4470afe1d31433e42916381f00ef727477,CC-BY-SA-4.0,reorganization,47,52,"Năm 2024, Hà Giang là đơn vị hành chính [[Việt Nam]] đông thứ 48 về số dân, [[Danh sách đơn vị hành chính Việt Nam theo GRDP|xếp thứ 58]] về [[Tổng sản phẩm trên địa bàn (GRDP)]] và là tỉnh nghèo trong số 6 tỉnh nghèo nhất cả nước, có huyện Xín Mần thuộc diện huyện nghèo trong 6 huyện nghèo nhất cả nước, [[Danh sách đơn vị hành chính Việt Nam theo GRDP bình quân đầu người|xếp thứ 63]] về [[Tổng sản phẩm trên địa bàn (GRDP)|GRDP]] bình quân đầu người, [[Danh sách đơn vị hành chính Việt Nam theo GRDP|đứng thứ 58]] về tốc độ tăng trưởng [[Tổng sản phẩm trên địa bàn (GRDP)|GRDP]]. Với 944.083 người dân,<ref>{{Chú thích web|url=https://www.gso.gov.vn/default.aspx?tabid=714|title=Dân số các tỉnh Việt Nam năm 2018|last=|first=|date=|website=Tổng cục Thống kê Việt Nam|archive-url=|archive-date=|url-status=|access-date =Ngày 30 tháng 9 năm 2019}}</ref> GRDP đạt 35.823 tỉ [[Đồng (đơn vị tiền tệ)|Đồng]] (tương ứng với 1,52 tỉ USD), GRDP bình quân đầu người đạt 37,94 triệu đồng (tương ứng với 1.623 USD), tốc độ tăng trưởng GRDP đạt 6,76%.<ref name="":011"">{{Chú thích web|url=http://sokhdt.namdinh.gov.vn/chi-tiet-noi-dung-bao-cao-tinh-hinh-thuc-hien-nhiem-vu-kinh-te---xa-hoi-nam-2018-va-ke-hoach-phat-trien-kinh-te---xa-hoi-nam-2019-tinh-nam-dinh-1358.html|title=Tình hình kinh tế, xã hội Hà Giang năm 2018|last=|first=|date=|website=Báo Hà Giang, Đảng bộ tỉnh|archive-url=https://web.archive.org/web/20191015171639/http://sokhdt.namdinh.gov.vn/chi-tiet-noi-dung-bao-cao-tinh-hinh-thuc-hien-nhiem-vu-kinh-te---xa-hoi-nam-2018-va-ke-hoach-phat-trien-kinh-te---xa-hoi-nam-2019-tinh-nam-dinh-1358.html|archive-date = ngày 15 tháng 10 năm 2019 |url-status=|access-date =Ngày 12 tháng 10 năm 2019}}</ref>

Ngày [[12 tháng 6]] năm [[2025]], [[Quốc hội Việt Nam|Quốc hội]] thông qua Nghị quyết số 202/2025/QH15 về việc sắp xếp đơn vị hành chính cấp tỉnh năm 2025, theo đó tỉnh được giải thể để sáp nhập vào tỉnh [[Tuyên Quang]].<ref name=""202/2025/QH15"">{{Chú thích web |ngày=2025-06-12 |tựa đề=Nghị quyết số 202/2025/QH15 về việc sắp xếp đơn vị hành chính cấp tỉnh |url=https://quochoi.vn/tintuc/Pages/tin-hoat-dong-cua-quoc-hoi.aspx?ItemID=94532 |url-status=live |url lưu trữ=https://web.archive.org/web/20250612150244/https://quochoi.vn/tintuc/Pages/tin-hoat-dong-cua-quoc-hoi.aspx?ItemID=94532 |ngày lưu trữ=2025-06-12 |ngày truy cập=2025-06-12 |website=Cổng thông tin điện tử Quốc hội Việt Nam}}</ref><ref name="":NQSN2025"">{{Chú thích web |date=16 tháng 6 năm 2025 |title=TOÀN VĂN: Nghị quyết số 202/2025/QH15 về sắp xếp đơn vị hành chính cấp tỉnh |url=https://xaydungchinhsach.chinhphu.vn/toan-van-nghi-quyet-so-202-2025-qh15-ve-sap-xep-don-vi-hanh-chinh-cap-tinh-119250612174148722.htm |url-status=live |archive-url=https://web.archive.org/web/20250630073035/https://xaydungchinhsach.chinhphu.vn/toan-van-nghi-quyet-so-202-2025-qh15-ve-sap-xep-don-vi-hanh-chinh-cap-tinh-119250612174148722.htm |archive-date=2025-06-30 |access-date=2025-06-30 |publisher=Báo Điện tử Chính phủ }}</ref>

==Địa lý==
Tỉnh Hà Giang có vị trí địa lý:",
before-504ffb57-8afc-46ea-afd6-bd825c3d9d0b,before,inf:504ffb57-8afc-46ea-afd6-bd825c3d9d0b,tỉnh Tuyên Quang,found,705,73422454,2025-04-12T13:40:52Z,Tuyên Quang,https://vi.wikipedia.org/w/index.php?oldid=73422454,2026-09-29T15:25:07.643430Z,sources/responses/cd65b7896ba7f45057f85900667537ec43acd18ebc536e48aeb7234816f8d89d.json,cd65b7896ba7f45057f85900667537ec43acd18ebc536e48aeb7234816f8d89d,CC-BY-SA-4.0,name_type,53,53,"'''Tuyên Quang''' là một [[Tỉnh (Việt Nam)|tỉnh]] thuộc vùng [[Đông Bắc Bộ]], [[Việt Nam]].<ref name=Ms@124>[https://thukyluat.vn/vb/quyet-dinh-124-2004-qd-ttg-bang-danh-muc-ma-so-don-vi-hanh-chinh-viet-nam-cc68.html Quyết định số 124/2004/QĐ-TTg của Chính phủ ngày 08/07/2004] ban hành Danh mục và mã số các đơn vị hành chính Việt Nam có đến 30/6/2004. Thuky Luat Online, 2016. Truy cập 11/04/2019.</ref><ref name=BandoHc >Tập bản đồ hành chính Việt Nam. Nhà xuất bản Tài nguyên – Môi trường và Bản đồ Việt Nam. Hà Nội, 2013.</ref>",
before-504ffb57-8afc-46ea-afd6-bd825c3d9d0b,before,inf:504ffb57-8afc-46ea-afd6-bd825c3d9d0b,tỉnh Tuyên Quang,found,705,75495326,2026-08-29T01:45:59Z,Tuyên Quang,https://vi.wikipedia.org/w/index.php?oldid=75495326,2026-09-29T15:25:06.645512Z,sources/responses/1dbf32ad589ebdf9ca6d9e452e34738601035c3167c957ecfdff803d2ba59406.json,1dbf32ad589ebdf9ca6d9e452e34738601035c3167c957ecfdff803d2ba59406,CC-BY-SA-4.0,reorganization,133,138,"Từ đó, tỉnh Tuyên Quang có 1 thành phố Tuyên Quang (tỉnh lị) và 6 huyện: Chiêm Hóa, Hàm Yên, Lâm Bình, Na Hang, Sơn Dương, Yên Sơn.

Ngày 12 tháng 6 năm 2025, Quốc hội ban hành Nghị quyết số 202/2025/QH15<ref name=""202/2025/QH15"">{{Chú thích web|url=https://quochoi.vn/tintuc/Pages/tin-hoat-dong-cua-quoc-hoi.aspx?ItemID=94532|tựa đề= Nghị quyết số 202/2025/QH15 về việc sắp xếp đơn vị hành chính cấp tỉnh |ngày= 2025-06-12 |website= Cổng thông tin điện tử Quốc hội Việt Nam |url lưu trữ=https://web.archive.org/web/20250612150244/https://quochoi.vn/tintuc/Pages/tin-hoat-dong-cua-quoc-hoi.aspx?ItemID=94532|ngày lưu trữ= 2025-06-12 |ngày truy cập= 2025-06-12 |url-status=live}}</ref> về việc sắp xếp đơn vị hành chính cấp tỉnh (nghị quyết có hiệu lực từ ngày 12 tháng 6 năm 2025). Theo đó, sáp nhập tỉnh [[Hà Giang]] vào tỉnh Tuyên Quang.

Sau khi sáp nhập, tỉnh Tuyên Quang có 13.795,50&nbsp;km² diện tích tự nhiên và quy mô dân số là 1.865.270 người.
",
before-dc197b73-16aa-4db6-b728-2fd93c6e0e17,before,inf:dc197b73-16aa-4db6-b728-2fd93c6e0e17,tỉnh Yên Bái,found,997,73401358,2025-04-04T09:21:41Z,Yên Bái (tỉnh),https://vi.wikipedia.org/w/index.php?oldid=73401358,2026-09-29T15:25:10.343857Z,sources/responses/c03cee9fc64e21de0c0dd69d33518649eace86ea3e319623c89f7f3f81d0f344.json,c03cee9fc64e21de0c0dd69d33518649eace86ea3e319623c89f7f3f81d0f344,CC-BY-SA-4.0,name_type,54,54,"'''Yên Bái'''<ref>{{Chú thích web | url = https://books.google.com.vn/books?id=kANrBQAAQBAJ&pg=PP78&lpg=PP78&dq=danh+s%C3%A1ch+c%C3%B4ng+s%E1%BB%A9+Ph%C3%A1p&source=bl&ots=0tcJabIBrC&sig=0jc5tSXfRNnaATBIQr_S4_4Jp_s&hl=vi&sa=X&ei=F0_IVP_7EcGyogSs_YLQCA&ved=0CE4Q6AEwCA#v=onepage&q=danh%20s%C3%A1ch%20c%C3%B4ng%20s%E1%BB%A9%20Ph%C3%A1p&f=false | tiêu đề = Đại Nam thực lục | tác giả =  | ngày =  | ngày truy cập = 8 tháng 2 năm 2015 | nơi xuất bản = Google Books | ngôn ngữ =  | archive-date = 2015-05-03 | archive-url = https://web.archive.org/web/20150503032904/https://books.google.com.vn/books?id=kANrBQAAQBAJ&pg=PP78&lpg=PP78&dq=danh+s%C3%A1ch+c%C3%B4ng+s%E1%BB%A9+Ph%C3%A1p&source=bl&ots=0tcJabIBrC&sig=0jc5tSXfRNnaATBIQr_S4_4Jp_s&hl=vi&sa=X&ei=F0_IVP_7EcGyogSs_YLQCA&ved=0CE4Q6AEwCA#v=onepage&q=danh%20s%C3%A1ch%20c%C3%B4ng%20s%E1%BB%A9%20Ph%C3%A1p&f=false | url-status = dead }}</ref> là một [[tỉnh]] thuộc [[vùng trung du và miền núi phía Bắc]], [[Việt Nam]].<ref name=Ms@124 >[https://thukyluat.vn/vb/quyet-dinh-124-2004-qd-ttg-bang-danh-muc-ma-so-don-vi-hanh-chinh-viet-nam-cc68.html Quyết định số 124/2004/QĐ-TTg của Chính phủ ngày 08/07/2004] ban hành Danh mục và mã số các đơn vị hành chính Việt Nam có đến 30/6/2004. Thuky Luat Online, 2016. Truy cập 11/04/2019.</ref><ref name =BandoHc >Tập bản đồ hành chính Việt Nam. Nhà xuất bản Tài nguyên – Môi trường và Bản đồ Việt Nam. Hà Nội, 2013.</ref>",
before-dc197b73-16aa-4db6-b728-2fd93c6e0e17,before,inf:dc197b73-16aa-4db6-b728-2fd93c6e0e17,tỉnh Yên Bái,found,997,75593504,2026-09-27T13:32:44Z,Yên Bái (tỉnh),https://vi.wikipedia.org/w/index.php?oldid=75593504,2026-09-29T15:25:09.463538Z,sources/responses/ddae572debbf192fe4cebabc0144f4784ca128f8aaf5d812701ca49f8ca24c89.json,ddae572debbf192fe4cebabc0144f4784ca128f8aaf5d812701ca49f8ca24c89,CC-BY-SA-4.0,reorganization,46,51,"'''Yên Bái''' là một [[Tỉnh (Việt Nam)|tỉnh]] cũ thuộc vùng [[Tây Bắc Bộ]], [[Bắc Bộ|miền Bắc]] [[Việt Nam]]. Tỉnh tồn tại trong hai giai đoạn: Từ ngày [[11 tháng 4]] năm [[1900]] đến ngày [[27 tháng 12]] năm [[1975]] và từ ngày [[12 tháng 8]] năm [[1991]] đến ngày [[1 tháng 7]] năm [[2025]]. Địa phận của tỉnh hiện nay tương ứng với phần phía nam của tỉnh [[Lào Cai]].

Ngày [[12 tháng 6]] năm 2025, [[Quốc hội Việt Nam|Quốc hội]] thông qua Nghị quyết số 202/2025/QH15 về việc [[Sáp nhập tỉnh, thành Việt Nam 2025|sắp xếp đơn vị hành chính cấp tỉnh]] năm [[2025]].<ref name=""202/2025/QH15"">{{Chú thích web|url=https://quochoi.vn/tintuc/Pages/tin-hoat-dong-cua-quoc-hoi.aspx?ItemID=94532|tựa đề= Nghị quyết số 202/2025/QH15 về việc sắp xếp đơn vị hành chính cấp tỉnh |ngày= 2025-06-12 |website= Cổng thông tin điện tử Quốc hội Việt Nam |url lưu trữ=https://web.archive.org/web/20250612150244/https://quochoi.vn/tintuc/Pages/tin-hoat-dong-cua-quoc-hoi.aspx?ItemID=94532|ngày lưu trữ= 2025-06-12 |ngày truy cập= 2025-06-12 |url-status=live}}</ref><ref name="":NQSN2025"">{{Chú thích web |date=16 tháng 6 năm 2025 |title=TOÀN VĂN: Nghị quyết số 202/2025/QH15 về sắp xếp đơn vị hành chính cấp tỉnh |url=https://xaydungchinhsach.chinhphu.vn/toan-van-nghi-quyet-so-202-2025-qh15-ve-sap-xep-don-vi-hanh-chinh-cap-tinh-119250612174148722.htm |publisher=Báo Điện tử Chính phủ |access-date=2025-06-30 |archive-date=2025-06-30 |archive-url=https://web.archive.org/web/20250630073035/https://xaydungchinhsach.chinhphu.vn/toan-van-nghi-quyet-so-202-2025-qh15-ve-sap-xep-don-vi-hanh-chinh-cap-tinh-119250612174148722.htm |url-status=live }}</ref> Từ đó, tỉnh được giải thể để sáp nhập vào tỉnh [[Lào Cai]].

==Địa lý==
Tỉnh Yên Bái nằm ở [[vùng Tây Bắc]] tiếp giáp với [[vùng Đông Bắc|Đông Bắc]], có vị trí địa lý:",
before-2c7ffbab-578a-46fc-86a1-3df5a0c2b377,before,inf:2c7ffbab-578a-46fc-86a1-3df5a0c2b377,tỉnh Lào Cai,found,44,73401357,2025-04-04T09:21:39Z,Lào Cai,https://vi.wikipedia.org/w/index.php?oldid=73401357,2026-09-29T15:25:14.569836Z,sources/responses/fa214ed74b4b5138765bb50b320a52cbd5a4113f22d763ca8c877ca1876fc546.json,fa214ed74b4b5138765bb50b320a52cbd5a4113f22d763ca8c877ca1876fc546,CC-BY-SA-4.0,name_type,49,49,"'''Lào Cai''' là một [[tỉnh]] vùng cao biên giới thuộc vùng [[Tây Bắc Bộ]], [[Việt Nam]]<ref name=Ms@124 >[https://thukyluat.vn/vb/quyet-dinh-124-2004-qd-ttg-bang-danh-muc-ma-so-don-vi-hanh-chinh-viet-nam-cc68.html Quyết định số 124/2004/QĐ-TTg của Chính phủ ngày 08/07/2004] ban hành Danh mục và mã số các đơn vị hành chính Việt Nam có đến 30/6/2004. Thuky Luat Online, 2016. Truy cập 11/04/2019.</ref><ref name =BandoHc >Tập bản đồ hành chính Việt Nam. Nhà xuất bản Tài nguyên – Môi trường và Bản đồ Việt Nam. Hà Nội, 2013.</ref>.",
before-2c7ffbab-578a-46fc-86a1-3df5a0c2b377,before,inf:2c7ffbab-578a-46fc-86a1-3df5a0c2b377,tỉnh Lào Cai,found,44,75592493,2026-09-27T07:57:50Z,Lào Cai,https://vi.wikipedia.org/w/index.php?oldid=75592493,2026-09-29T15:25:13.148583Z,sources/responses/3c6419b03ed26fc8aa2fedef1ae87a73aab37ea4437dbba5771b4a6ef33a2970.json,3c6419b03ed26fc8aa2fedef1ae87a73aab37ea4437dbba5771b4a6ef33a2970,CC-BY-SA-4.0,reorganization,374,379,"Ngày [[1 tháng 1]] năm [[2020]], chuyển huyện Sa Pa thành thị xã [[Sa Pa (thị xã)|Sa Pa]].<ref name=NQ767>{{Chú thích web|url=https://thuvienphapluat.vn/van-ban/Bo-may-hanh-chinh/Nghi-quyet-767-NQ-UBTVQH14-2019-ve-thanh-lap-thi-xa-Sa-Pa-tinh-Lao-Cai-425880.aspx|title=Nghị quyết số 767/NQ-UBTVQH14 năm 2019 về việc thành lập thị xã Sa Pa và các phường, xã thuộc thị xã Sa Pa, tỉnh Lào Cai|last=|first=|date=|website=|archive-url=|archive-date=|url-status=|access-date =}}</ref> Từ đó tỉnh Lào Cai có 1 thành phố Lào Cai (tỉnh lị), 1 thị xã Sa Pa và 7 huyện: Bảo Thắng, Bảo Yên, Bát Xát, Bắc Hà, Mường Khương, Sa Pa, Văn Bàn.

Ngày [[12 tháng 6]] năm [[2025]], Quốc hội ban hành Nghị quyết số 202/2025/QH15<ref name=""202/2025/QH15"">{{Chú thích web|url=https://quochoi.vn/tintuc/Pages/tin-hoat-dong-cua-quoc-hoi.aspx?ItemID=94532|tựa đề= Nghị quyết số 202/2025/QH15 về việc sắp xếp đơn vị hành chính cấp tỉnh |ngày= 2025-06-12 |website= Cổng thông tin điện tử Quốc hội Việt Nam |url lưu trữ=https://web.archive.org/web/20250612150244/https://quochoi.vn/tintuc/Pages/tin-hoat-dong-cua-quoc-hoi.aspx?ItemID=94532|ngày lưu trữ= 2025-06-12 |ngày truy cập= 2025-06-12 |url-status=live}}</ref> về việc sắp xếp đơn vị hành chính cấp tỉnh (nghị quyết có hiệu lực ngày thông qua và các đơn vị hành chính mới chính thức đi vào hoạt động từ ngày [[1 tháng 7]] năm [[2025]]). Theo đó, sáp nhập tỉnh [[Yên Bái (tỉnh)|Yên Bái]] vào tỉnh Lào Cai. Sau khi sắp xếp, tỉnh Lào Cai có 13.256,92&nbsp;km² diện tích tự nhiên và quy mô dân số là 1.778.785 người.

Ngày [[16 tháng 6]] năm [[2025]], theo nghị quyết sửa đổi Hiến pháp năm 2013, toàn bộ các đơn vị hành chính cấp huyện tại tỉnh Lào Cai được giải thể. Cùng ngày, theo nghị quyết sắp xếp đơn vị hành chính cấp xã, tỉnh Lào Cai có 99 đơn vị hành chính cấp xã, gồm 10 phường và 89 xã.<ref>Nghị quyết sô 203/2025/QH15 ban hành ngày 16/06/2025 về việc sửa đổi, bổ sung một số điều của Hiến pháp nước Cộng hòa Xã hội chủ nghĩa Việt Nam</ref><ref>Nghị quyết 1673/NQ-UBTVQH15 năm 2025 về việc sắp xếp các đơn vị hành chính cấp xã của tỉnh Lào Cai.</ref>
",
before-ba1a543d-db36-4550-961c-6311b68a98af,before,inf:ba1a543d-db36-4550-961c-6311b68a98af,tỉnh Bắc Kạn,found,670,73467962,2025-05-01T05:17:47Z,Bắc Kạn (tỉnh),https://vi.wikipedia.org/w/index.php?oldid=73467962,2026-09-29T15:25:17.376853Z,sources/responses/4844debee0e783297671d69108b6da44efd2ca55883092c3c396f2e58cf4e258.json,4844debee0e783297671d69108b6da44efd2ca55883092c3c396f2e58cf4e258,CC-BY-SA-4.0,name_type,42,42,"'''Bắc Kạn''' là một tỉnh thuộc vùng [[Đông Bắc Bộ]], [[Việt Nam]].<ref name=Ms@124 >[https://thukyluat.vn/vb/quyet-dinh-124-2004-qd-ttg-bang-danh-muc-ma-so-don-vi-hanh-chinh-viet-nam-cc68.html Quyết định số 124/2004/QĐ-TTg của Chính phủ ngày 08/07/2004] ban hành Danh mục và mã số các đơn vị hành chính Việt Nam có đến 30/6/2004. Thuky Luat Online, 2016. Truy cập 11/04/2019.</ref><ref name =BandoHc >Tập bản đồ hành chính Việt Nam. Nhà xuất bản Tài nguyên – Môi trường và Bản đồ Việt Nam. Hà Nội, 2013.</ref> Bắc Kạn có tỉnh lỵ là thành phố [[Bắc Kạn (thành phố)|Bắc Kạn]], cách thủ đô [[Hà Nội]] 162&nbsp;km.",
before-ba1a543d-db36-4550-961c-6311b68a98af,before,inf:ba1a543d-db36-4550-961c-6311b68a98af,tỉnh Bắc Kạn,found,670,75590858,2026-09-26T17:42:09Z,Bắc Kạn (tỉnh),https://vi.wikipedia.org/w/index.php?oldid=75590858,2026-09-29T15:25:16.559366Z,sources/responses/47ab1a20c7f13a629b7f9eb7a5b56690d1a0e697242d30805f0ba7e08a59b9d5.json,47ab1a20c7f13a629b7f9eb7a5b56690d1a0e697242d30805f0ba7e08a59b9d5,CC-BY-SA-4.0,reorganization,102,107,"Tại tỉnh Bắc Kạn, nhiều doanh nghiệp thất bại khi đầu tư các dự án công nghiệp trên địa bàn, nguyên nhân được cho là do thiếu vốn, công nghệ lạc hậu, hay năng lực hạn chế.<ref>{{cite web|title=Nhìn lại các dự án đầu tư phát triển công nghiệp trên tỉnh Bắc Kạn- kỳ 2|url=https://baobackan.vn/nhin-lai-cac-du-an-dau-tu-phat-trien-cong-nghiep-tren-tinh-bac-kan-ky-2-post35497.html|website=Báo Bắc Kạn|date= 2017}}</ref> Bắc Kạn thực hiện tốt việc quản lý bảo vệ và phát triển rừng, là tỉnh có độ che phủ rừng cao nhất cả nước với 73,4% theo số liệu năm 2020.<ref>{{cite web|title=Bắc Kạn dẫn đầu cả nước về tỷ lệ che phủ rừng|url=https://vietnamnet.vn/bac-kan-dan-dau-ca-nuoc-ve-ty-le-che-phu-rung-733789.html|website=Vietnamnet|date= 2021}}</ref>

Ngày 11 tháng 3 năm 2015, thị xã Bắc Kạn có nghị quyết chuyển thành [[Thành phố thuộc tỉnh (Việt Nam)|thành phố]] Bắc Kạn, đô thị này phát triển thành một đô thị hiện đại.<ref>{{cite web|title=Thành phố Bắc Kạn chuyển mình mạnh mẽ sau 10 năm phát triển|url=https://baobackan.vn/thanh-pho-bac-kan-chuyen-minh-manh-me-sau-10-nam-phat-trien-post69561.html|website=Báo Bắc Kạn|date= 2025}}</ref> Sau khi tái lập tỉnh, Bắc Kạn có sự phát triển vượt bậc so với trước, hạ tầng giao thông được đầu tư đến tận các xóm, trường học được xây dựng khang trang, có điều kiện đầu tư phát triển kinh tế đồi rừng.<ref>{{cite web|title=Tạo cơ hội cho cả hai tỉnh phát triển|url=https://www.baothainguyen.vn/chinh-tri/202112/tao-co-hoi-cho-ca-hai-tinh-phat-trien-367EAB8/|website=Báo Thái Nguyên|date= 2021}}</ref> Ngày 12 tháng 6 năm 2025, Quốc hội ban hành nghị quyết về việc sắp xếp một số đơn vị hành chính cấp tỉnh, theo đó tỉnh Bắc Kạn và tỉnh Thái Nguyên được hợp nhất thành tỉnh Thái Nguyên.<ref name=""202/2025/QH15"">{{Chú thích web|url=https://quochoi.vn/tintuc/Pages/tin-hoat-dong-cua-quoc-hoi.aspx?ItemID=94532|tựa đề= Nghị quyết số 202/2025/QH15 về việc sắp xếp đơn vị hành chính cấp tỉnh |ngày= 2025-06-12 |website= Cổng thông tin điện tử Quốc hội Việt Nam |url lưu trữ=https://web.archive.org/web/20250612150244/https://quochoi.vn/tintuc/Pages/tin-hoat-dong-cua-quoc-hoi.aspx?ItemID=94532|ngày lưu trữ= 2025-06-12 |ngày truy cập= 2025-06-12 |url-status=live}}</ref>

==Địa lý==
Bắc Kạn nằm giữa vùng Việt Bắc, phía bắc giáp tỉnh [[Cao Bằng]], phía nam giáp tỉnh [[Thái Nguyên]], phía đông giáp tỉnh [[Lạng Sơn]] và phía tây giáp tỉnh [[Tuyên Quang]], một góc tây bắc gần kề với tỉnh [[Hà Giang]].{{sfn|Đảng bộ BK1|2000|pp=17}}",
before-f5be51da-1df9-4f18-8b04-5f367ce190fe,before,inf:f5be51da-1df9-4f18-8b04-5f367ce190fe,tỉnh Thái Nguyên,found,10732,73432400,2025-04-16T18:04:58Z,Thái Nguyên,https://vi.wikipedia.org/w/index.php?oldid=73432400,2026-09-29T15:25:21.589046Z,sources/responses/6ad4055a238786e788e3e3c666d3d5c47c09c9b2d30f53af4e85dd66011ed5ec.json,6ad4055a238786e788e3e3c666d3d5c47c09c9b2d30f53af4e85dd66011ed5ec,CC-BY-SA-4.0,name_type,43,43,"'''Thái Nguyên''' là một [[Tỉnh (Việt Nam)|tỉnh]] trung du thuộc vùng [[Đông Bắc Bộ]], tỉnh lỵ là [[Thái Nguyên (thành phố)|thành phố Thái Nguyên]], cách trung tâm thủ đô [[Hà Nội]] 75&nbsp;km, và là tỉnh nằm trong [[quy hoạch vùng thủ đô Hà Nội|Vùng thủ đô Hà Nội]].",
before-f5be51da-1df9-4f18-8b04-5f367ce190fe,before,inf:f5be51da-1df9-4f18-8b04-5f367ce190fe,tỉnh Thái Nguyên,found,10732,75597969,2026-09-29T07:09:03Z,Thái Nguyên,https://vi.wikipedia.org/w/index.php?oldid=75597969,2026-09-29T15:25:20.235782Z,sources/responses/f7f05892fd905d992099838792d8a5a30b5f3d2010da25097303836b01db1652.json,f7f05892fd905d992099838792d8a5a30b5f3d2010da25097303836b01db1652,CC-BY-SA-4.0,reorganization,222,227,"Trong thập niên 2010, Quốc lộ 3 mới ([[Đường cao tốc Hà Nội – Thái Nguyên – Bắc Kạn – Cao Bằng|đường cao tốc Hà Nội–Thái Nguyên]]) được hoàn thành vào năm 2014, [[quốc lộ 3]] cũ qua Thái Nguyên được nâng cấp, đường Thái Nguyên–Chợ Mới được xây dựng.{{sfn|Đảng bộ TN3|2021|pp=157}} Năm 2013, [[Samsung|Tập đoàn Samsung]] bắt đầu triển khai tổ hợp công nghệ cao tại khu công nghiệp Yên Bình. Tổ hợp này và các dự án phụ trợ khiến công nghiệp Thái Nguyên phát triển vượt bậc, giá trị xuất khẩu của tỉnh tăng vọt, và tuyển dụng một lượng lớn người lao động.{{sfn|Đảng bộ TN3|2021|pp=146}} Festival Trà quốc tế Thái Nguyên được tổ chức lần đầu tiên vào năm 2011.<ref name=""tntf""/> Năm 2013, việc xây dựng mỏ đa kim Núi Pháo cơ bản hoàn thành, là dự án mỏ đa kim lớn nhất Việt Nam cho đến khi đó.<ref>{{Chú thích web|title=Công ty Núi Pháo xây xong mỏ 500 triệu USD|url=https://baodautu.vn/cong-ty-nui-phao-xay-xong-mo-500-trieu-usd-d2000.html|website=Báo Đầu tư|date= 2013}}</ref> Năm 2016, tỉnh khởi công hai dự án quy mô lớn theo hình thức PPP là dự án chống lũ lụt và hạ tầng đô thị Sông Cầu, và khu du lịch tâm linh hồ Núi Cốc, nhưng sau đó đều bị hủy bỏ.<ref>{{Chú thích web|title=Thái Nguyên hủy bỏ hai nghị quyết về Dự án sông Cầu vì quyết định trái thẩm quyền|url=https://nhandan.vn/thai-nguyen-huy-bo-hai-nghi-quyet-ve-du-an-song-cau-vi-quyet-dinh-trai-tham-quyen-post659776.html |website=Báo Nhân Dân}}</ref><ref>{{Chú thích web|title='Siêu' dự án tâm linh gần 19.000 ha của Xuân Trường dừng hoạt động|url=https://znews.vn/sieu-du-an-tam-linh-gan-19000-ha-cua-xuan-truong-dung-hoat-dong-post1669764.html |website=Tạp chí điện tử Tri Thức}}</ref> Năm 2015, thị xã Bắc Kạn trở thành thành phố Bắc Kạn, địa phương này phát triển thành một đô thị hiện đại.<ref>{{Chú thích web|title=Thành phố Bắc Kạn chuyển mình mạnh mẽ sau 10 năm phát triển|url=https://bbk.baothainguyen.vn/thanh-pho-bac-kan-chuyen-minh-manh-me-sau-10-nam-phat-trien-post69561.html|website=Báo Bắc Kạn|date= 2025}}</ref> Tỉnh Bắc Kạn thực hiện tốt việc quản lý bảo vệ và phát triển rừng, từng là tỉnh có độ che phủ rừng cao nhất cả nước, đạt 73,4% vào năm 2020.<ref>{{Chú thích web|title=Bắc Kạn dẫn đầu cả nước về tỷ lệ che phủ rừng|url=https://vietnamnet.vn/bac-kan-dan-dau-ca-nuoc-ve-ty-le-che-phu-rung-733789.html|website=Vietnamnet|date= 2021}}</ref>

[[Đại dịch COVID-19 tại Việt Nam|Đại dịch COVID-19]] bùng phát tại tỉnh Thái Nguyên cũ vào đầu năm 2022, số ca nhiễm bệnh tăng cao nhưng số ca tử vong thấp.<ref>{{Chú thích web|url=https://www.quanlynhanuoc.vn/2022/07/12/thai-nguyen-vung-vang-trong-dai-dich-covid-19-bao-dam-on-dinh-lao-dong-viec-lam/ |tựa đề= Thái Nguyên vững vàng trong đại dịch Covid-19, bảo đảm ổn định lao động, việc làm |ngày= 2022 |website= Tạp chí Quản lý nhà nước }}</ref> Năm 2022, [[Ủy ban Kiểm tra Trung ương Đảng Cộng sản Việt Nam|Ủy ban Kiểm tra Trung ương]] kỷ luật nhiều lãnh đạo, nguyên lãnh đạo của tỉnh Thái Nguyên, trong đó có hai vị nguyên chủ tịch UBND tỉnh.<ref>{{Chú thích web |title=Ủy ban Kiểm tra Trung ương kỷ luật, đề nghị kỷ luật nhiều lãnh đạo, nguyên lãnh đạo Thái Nguyên |url=https://tuoitre.vn/nld/chinh-tri/uy-ban-kiem-tra-trung-uong-ky-luat-de-nghi-ky-luat-nhieu-lanh-dao-nguyen-lanh-dao-thai-nguyen-20221221182956826.htm |website=Người Lao Động}}</ref> Trong [[Tác động của bão Yagi tại Việt Nam|trận lụt sau bão Yagi]] vào tháng 9 năm 2024, mức nước sông Cầu tại trạm Gia Bẩy vượt [[Các trận lũ lớn ở Miền Bắc Việt Nam|trận lụt lịch sử]] năm 1959.<ref name=""msll"">{{Chú thích web|title=Thái Nguyên: Mực nước trên sông Cầu đã cao hơn đỉnh lũ lịch sử năm 1959|url=https://daibieunhandan.vn/thai-nguyen-muc-nuoc-tren-song-cau-da-cao-hon-dinh-lu-lich-su-nam-1959-post389583.html|website=Báo điện tử Đại biểu Nhân dân|date= 2024}}</ref> Ngày 12 tháng 6 năm 2025, hai tỉnh Bắc Kạn và Thái Nguyên được [[Sáp nhập tỉnh, thành Việt Nam 2025|hợp nhất]] thành tỉnh Thái Nguyên.<ref name=""202/2025/QH15"">{{Chú thích web|url=https://quochoi.vn/tintuc/Pages/tin-hoat-dong-cua-quoc-hoi.aspx?ItemID=94532|tựa đề= Nghị quyết số 202/2025/QH15 về việc sắp xếp đơn vị hành chính cấp tỉnh |ngày= 2025-06-12 |website= Cổng thông tin điện tử Quốc hội Việt Nam |url lưu trữ=https://web.archive.org/web/20250612150244/https://quochoi.vn/tintuc/Pages/tin-hoat-dong-cua-quoc-hoi.aspx?ItemID=94532|ngày lưu trữ= 2025-06-12 |ngày truy cập= 2025-06-12 |url-status=live}}</ref> Do mưa lũ từ [[bão Matmo (2025)|bão Matmo]] vào tháng 10 năm 2025, mức nước sông Cầu tại trạm Gia Bẩy vượt mức lụt lịch sử năm trước,<ref>{{Chú thích web|title=Thái Nguyên: 7 người chết, thiệt hại khoảng 2.400 tỷ đồng do mưa lũ |url=https://cand.com.vn/Xa-hoi/thai-nguyen-7-nguoi-chet-thiet-hai-khoang-2-400-ty-dong-do-mua-lu-i784360/|website=Báo Công An Nhân Dân|date= 2025}}</ref> gây thiệt hại trên 12 nghìn tỷ đồng cho tỉnh.<ref name=""10sk"" /> Năm 2026, Tập đoàn Samsung mở rộng dự án sản xuất linh kiện công nghệ cao tại tỉnh.<ref name="":8"" />

==Địa lý==
{{#switch: {{#expr: {{CURRENTDAY}} mod 3}}|",
before-66b2e551-e8af-4c1b-aa8d-1634ff03f566,before,inf:66b2e551-e8af-4c1b-aa8d-1634ff03f566,tỉnh Vĩnh Phúc,found,4172,73562076,2025-06-03T09:43:53Z,Vĩnh Phúc (tỉnh),https://vi.wikipedia.org/w/index.php?oldid=73562076,2026-09-29T15:25:24.597169Z,sources/responses/df78ab525929e810838e80b7340372fb69e7084752e791b67780471e95447c18.json,df78ab525929e810838e80b7340372fb69e7084752e791b67780471e95447c18,CC-BY-SA-4.0,name_type,50,50,"'''Vĩnh Phúc''' là một [[tỉnh (Việt Nam)|tỉnh]] vùng [[đồng bằng sông Hồng]], [[Việt Nam]], nằm ở chính giữa trung tâm hình học trên bản đồ miền Bắc. Đây là tỉnh nằm trong quy hoạch [[quy hoạch vùng thủ đô Hà Nội|vùng thủ đô Hà Nội]], vùng kinh tế trọng điểm Bắc Bộ và là một trong những tỉnh có nền kinh tế phát triển nhất miền Bắc.",
before-66b2e551-e8af-4c1b-aa8d-1634ff03f566,before,inf:66b2e551-e8af-4c1b-aa8d-1634ff03f566,tỉnh Vĩnh Phúc,found,9249,75583465,2026-09-24T03:45:31Z,Hòa Bình (tỉnh),https://vi.wikipedia.org/w/index.php?oldid=75583465,2026-09-29T15:25:26.417782Z,sources/responses/6d47e1c0081fd124e2e8b608756e672c91f2cb7b70a4c86b39d7bd9e74362c78.json,6d47e1c0081fd124e2e8b608756e672c91f2cb7b70a4c86b39d7bd9e74362c78,CC-BY-SA-4.0,reorganization,47,52,"'''Hòa Bình''' là một [[Tỉnh (Việt Nam)|tỉnh]] miền núi cũ thuộc vùng [[Tây Bắc Bộ]], [[Bắc Bộ|miền Bắc]] [[Việt Nam]]. Tỉnh tồn tại trong hai giai đoạn: Từ ngày [[22 tháng 6]] năm [[1886]] đến ngày [[27 tháng 12]] năm [[1975]] và từ ngày [[12 tháng 8]] năm [[1991]] đến ngày [[1 tháng 7]] năm [[2025]]. Địa phận của tỉnh hiện nay tương ứng với phần phía nam của tỉnh [[Phú Thọ]].

Ngày [[12 tháng 6]] năm 2025, [[Quốc hội Việt Nam|Quốc hội]] thông qua Nghị quyết số 202/2025/QH15 về việc sắp xếp đơn vị hành chính cấp tỉnh năm  2025, theo đó tỉnh được giải thể cùng với tỉnh [[Vĩnh Phúc (tỉnh)|Vĩnh Phúc]] để sáp nhập vào tỉnh [[Phú Thọ]].<ref name="":NQSN2025"">{{Chú thích web |date=16 tháng 6 năm 2025 |title=TOÀN VĂN: Nghị quyết số 202/2025/QH15 về sắp xếp đơn vị hành chính cấp tỉnh|url=https://xaydungchinhsach.chinhphu.vn/toan-van-nghi-quyet-so-202-2025-qh15-ve-sap-xep-don-vi-hanh-chinh-cap-tinh-119250612174148722.htm |publisher=Báo Điện tử Chính phủ | access-date = 2025-06-30 | archive-date = 2025-06-30 | archive-url = https://web.archive.org/web/20250630073035/https://xaydungchinhsach.chinhphu.vn/toan-van-nghi-quyet-so-202-2025-qh15-ve-sap-xep-don-vi-hanh-chinh-cap-tinh-119250612174148722.htm TOÀN VĂN: Nghị quyết số 202/2025/QH15 về sắp xếp đơn vị hành chính cấp tỉnh |url-status=live }}</ref><ref name=202/2025/QH15>{{Chú thích web|url=https://quochoi.vn/tintuc/Pages/tin-hoat-dong-cua-quoc-hoi.aspx?ItemID=94532|tựa đề= Nghị quyết số 202/2025/QH15 về việc sắp xếp đơn vị hành chính cấp tỉnh |ngày= 2025-06-12 |website= Cổng thông tin điện tử Quốc hội Việt Nam |url lưu trữ=https://web.archive.org/web/20250612150244/https://quochoi.vn/tintuc/Pages/tin-hoat-dong-cua-quoc-hoi.aspx?ItemID=94532|ngày lưu trữ= 2025-06-12 |ngày truy cập= 2025-06-12 |url-status=live}}</ref>

Năm 2018, [[Danh sách đơn vị hành chính Việt Nam theo GRDP|xếp thứ 47]] về [[Tổng sản phẩm trên địa bàn (GRDP)]], [[Danh sách đơn vị hành chính Việt Nam theo GRDP bình quân đầu người|xếp thứ 30]] về [[Tổng sản phẩm trên địa bàn (GRDP)|GRDP]] bình quân đầu người, [[Danh sách đơn vị hành chính Việt Nam theo GRDP|đứng thứ 20]] về tốc độ tăng trưởng [[Tổng sản phẩm trên địa bàn (GRDP)|GRDP]]. Với 846,1 nghìn dân,<ref>{{Chú thích web|url=https://www.gso.gov.vn/default.aspx?tabid=714|title=Dân số các tỉnh Việt Nam năm 2018|last=|first=|date=|website=Tổng cục Thống kê Việt Nam|archive-url=|archive-date=|url-status=|access-date=Ngày 30 tháng 9 năm 2019}}</ref> GRDP đạt 40.867 tỉ [[Đồng (đơn vị tiền tệ)|Đồng]] (tương ứng với 1,7749 tỉ USD), GRDP bình quân đầu người đạt 48,3 triệu đồng (tương ứng với 2.098 USD), tốc độ tăng trưởng GRDP đạt 8,36%.<ref name="":024"">{{Chú thích web|url=http://www.baohoabinh.com.vn/12/125044/Thanh-tuu-kinh-te--xa-hoi-nam-2018.htm|title=Tình hình kinh tế, xã hội Hòa Bình năm 2018|last=|first=|date=|website=Báo Hòa Bình, Đảng bộ tỉnh|archive-url=https://web.archive.org/web/20210205091021/http://www.baohoabinh.com.vn/12/125044/Thanh-tuu-kinh-te--xa-hoi-nam-2018.htm|archive-date=2021-02-05|url-status=dead|access-date=Ngày 12 tháng 10 năm 2019}}</ref>
",
before-66b2e551-e8af-4c1b-aa8d-1634ff03f566,before,inf:66b2e551-e8af-4c1b-aa8d-1634ff03f566,tỉnh Vĩnh Phúc,found,4172,75593497,2026-09-27T13:30:35Z,Vĩnh Phúc (tỉnh),https://vi.wikipedia.org/w/index.php?oldid=75593497,2026-09-29T15:25:23.192224Z,sources/responses/02846261400de72de4433aac4b72f6515ab77bc00e0dd83b0486cbbed184d312.json,02846261400de72de4433aac4b72f6515ab77bc00e0dd83b0486cbbed184d312,CC-BY-SA-4.0,legal_date_as_stated,227,227,"Ngày [[12 tháng 6]] năm [[2025]], [[Quốc hội Việt Nam|Quốc hội]] thông qua Nghị quyết số 202/2025/QH15 về việc sắp xếp đơn vị hành chính cấp tỉnh năm 2025, theo đó tỉnh Vĩnh Phúc sáp nhập vào tỉnh [[Phú Thọ]] (nghị quyết có hiệu lực từ ngày [[1 tháng 7]] năm [[2025]]).<ref name=""202/2025/QH15"">{{Chú thích web |ngày=2025-06-12 |tựa đề=Nghị quyết số 202/2025/QH15 về việc sắp xếp đơn vị hành chính cấp tỉnh |url=https://quochoi.vn/tintuc/Pages/tin-hoat-dong-cua-quoc-hoi.aspx?ItemID=94532 |url-status=live |url lưu trữ=https://web.archive.org/web/20250612150244/https://quochoi.vn/tintuc/Pages/tin-hoat-dong-cua-quoc-hoi.aspx?ItemID=94532 |ngày lưu trữ=2025-06-12 |ngày truy cập=2025-06-12 |website=Cổng thông tin điện tử Quốc hội Việt Nam}}</ref><ref name="":NQSN2025"">{{Chú thích web |date=16 tháng 6 năm 2025 |title=TOÀN VĂN: Nghị quyết số 202/2025/QH15 về sắp xếp đơn vị hành chính cấp tỉnh |url=https://xaydungchinhsach.chinhphu.vn/toan-van-nghi-quyet-so-202-2025-qh15-ve-sap-xep-don-vi-hanh-chinh-cap-tinh-119250612174148722.htm |url-status=live |archive-url=https://web.archive.org/web/20250630073035/https://xaydungchinhsach.chinhphu.vn/toan-van-nghi-quyet-so-202-2025-qh15-ve-sap-xep-don-vi-hanh-chinh-cap-tinh-119250612174148722.htm |archive-date=2025-06-30 |access-date=2025-06-30 |publisher=Báo Điện tử Chính phủ}}</ref> Kể từ đó, tỉnh Vĩnh Phúc không còn tồn tại.",
before-8ebca2ae-5502-4e32-839c-7bd9f50e5d83,before,inf:8ebca2ae-5502-4e32-839c-7bd9f50e5d83,tỉnh Hòa Bình,found,9249,73577368,2025-06-10T04:17:29Z,Hòa Bình (tỉnh),https://vi.wikipedia.org/w/index.php?oldid=73577368,2026-09-29T15:25:27.423673Z,sources/responses/3be98666e6657d6cda2f81530ee6be6b2c86e0d6962d6b95800c2bf1e1be7311.json,3be98666e6657d6cda2f81530ee6be6b2c86e0d6962d6b95800c2bf1e1be7311,CC-BY-SA-4.0,name_type,45,45,"'''Hòa Bình''' là một [[tỉnh]] miền núi thuộc vùng [[Tây Bắc Bộ]], [[Việt Nam]].<ref name=Ms@124 >[https://thukyluat.vn/vb/quyet-dinh-124-2004-qd-ttg-bang-danh-muc-ma-so-don-vi-hanh-chinh-viet-nam-cc68.html Quyết định số 124/2004/QĐ-TTg của Chính phủ ngày 08/07/2004] ban hành Danh mục và mã số các đơn vị hành chính Việt Nam có đến 30/6/2004. Thuky Luat Online, 2016. Truy cập 11/04/2019.</ref><ref name =BandoHc >Tập bản đồ hành chính Việt Nam. Nhà xuất bản Tài nguyên – Môi trường và Bản đồ Việt Nam. Hà Nội, 2013</ref> Tỉnh Hòa Bình có diện tích lớn thứ 29 trong 63 [[Tỉnh thành Việt Nam|tỉnh thành của Việt Nam]] và là đơn vị hành chính [[Việt Nam]] đông thứ 49 về số dân (năm 2018) phần lớn là người Mường.",
before-8ebca2ae-5502-4e32-839c-7bd9f50e5d83,before,inf:8ebca2ae-5502-4e32-839c-7bd9f50e5d83,tỉnh Hòa Bình,found,9249,75583465,2026-09-24T03:45:31Z,Hòa Bình (tỉnh),https://vi.wikipedia.org/w/index.php?oldid=75583465,2026-09-29T15:25:26.417782Z,sources/responses/6d47e1c0081fd124e2e8b608756e672c91f2cb7b70a4c86b39d7bd9e74362c78.json,6d47e1c0081fd124e2e8b608756e672c91f2cb7b70a4c86b39d7bd9e74362c78,CC-BY-SA-4.0,reorganization,47,52,"'''Hòa Bình''' là một [[Tỉnh (Việt Nam)|tỉnh]] miền núi cũ thuộc vùng [[Tây Bắc Bộ]], [[Bắc Bộ|miền Bắc]] [[Việt Nam]]. Tỉnh tồn tại trong hai giai đoạn: Từ ngày [[22 tháng 6]] năm [[1886]] đến ngày [[27 tháng 12]] năm [[1975]] và từ ngày [[12 tháng 8]] năm [[1991]] đến ngày [[1 tháng 7]] năm [[2025]]. Địa phận của tỉnh hiện nay tương ứng với phần phía nam của tỉnh [[Phú Thọ]].

Ngày [[12 tháng 6]] năm 2025, [[Quốc hội Việt Nam|Quốc hội]] thông qua Nghị quyết số 202/2025/QH15 về việc sắp xếp đơn vị hành chính cấp tỉnh năm  2025, theo đó tỉnh được giải thể cùng với tỉnh [[Vĩnh Phúc (tỉnh)|Vĩnh Phúc]] để sáp nhập vào tỉnh [[Phú Thọ]].<ref name="":NQSN2025"">{{Chú thích web |date=16 tháng 6 năm 2025 |title=TOÀN VĂN: Nghị quyết số 202/2025/QH15 về sắp xếp đơn vị hành chính cấp tỉnh|url=https://xaydungchinhsach.chinhphu.vn/toan-van-nghi-quyet-so-202-2025-qh15-ve-sap-xep-don-vi-hanh-chinh-cap-tinh-119250612174148722.htm |publisher=Báo Điện tử Chính phủ | access-date = 2025-06-30 | archive-date = 2025-06-30 | archive-url = https://web.archive.org/web/20250630073035/https://xaydungchinhsach.chinhphu.vn/toan-van-nghi-quyet-so-202-2025-qh15-ve-sap-xep-don-vi-hanh-chinh-cap-tinh-119250612174148722.htm TOÀN VĂN: Nghị quyết số 202/2025/QH15 về sắp xếp đơn vị hành chính cấp tỉnh |url-status=live }}</ref><ref name=202/2025/QH15>{{Chú thích web|url=https://quochoi.vn/tintuc/Pages/tin-hoat-dong-cua-quoc-hoi.aspx?ItemID=94532|tựa đề= Nghị quyết số 202/2025/QH15 về việc sắp xếp đơn vị hành chính cấp tỉnh |ngày= 2025-06-12 |website= Cổng thông tin điện tử Quốc hội Việt Nam |url lưu trữ=https://web.archive.org/web/20250612150244/https://quochoi.vn/tintuc/Pages/tin-hoat-dong-cua-quoc-hoi.aspx?ItemID=94532|ngày lưu trữ= 2025-06-12 |ngày truy cập= 2025-06-12 |url-status=live}}</ref>

Năm 2018, [[Danh sách đơn vị hành chính Việt Nam theo GRDP|xếp thứ 47]] về [[Tổng sản phẩm trên địa bàn (GRDP)]], [[Danh sách đơn vị hành chính Việt Nam theo GRDP bình quân đầu người|xếp thứ 30]] về [[Tổng sản phẩm trên địa bàn (GRDP)|GRDP]] bình quân đầu người, [[Danh sách đơn vị hành chính Việt Nam theo GRDP|đứng thứ 20]] về tốc độ tăng trưởng [[Tổng sản phẩm trên địa bàn (GRDP)|GRDP]]. Với 846,1 nghìn dân,<ref>{{Chú thích web|url=https://www.gso.gov.vn/default.aspx?tabid=714|title=Dân số các tỉnh Việt Nam năm 2018|last=|first=|date=|website=Tổng cục Thống kê Việt Nam|archive-url=|archive-date=|url-status=|access-date=Ngày 30 tháng 9 năm 2019}}</ref> GRDP đạt 40.867 tỉ [[Đồng (đơn vị tiền tệ)|Đồng]] (tương ứng với 1,7749 tỉ USD), GRDP bình quân đầu người đạt 48,3 triệu đồng (tương ứng với 2.098 USD), tốc độ tăng trưởng GRDP đạt 8,36%.<ref name="":024"">{{Chú thích web|url=http://www.baohoabinh.com.vn/12/125044/Thanh-tuu-kinh-te--xa-hoi-nam-2018.htm|title=Tình hình kinh tế, xã hội Hòa Bình năm 2018|last=|first=|date=|website=Báo Hòa Bình, Đảng bộ tỉnh|archive-url=https://web.archive.org/web/20210205091021/http://www.baohoabinh.com.vn/12/125044/Thanh-tuu-kinh-te--xa-hoi-nam-2018.htm|archive-date=2021-02-05|url-status=dead|access-date=Ngày 12 tháng 10 năm 2019}}</ref>
",
before-a0825807-89c5-45bb-bfc0-6059722cc206,before,inf:a0825807-89c5-45bb-bfc0-6059722cc206,tỉnh Phú Thọ,found,3970,73471339,2025-05-01T07:50:14Z,Phú Thọ,https://vi.wikipedia.org/w/index.php?oldid=73471339,2026-09-29T15:25:30.675887Z,sources/responses/69e80d2f7a86bb57976d406714772e17daabaa8b3b0dc82903c4d770da99b4d7.json,69e80d2f7a86bb57976d406714772e17daabaa8b3b0dc82903c4d770da99b4d7,CC-BY-SA-4.0,name_type,40,40,"'''Phú Thọ''' là một [[tỉnh]] thuộc vùng [[Đông Bắc Bộ]], [[Việt Nam]].<ref name=Ms@124 >[https://thukyluat.vn/vb/quyet-dinh-124-2004-qd-ttg-bang-danh-muc-ma-so-don-vi-hanh-chinh-viet-nam-cc68.html Quyết định số 124/2004/QĐ-TTg của Chính phủ ngày 08/07/2004] ban hành Danh mục và mã số các đơn vị hành chính Việt Nam có đến 30/6/2004. Thuky Luat Online, 2016. Truy cập 11/04/2019.</ref><ref name =BandoHc >Tập bản đồ hành chính Việt Nam. Nhà xuất bản Tài nguyên – Môi trường và Bản đồ Việt Nam. Hà Nội, 2013.</ref>",
before-a0825807-89c5-45bb-bfc0-6059722cc206,before,inf:a0825807-89c5-45bb-bfc0-6059722cc206,tỉnh Phú Thọ,found,3970,75590415,2026-09-26T15:01:51Z,Phú Thọ,https://vi.wikipedia.org/w/index.php?oldid=75590415,2026-09-29T15:25:29.468568Z,sources/responses/3f93d6678a1511de7bd44fb520712826accb932baa36491702c0206d6b9776c5.json,3f93d6678a1511de7bd44fb520712826accb932baa36491702c0206d6b9776c5,CC-BY-SA-4.0,reorganization,615,620,"Ngày [[9 tháng 4]] năm [[2007]], Chính phủ ra nghị định số 61 về việc thành lập huyện [[Tân Sơn (huyện)|Tân Sơn]] từ 17 xã của huyện Thanh Sơn (Mỹ Thuận, Tân Phú, Thu Ngạc, Thạch Kiệt, Thu Cúc, Lai Đồng, Đồng Sơn, Tân Sơn, Kiệt Sơn, Xuân Đài, Kim Thượng, Xuân Sơn, Minh Đài, Văn Luông, Long Cốc, Tam Thanh, Vinh Tiền). Huyện Thanh Sơn còn lại 1 thị trấn và 22 xã.<ref>[http://thuvienphapluat.vn/archive/Nghi-dinh/Nghi-dinh-61-2007-ND-CP-dieu-chinh-dia-gioi-hanh-chinh-huyen-Thanh-Son-de-thanh-lap-huyen-Tan-Son-tinh-Phu-Tho-vb18026t11.aspx Nghị định 61/2007/NĐ-CP về việc điều chỉnh địa giới hành chính huyện Thanh Sơn để thành lập huyện Tân Sơn, tỉnh Phú Thọ]</ref>

Từ đó tới trước sáp nhập lớn năm 2025, tỉnh Phú Thọ gồm thành phố Việt Trì (tỉnh lỵ), thị xã Phú Thọ và 11 huyện (Cẩm Khê, Đoan Hùng, Hạ Hòa, Lâm Thao, Phù Ninh, Tam Nông, Tân Sơn, Thanh Ba, Thanh Sơn, Thanh Thủy, Yên Lập).

=== Sáp nhập tỉnh Vĩnh Phúc và tỉnh Hòa Bình (2025 – nay) ===
Ngày [[12 tháng 6]] năm [[2025]], Quốc hội khóa XV ban hành nghị quyết số 202 về việc sắp xếp đơn vị hành chính cấp tỉnh (có hiệu lực từ ngày 12 tháng 6 năm 2025). Theo đó, sáp nhập tỉnh [[Hòa Bình (tỉnh)|Hòa Bình]] và tỉnh [[Vĩnh Phúc (tỉnh)|Vĩnh Phúc]] vào tỉnh Phú Thọ.<ref name=""202/2025/QH15"">{{Chú thích web|url=https://quochoi.vn/tintuc/Pages/tin-hoat-dong-cua-quoc-hoi.aspx?ItemID=94532|tựa đề= Nghị quyết số 202/2025/QH15 về việc sắp xếp đơn vị hành chính cấp tỉnh |ngày= 2025-06-12 |website= Cổng thông tin điện tử Quốc hội Việt Nam |url lưu trữ=https://web.archive.org/web/20250612150244/https://quochoi.vn/tintuc/Pages/tin-hoat-dong-cua-quoc-hoi.aspx?ItemID=94532|ngày lưu trữ= 2025-06-12 |ngày truy cập= 2025-06-12 |url-status=live}}</ref> Sau khi sáp nhập, tỉnh Phú Thọ có 9.361,38&nbsp;km² diện tích tự nhiên và quy mô dân số là 4.022.638 người, với 33 đơn vị hành chính cấp huyện từ 3 tỉnh gồm: 4 thành phố (Việt Trì, Vĩnh Yên, Phúc Yên, Hòa Bình), thị xã Phú Thọ và 28 huyện ([[Bình Xuyên (huyện)|Bình Xuyên]], [[Tam Đảo (huyện)|Tam Đảo]], [[Tam Dương (huyện)|Tam Dương]], [[Yên Lạc (huyện)|Yên Lạc]], [[Vĩnh Tường (huyện)|Vĩnh Tường]], [[Lập Thạch (huyện)|Lập Thạch]], [[Sông Lô (huyện Vĩnh Phúc)|Sông Lô]], Lâm Thao, Phù Ninh, Thanh Ba, Đoan Hùng, Hạ Hòa, Cẩm Khê, Yên Lập, Tam Nông, Thanh Thủy, Tân Sơn, Thanh Sơn, [[Đà Bắc (huyện)|Đà Bắc]], [[Kỳ Sơn (huyện Hòa Bình)|Kỳ Sơn]], [[Lương Sơn (huyện)|Lương Sơn]], [[Cao Phong (huyện)|Cao Phong]], [[Kim Bôi (huyện)|Kim Bôi]], [[Lạc Thủy (huyện)|Lạc Thủy]], [[Yên Thủy (huyện)|Yên Thủy]], [[Mai Châu (huyện)|Mai Châu]], [[Tân Lạc (huyện)|Tân Lạc]], [[Lạc Sơn (huyện)|Lạc Sơn]]).",
before-f7449735-fedd-4c6e-94e5-f59fb2f0866a,before,inf:f7449735-fedd-4c6e-94e5-f59fb2f0866a,tỉnh Bắc Giang,found,10885,73577778,2025-06-10T09:17:30Z,Bắc Giang (tỉnh),https://vi.wikipedia.org/w/index.php?oldid=73577778,2026-09-29T15:25:33.700503Z,sources/responses/29485c4b8141c555ff851d1f98feb52bec5aaad2d08fb29f820aab456ed1e2a3.json,29485c4b8141c555ff851d1f98feb52bec5aaad2d08fb29f820aab456ed1e2a3,CC-BY-SA-4.0,name_type,41,41,"'''Bắc Giang''' là một tỉnh trung du thuộc vùng [[Đông Bắc Bộ]], [[Việt Nam]]. Đây là tỉnh nằm trong quy hoạch [[quy hoạch vùng thủ đô Hà Nội|vùng thủ đô Hà Nội]].",
before-f7449735-fedd-4c6e-94e5-f59fb2f0866a,before,inf:f7449735-fedd-4c6e-94e5-f59fb2f0866a,tỉnh Bắc Giang,found,10885,75593850,2026-09-27T15:53:43Z,Bắc Giang (tỉnh),https://vi.wikipedia.org/w/index.php?oldid=75593850,2026-09-29T15:25:32.713083Z,sources/responses/4b878d1ab0e95ddc8982045500aa23e947cf5d36128d1c3183dc8fadcc52c7f3.json,4b878d1ab0e95ddc8982045500aa23e947cf5d36128d1c3183dc8fadcc52c7f3,CC-BY-SA-4.0,reorganization,48,53,"'''Bắc Giang''' là một [[Tỉnh (Việt Nam)|tỉnh]] cũ thuộc vùng [[Đông Bắc Bộ]], [[Việt Nam]]. Tỉnh tồn tại trong hai giai đoạn: Từ ngày [[10 tháng 10]] năm [[1895]] đến ngày [[27 tháng 10]] năm [[1962]] và từ ngày [[6 tháng 11]] năm [[1996]] đến ngày [[1 tháng 7]] năm [[2025]]. Địa phận của tỉnh hiện nay tương ứng với phần phía đông, phía tây và phía bắc của thành phố [[Bắc Ninh]].

Ngày [[12 tháng 6]] năm [[2025]], [[Quốc hội Việt Nam|Quốc hội]] thông qua Nghị quyết số 202/2025/QH15 về việc sắp xếp đơn vị hành chính cấp tỉnh năm 2025. Theo đó, từ ngày [[1 tháng 7]] năm [[2025]], sắp xếp toàn bộ diện tích tự nhiên, quy mô dân số tỉnh Bắc Giang và tỉnh Bắc Ninh thành tỉnh mới có tên gọi là [[Bắc Ninh]].<ref name=""202/2025/QH15"">{{Chú thích web|url=https://quochoi.vn/tintuc/Pages/tin-hoat-dong-cua-quoc-hoi.aspx?ItemID=94532|tựa đề= Nghị quyết số 202/2025/QH15 về việc sắp xếp đơn vị hành chính cấp tỉnh |ngày= 2025-06-12 |website= Cổng thông tin điện tử Quốc hội Việt Nam |url lưu trữ=https://web.archive.org/web/20250612150244/https://quochoi.vn/tintuc/Pages/tin-hoat-dong-cua-quoc-hoi.aspx?ItemID=94532|ngày lưu trữ= 2025-06-12 |ngày truy cập= 2025-06-12 |url-status=live}}</ref><ref name="":NQSN2025"">{{Chú thích web |date=16 tháng 6 năm 2025 |title=TOÀN VĂN: Nghị quyết số 202/2025/QH15 về sắp xếp đơn vị hành chính cấp tỉnh |url=https://xaydungchinhsach.chinhphu.vn/toan-van-nghi-quyet-so-202-2025-qh15-ve-sap-xep-don-vi-hanh-chinh-cap-tinh-119250612174148722.htm |publisher=Báo Điện tử Chính phủ |access-date=2025-06-30 |archive-date=2025-06-30 |archive-url=https://web.archive.org/web/20250630073035/https://xaydungchinhsach.chinhphu.vn/toan-van-nghi-quyet-so-202-2025-qh15-ve-sap-xep-don-vi-hanh-chinh-cap-tinh-119250612174148722.htm |url-status=live }}</ref>

Bắc Giang chiếm phần lớn diện tích của vùng [[Kinh Bắc]] xưa và có nền văn hoá phong phú, đặc trưng của [[Kinh Bắc]], là một trong những cái nôi của [[Dân ca Quan họ]] với 23 làng quan họ cổ được UNESCO công nhận. Trung tâm hành chính của tỉnh là thành phố [[Bắc Giang (thành phố)|Bắc Giang]], cách trung tâm thủ đô [[Hà Nội]] 50&nbsp;km.
",
before-4180ccfc-0109-4876-a40e-6dffca08c1eb,before,inf:4180ccfc-0109-4876-a40e-6dffca08c1eb,tỉnh Bắc Ninh,found,4669,73561752,2025-06-03T06:30:31Z,Bắc Ninh,https://vi.wikipedia.org/w/index.php?oldid=73561752,2026-09-29T15:25:37.400882Z,sources/responses/f428d88f21c9b553b34e60936a5e2b4485c3277799e6a44617fe3cac3d7864d3.json,f428d88f21c9b553b34e60936a5e2b4485c3277799e6a44617fe3cac3d7864d3,CC-BY-SA-4.0,name_type,48,48,"'''Bắc Ninh''' là một [[Tỉnh (Việt Nam)|tỉnh]] ở [[Việt Nam]]. Đây là tỉnh có diện tích nhỏ nhất cả nước, với vị trí nằm trong [[Vùng thủ đô Hà Nội]], vùng kinh tế trọng điểm Bắc Bộ, thuộc vùng [[Đồng bằng sông Hồng]]. Bắc Ninh là trung tâm của xứ Kinh Bắc xưa, với 44 làng quan họ cổ, là cái nôi của [[Dân ca Quan họ]] được công nhận là di sản văn hóa phi vật thể đại diện của nhân loại sau [[nhã nhạc cung đình Huế]], [[không gian văn hóa cồng chiêng Tây Nguyên]] và cùng đợt với [[ca trù]]. Tỉnh cũng nằm trong [[Vùng kinh tế trọng điểm Bắc bộ]], [[Việt Nam]].",
before-4180ccfc-0109-4876-a40e-6dffca08c1eb,before,inf:4180ccfc-0109-4876-a40e-6dffca08c1eb,tỉnh Bắc Ninh,found,4669,75598300,2026-09-29T09:04:26Z,Bắc Ninh,https://vi.wikipedia.org/w/index.php?oldid=75598300,2026-09-29T15:25:36.262163Z,sources/responses/db382492d692925c1fecf43fce7094aa13d25667289f3653e31b9831ffaa6556.json,db382492d692925c1fecf43fce7094aa13d25667289f3653e31b9831ffaa6556,CC-BY-SA-4.0,reorganization,257,262,"Ngày 6 tháng 11 năm 1996, Quốc hội ban hành Nghị quyết<ref>{{Chú thích web|url=https://hethongphapluat.com/nghi-quyet-ve-viec-chia-va-dieu-chinh-dia-gioi-hanh-chinh-mot-so-tinh-do-quoc-hoi-ban-hanh.html|tựa đề= Nghị quyết về việc chia và điều chỉnh địa giới hành chính một số tỉnh |tác giả=|ngày= 1996-11-06 |website= Hệ thống pháp luật |url lưu trữ=|ngày lưu trữ=|ngày truy cập=|url-status=live}}</ref> về việc chia tỉnh [[Hà Bắc (tỉnh Việt Nam)|Hà Bắc]] thành tỉnh [[Bắc Giang (tỉnh)|Bắc Giang]] và tỉnh Bắc Ninh. Tỉnh Bắc Giang lúc này có 10 đơn vị hành chính gồm thị xã Bắc Giang (tỉnh lỵ) và 9 huyện: Hiệp Hòa, Lạng Giang, Lục Nam, Lục Ngạn, Sơn Động, Tân Yên, Việt Yên, Yên Dũng, Yên Thế. Tỉnh Bắc Ninh sau khi tách có 6 đơn vị hành chính gồm thị xã Bắc Ninh (tỉnh lỵ) và 5 huyện Gia Lương, Quế Võ, Thuận Thành, Tiên Sơn, Yên Phong.<ref>{{Chú thích web |url=http://www.vietlaw.gov.vn/LAWNET/docView.do?docid=4265&type=html&searchType=fulltextsearch&searchText= |title=Nghị quyết của Quốc hội khóa IX kì họp thứ 10 |access-date=2013-08-03 |archive-date=2013-12-08 |archive-url=https://web.archive.org/web/20131208182038/http://www.vietlaw.gov.vn/LAWNET/docView.do?docid=4265&type=html&searchType=fulltextsearch&searchText= |url-status=dead }}</ref> Ngày 9 tháng 8 năm 1999, huyện Tiên Sơn được chia lại thành hai huyện Tiên Du và Từ Sơn; huyện Gia Lương được chia thành hai huyện [[Gia Bình (huyện)|Gia Bình]] và [[Lương Tài (huyện)|Lương Tài]]. Ngày 7 tháng 6 năm 2005, chuyển thị xã Bắc Giang thành thành phố Bắc Giang. Ngày 25 tháng 1 năm 2006, chuyển thị xã Bắc Ninh thành thành phố Bắc Ninh. Ngày 24 tháng 9 năm 2008, chuyển huyện Từ Sơn thành thị xã Từ Sơn.

Ngày 25 tháng 6 năm 2014, thành phố Bắc Ninh được công nhận là [[Đô thị Việt Nam|đô thị loại II]]<ref>[http://www.chinhphu.vn/portal/page/portal/chinhphu/hethongvanban?class_id=2&_page=1&mode=detail&document_id=174593 Quyết định số 1044/QĐ-TTg của Thủ tướng Chính phủ: Về việc công nhận thành phố Bắc Ninh là đô thị loại II thuộc tỉnh Bắc Ninh]</ref> và đến ngày 25 tháng 12 năm 2017 được công nhận là [[Đô thị loại I (Việt Nam)|đô thị loại I]] trực thuộc tỉnh Bắc Ninh.<ref>{{Chú thích web |tác giả= |họ= |tên= |ngày= |title=Quyết định 2088/QĐ-TTg năm 2017 về việc công nhận thành phố Bắc Ninh là đô thị loại I trực thuộc tỉnh Bắc Ninh |url=https://thuvienphapluat.vn/van-ban/Xay-dung-Do-thi/Quyet-dinh-2088-QD-TTg-2017-cong-nhan-thanh-pho-Bac-Ninh-do-thi-loai-I-truc-thuoc-tinh-Bac-Ninh-370645.aspx |url lưu trữ= |ngày lưu trữ= |ngày truy cập= |website=}}</ref> Ngày 3 tháng 12 năm 2014, thành phố Bắc Giang được công nhận là đô thị loại II.<ref name=""2168/QĐ-TTg"">{{Chú thích web|url=https://datafiles.chinhphu.vn/cpp/files/vbpq/2014/12/2168.signed.pdf|tựa đề= Quyết định số 2168/QĐ-TTg công nhận thành phố Bắc Giang là đô thị loại II trực thuộc tỉnh Bắc Giang |tác giả=|ngày= 2024-07-31 |website= Cổng thông tin điện tử Chính phủ |url lưu trữ=https://web.archive.org/web/20240731105606/https://datafiles.chinhphu.vn/cpp/files/vbpq/2014/12/2168.signed.pdf|ngày lưu trữ= 2024-07-31 |ngày truy cập= 2024-07-31 |url-status=dead}}</ref> Ngày 1 tháng 12 năm 2018, thị xã Từ Sơn được công nhận là [[Đô thị loại III (Việt Nam)|đô thị loại III]]. Ngày 1 tháng 11 năm 2021, chuyển thị xã Từ Sơn thành thành phố Từ Sơn.<ref name=""NQ387"">{{Chú thích web |tựa đề=Nghị quyết số 387/NQ-UBTVQH15 năm 2021 về việc thành lập thành phố Từ Sơn thuộc tỉnh Bắc Ninh |url=https://thuvienphapluat.vn/van-ban/Bo-may-hanh-chinh/Nghi-quyet-387-NQ-UBTVQH15-thanh-lap-Toa-an-nhan-dan-thanh-pho-Tu-Son-thuoc-tinh-Bac-Ninh-490766.aspx |url-status=live}}</ref> Ngày 10 tháng 4 năm 2023, chuyển hai huyện Thuận Thành và Quế Võ thành hai thị xã có tên tương ứng.<ref name=""NQ723"">{{Chú thích web |tựa đề=Nghị quyết số 723/NQ-UBTVQH15 năm 2023 về việc thành lập thị xã Thuận Thành và các phường thuộc thị xã Thuận Thành, thị xã Quế Võ và các phường thuộc thị xã Quế Võ, tỉnh Bắc Ninh |url=https://thuvienphapluat.vn/van-ban/Bo-may-hanh-chinh/Nghi-quyet-723-NQ-UBTVQH15-2023-thanh-lap-thi-xa-Thuan-Thanh-va-phuong-thuoc-thi-xa-Bac-Ninh-556500.aspx |url-status=live}}</ref> Ngày 1 tháng 2 năm 2024, thành lập thị xã [[Việt Yên (thị xã)|Việt Yên]] trên cơ sở toàn bộ diện tích và dân số huyện Việt Yên.<ref>[https://daibieunhandan.vn/thoi-su-quoc-hoi/nghi-quyet-ve-viec-thanh-lap-thi-xa-viet-yen-va-cac-phuong-thuoc-thi-xa-viet-yen-tinh-bac-giang-i354573/ NGHỊ QUYẾT Về việc thành lập thị xã Việt Yên và các phường thuộc thị xã Việt Yên, tỉnh Bắc Giang]</ref> Ngày 1 tháng 1 năm 2025, thành lập thị xã [[Chũ (thị xã)|Chũ]] trên cơ sở tách thị trấn Chũ và 9 xã: Hồng Giang, Thanh Hải (sau điều chỉnh địa giới hành chính), Kiên Thành, Kiên Lao, Trù Hựu, Quý Sơn, Phượng Sơn, Mỹ An, Nam Dương của huyện [[Lục Ngạn (huyện)|Lục Ngạn]]. Huyện [[Yên Dũng (huyện)|Yên Dũng]] sáp nhập vào thành phố [[Bắc Giang (thành phố)|Bắc Giang]].

Ngày 12 tháng 6 năm 2025, Quốc hội ban hành Nghị quyết số 202/2025/QH15<ref name=""202/2025/QH15"">{{Chú thích web |ngày=2025-06-12 |tựa đề=Nghị quyết số 202/2025/QH15 về việc sắp xếp đơn vị hành chính cấp tỉnh |url=https://quochoi.vn/tintuc/Pages/tin-hoat-dong-cua-quoc-hoi.aspx?ItemID=94532 |url-status=live |url lưu trữ=https://web.archive.org/web/20250612150244/https://quochoi.vn/tintuc/Pages/tin-hoat-dong-cua-quoc-hoi.aspx?ItemID=94532 |ngày lưu trữ=2025-06-12 |ngày truy cập=2025-06-12 |website=Cổng thông tin điện tử Quốc hội Việt Nam}}</ref> về việc sắp xếp đơn vị hành chính cấp tỉnh (nghị quyết có hiệu lực ngày thông qua và chính thức đi vào hoạt động từ ngày 1 tháng 7 năm 2025). Theo đó, hợp nhất tỉnh Bắc Giang và tỉnh Bắc Ninh cũ thành một đơn vị hành chính mới với tên gọi tỉnh Bắc Ninh. Sau khi hợp nhất, tỉnh Bắc Ninh mới có 4.718,60&nbsp;km² diện tích tự nhiên và quy mô dân số là 3.619.433 người. Ngày 16 tháng 6 năm 2025, theo nghị quyết sửa đổi Hiến pháp năm 2013, toàn bộ các đơn vị hành chính cấp huyện tại tỉnh Bắc Ninh được giải thể. Cùng ngày, Ủy ban Thường vụ Quốc hội ban hành Nghị quyết số 1658/NQ-UBTVQH15 về việc sắp xếp đơn vị hành chính cấp xã (nghị quyết có hiệu lực từ ngày 16 tháng 6 năm 2025). Theo đó, tỉnh Bắc Ninh được chia thành 99 đơn vị hành chính cấp xã, bao gồm 33 phường và 66 xã.<ref>{{Chú thích web|url=https://quochoi.vn/tintuc/Pages/tin-hoat-dong-cua-quoc-hoi.aspx?ItemID=94585|tựa đề= Nghị quyết số 203/2025/QH15 về việc Sửa đổi, bổ sung một số điều của Hiến pháp nước Cộng hòa xã hội chủ nghĩa Việt Nam |ngày= 2025-06-16 |website= Cổng thông tin điện tử Quốc hội Việt Nam |url lưu trữ=https://web.archive.org/web/20250616150846/https://quochoi.vn/tintuc/Pages/tin-hoat-dong-cua-quoc-hoi.aspx?ItemID=94585|ngày lưu trữ= 2025-06-16 |ngày truy cập= 2025-06-16 |url-status= dead }}</ref><ref name=""1658/NQ-UBTVQH15"">{{Chú thích web|url=https://quochoi.vn/tintuc/Pages/tin-hoat-dong-cua-quoc-hoi.aspx?ItemID=94598|tựa đề= Nghị quyết số 1658/NQ-UBTVQH15 về việc sắp xếp các đơn vị hành chính cấp xã của tỉnh Bắc Ninh năm 2025 |ngày= 2025-06-16 |website= Cổng thông tin điện tử Quốc hội Việt Nam |url lưu trữ=https://web.archive.org/web/20250616150846/https://quochoi.vn/tintuc/Pages/tin-hoat-dong-cua-quoc-hoi.aspx?ItemID=94598|ngày lưu trữ= 2025-06-16 |ngày truy cập= 2025-06-16 |url-status= dead }}</ref>
",
before-f0e93617-5e31-42f8-b849-a2a65802cb5f,before,inf:f0e93617-5e31-42f8-b849-a2a65802cb5f,tỉnh Thái Bình,found,4755,73564844,2025-06-05T05:58:12Z,Thái Bình (tỉnh),https://vi.wikipedia.org/w/index.php?oldid=73564844,2026-09-29T15:25:40.592446Z,sources/responses/7282f33e639abcabfb50254ddbfb285217a58112368bb335565a2ccce1e2aa77.json,7282f33e639abcabfb50254ddbfb285217a58112368bb335565a2ccce1e2aa77,CC-BY-SA-4.0,name_type,38,38,"'''Thái Bình''' là một [[tỉnh (Việt Nam)|tỉnh]] [[vùng duyên hải Bắc Bộ|ven biển]] ở [[đồng bằng sông Hồng]]. Theo quy hoạch phát triển kinh tế, Thái Bình thuộc [[vùng duyên hải Bắc Bộ]] <ref name=Ms@124 >[https://thukyluat.vn/vb/quyet-dinh-124-2004-qd-ttg-bang-danh-muc-ma-so-don-vi-hanh-chinh-viet-nam-cc68.html Quyết định số 124/2004/QĐ-TTg của Chính phủ ngày 08/07/2004] ban hành Danh mục và mã số các đơn vị hành chính Việt Nam có đến 30/6/2004. Thuky Luat Online, 2016. Truy cập 11/04/2019.</ref><ref name =BandoHc >Tập bản đồ hành chính Việt Nam. Nhà xuất bản Tài nguyên – Môi trường và Bản đồ Việt Nam. Hà Nội, 2013.</ref><ref name =ThaiBinh-tt04 >[https://thuvienphapluat.vn/van-ban/Bat-dong-san/Thong-tu-04-2019-TT-BTNMT-Danh-muc-dia-danh-dan-cu-son-van-thanh-lap-ban-do-Thai-Binh-415712.aspx Thông tư 04/2019/TT-BTNMT ngày 30/05/2019] của Bộ Tài nguyên và Môi trường Ban hành Danh mục địa danh dân cư... phục vụ lập bản đồ tỉnh Thái Bình. Thuvien Phapluat Online, 2019. Truy cập 22/07/2019.</ref>.",
before-f0e93617-5e31-42f8-b849-a2a65802cb5f,before,inf:f0e93617-5e31-42f8-b849-a2a65802cb5f,tỉnh Thái Bình,found,4755,75583552,2026-09-24T04:07:36Z,Thái Bình (tỉnh),https://vi.wikipedia.org/w/index.php?oldid=75583552,2026-09-29T15:25:39.505279Z,sources/responses/77f0bf7245d83377a62f6861963c0dca1c5c9804987de67a36e47a5f5993a054.json,77f0bf7245d83377a62f6861963c0dca1c5c9804987de67a36e47a5f5993a054,CC-BY-SA-4.0,reorganization,193,198,"Ngày [[12 tháng 12]] năm [[2013]], Thủ tướng Chính phủ ban hành Quyết định 2418/QĐ-TTg công nhận thành phố Thái Bình là đô thị loại II.<ref>{{Chú thích web|url=https://thuvienphapluat.vn/van-ban/Xay-dung-Do-thi/Quyet-dinh-2418-QD-TTg-nam-2013-cong-nhan-thanh-pho-Thai-Binh-do-thi-loai-II-215995.aspx|tựa đề=Quyết định 2418/QĐ-TTg năm 2013 về việc công nhận thành phố Thái Bình là đô thị loại II trực thuộc tỉnh Thái Bình do Thủ tướng Chính phủ ban hành}}</ref>

Ngày [[12 tháng 6]] năm [[2025]], Quốc hội ban hành Nghị quyết số 202/2025/QH15<ref name=""202/2025/QH15"">{{Chú thích web|url=https://quochoi.vn/tintuc/Pages/tin-hoat-dong-cua-quoc-hoi.aspx?ItemID=94532|tựa đề= Nghị quyết số 202/2025/QH15 về việc sắp xếp đơn vị hành chính cấp tỉnh |ngày= 2025-06-12 |website= Cổng thông tin điện tử Quốc hội Việt Nam |url lưu trữ=https://web.archive.org/web/20250612150244/https://quochoi.vn/tintuc/Pages/tin-hoat-dong-cua-quoc-hoi.aspx?ItemID=94532|ngày lưu trữ= 2025-06-12 |ngày truy cập= 2025-06-12 |url-status=live}}</ref> về việc sắp xếp đơn vị hành chính cấp tỉnh (nghị quyết có hiệu lực ngày thông qua). Theo đó, sáp nhập tỉnh Thái Bình vào tỉnh [[Hưng Yên]].

== Dân số ==
{{Lịch sử dân số",
before-210f2492-7de4-4501-9f50-b3dc57735fe4,before,inf:210f2492-7de4-4501-9f50-b3dc57735fe4,tỉnh Hưng Yên,found,4666,73542650,2025-05-27T12:09:38Z,Hưng Yên,https://vi.wikipedia.org/w/index.php?oldid=73542650,2026-09-29T15:25:43.426466Z,sources/responses/17d3a02b2ebfdb1e798517145d37919b43280ff006293e725949df462c14af0b.json,17d3a02b2ebfdb1e798517145d37919b43280ff006293e725949df462c14af0b,CC-BY-SA-4.0,name_type,42,42,"'''Hưng Yên''' là [[Tỉnh (Việt Nam)|tỉnh]] nằm ở trung tâm [[đồng bằng sông Hồng]], [[Việt Nam]].",
before-210f2492-7de4-4501-9f50-b3dc57735fe4,before,inf:210f2492-7de4-4501-9f50-b3dc57735fe4,tỉnh Hưng Yên,found,4666,75597544,2026-09-29T03:15:51Z,Hưng Yên,https://vi.wikipedia.org/w/index.php?oldid=75597544,2026-09-29T15:25:42.681013Z,sources/responses/f48a0bc8df5a545cc5e8512b30570a45593a41a0aa7530744e9bf2e8898c1858.json,f48a0bc8df5a545cc5e8512b30570a45593a41a0aa7530744e9bf2e8898c1858,CC-BY-SA-4.0,reorganization,695,700,"Ngày 1 tháng 5 năm 2019, chuyển huyện Mỹ Hào thành thị xã [[Mỹ Hào (thị xã)|Mỹ Hào]].<ref name=""NQ656"">{{Chú thích web|url=https://hethongphapluat.com/nghi-quyet-656-nq-ubtvqh14-nam-2019-ve-thanh-lap-thi-xa-my-hao-thuoc-tinh-hung-yen-va-07-phuong-thuoc-thi-xa-my-hao-do-uy-ban-thuong-vu-quoc-hoi-ban-hanh.html|title=Nghị quyết 656/NQ-UBTVQH14 của Ủy ban Thường vụ Quốc hội về việc thành lập thị xã Mỹ Hào thuộc tỉnh Hưng Yên và 07 phường thuộc Mỹ Hào|last=|first=|date=|website=|archive-url=|archive-date=|url-status=|access-date=}}</ref> Từ đó, tỉnh Hưng Yên có 1 thành phố Hưng Yên (tỉnh lị), 1 thị xã Mỹ Hào và 8 huyện: Ân Thi, Khoái Châu, Kim Động, Phù Cừ, Tiên Lữ, Văn Giang, Văn Lâm, Yên Mỹ.

Ngày 12 tháng 6 năm 2025, [[Quốc hội Việt Nam|Quốc hội]] ban hành Nghị quyết số 202/2025/QH15 về việc sắp xếp đơn vị hành chính cấp tỉnh (nghị quyết có hiệu lực từ ngày 12 tháng 6 năm 2025). Theo đó, sáp nhập tỉnh [[Thái Bình (tỉnh)|Thái Bình]] vào tỉnh Hưng Yên, trung tâm hành chính đặt tại tỉnh Hưng Yên cũ.<ref name=""202/2025/QH15"">{{Chú thích web |ngày=2025-06-12 |tựa đề=Nghị quyết số 202/2025/QH15 về việc sắp xếp đơn vị hành chính cấp tỉnh |url=https://quochoi.vn/tintuc/Pages/tin-hoat-dong-cua-quoc-hoi.aspx?ItemID=94532 |url-status=live |url lưu trữ=https://web.archive.org/web/20250612150244/https://quochoi.vn/tintuc/Pages/tin-hoat-dong-cua-quoc-hoi.aspx?ItemID=94532 |ngày lưu trữ=2025-06-12 |ngày truy cập=2025-06-12 |website=Cổng Thông tin điện tử Quốc hội Việt Nam}}</ref>

Ngày 16 tháng 6 năm 2025, theo nghị quyết sửa đổi Hiến pháp năm 2013, toàn bộ các đơn vị hành chính cấp huyện tại tỉnh Hưng Yên được giải thể. Cùng ngày, theo nghị quyết sắp xếp đơn vị hành chính cấp xã, tỉnh Hưng Yên có 104 đơn vị hành chính cấp xã, gồm 11 phường và 93 xã.<ref>{{Chú thích web|url=https://quochoi.vn/tintuc/Pages/tin-hoat-dong-cua-quoc-hoi.aspx?ItemID=94585|tựa đề= Nghị quyết số 203/2025/QH15 về việc Sửa đổi, bổ sung một số điều của Hiến pháp nước Cộng hòa xã hội chủ nghĩa Việt Nam |ngày= 2025-06-16 |website= Cổng thông tin điện tử Quốc hội Việt Nam |url lưu trữ=https://web.archive.org/web/20250616150846/https://quochoi.vn/tintuc/Pages/tin-hoat-dong-cua-quoc-hoi.aspx?ItemID=94585|ngày lưu trữ= 2025-06-16 |ngày truy cập= 2025-06-16 |url-status= dead }}</ref><ref name=""1666/NQ-UBTVQH15"">{{Chú thích web|url=https://quochoi.vn/tintuc/Pages/tin-hoat-dong-cua-quoc-hoi.aspx?ItemID=94600|tựa đề= Nghị quyết số 1666/NQ-UBTVQH15 về việc sắp xếp các đơn vị hành chính cấp xã của tỉnh Hưng Yên năm 2025 |ngày= 2025-06-16 |website= Cổng thông tin điện tử Quốc hội Việt Nam |url lưu trữ=https://web.archive.org/web/20250616150846/https://quochoi.vn/tintuc/Pages/tin-hoat-dong-cua-quoc-hoi.aspx?ItemID=94600|ngày lưu trữ= 2025-06-16 |ngày truy cập= 2025-06-16 |url-status= dead }}</ref>
",
before-99a27e9e-b6cd-42c6-a366-3940454fe014,before,inf:99a27e9e-b6cd-42c6-a366-3940454fe014,thành phố Hải Phòng,found,362339,73542147,2025-05-27T06:19:43Z,Hải Phòng,https://vi.wikipedia.org/w/index.php?oldid=73542147,2026-09-29T15:25:47.250960Z,sources/responses/5d8e5d638a484eb2f00aafad73e3d5c210c7b70aa1f2ac21250206c9f2669db2.json,5d8e5d638a484eb2f00aafad73e3d5c210c7b70aa1f2ac21250206c9f2669db2,CC-BY-SA-4.0,name_type,72,72,"'''Hải Phòng''' là một trong sáu [[thành phố trực thuộc trung ương]] của [[Việt Nam]]. Đây là thành phố lớn thứ 3 [[Việt Nam]] và là một [[thành phố]] [[Cảng Hải Phòng|cảng quan trọng]], trung tâm công nghiệp, cảng biển, đồng thời cũng là trung tâm kinh tế, văn hóa, y tế, giáo dục, khoa học, thương mại và công nghệ thuộc [[Vùng duyên hải Bắc Bộ]] của [[Việt Nam]]. Hải Phòng hiện là [[Đô thị loại I (Việt Nam)|đô thị loại I]], là thành phố trung tâm cấp vùng và cấp quốc gia. Trong quá khứ, Hải Phòng cũng là nơi có [[điện]] đầu tiên ở [[Việt Nam]] và [[Đông Dương]].",
before-99a27e9e-b6cd-42c6-a366-3940454fe014,before,inf:99a27e9e-b6cd-42c6-a366-3940454fe014,thành phố Hải Phòng,found,362339,75597922,2026-09-29T06:47:40Z,Hải Phòng,https://vi.wikipedia.org/w/index.php?oldid=75597922,2026-09-29T15:25:45.949357Z,sources/responses/3d4d7e3010445a4a2ba2837348ba22d43b8a0b5b18fb230fb21ead0df91658b3.json,3d4d7e3010445a4a2ba2837348ba22d43b8a0b5b18fb230fb21ead0df91658b3,CC-BY-SA-4.0,reorganization,128,133,"=== Tài nguyên ===

Hải Phòng có nguồn tài nguyên tự nhiên đa dạng, bao gồm tài nguyên đất, nước, rừng, biển và khoáng sản. Sau khi hợp nhất với tỉnh [[Hải Dương (tỉnh)|Hải Dương]] năm 2025, thành phố có tổng diện tích tự nhiên 3.194,72&nbsp;km².<ref>{{Chú thích web |url=https://xaydungchinhsach.chinhphu.vn/nghi-quyet-so-202-2025-qh15-sap-xep-don-vi-hanh-chinh-cap-tinh-119250612174645103.htm |title=Nghị quyết số 202/2025/QH15 về việc sắp xếp đơn vị hành chính cấp tỉnh |website=Xây dựng chính sách, pháp luật - Cổng Thông tin điện tử Chính phủ |access-date=5 tháng 8 năm 2026}}</ref>

* '''Tài nguyên đất:''' Đất đai của Hải Phòng gồm các nhóm đất đồng bằng, đất phù sa, đất mặn ven biển và đất vùng đồi núi. Khu vực đồng bằng chiếm phần lớn diện tích, được hình thành và bồi đắp bởi hệ thống [[sông Thái Bình]] cùng các phụ lưu. Các khu vực đồi núi tập trung chủ yếu ở phía bắc và đông bắc thành phố.
* '''Tài nguyên rừng và đa dạng sinh học:''' Hải Phòng có tài nguyên rừng tập trung tại một số khu vực đồi núi và hải đảo. [[Vườn quốc gia Cát Bà]] có hệ sinh thái rừng trên núi đá vôi, rừng ngập mặn và hệ sinh thái biển với mức độ đa dạng sinh học cao. [[Quần đảo Cát Bà]] được UNESCO công nhận là khu dự trữ sinh quyển thế giới vào năm 2004.<ref name=""unesco.org""/> Khu vực phía tây và tây bắc thành phố còn có các vùng rừng thuộc [[Chí Linh]], trong đó có những khu vực gắn với hệ sinh thái rừng và cảnh quan của dãy núi Đông Triều.",
before-92302357-30b6-4f7e-8f3e-9447c03ca4a8,before,inf:92302357-30b6-4f7e-8f3e-9447c03ca4a8,tỉnh Hải Dương,found,2171,73542781,2025-05-27T13:55:27Z,Hải Dương (tỉnh),https://vi.wikipedia.org/w/index.php?oldid=73542781,2026-09-29T15:25:52.675834Z,sources/responses/d71af14408353038b1e584fa47a539dbc3cb777f7119b8cba0cf95e503c0d28d.json,d71af14408353038b1e584fa47a539dbc3cb777f7119b8cba0cf95e503c0d28d,CC-BY-SA-4.0,name_type,53,53,"'''Hải Dương''' là một tỉnh thuộc vùng [[Đồng bằng sông Hồng]], [[Việt Nam]] <ref name =Ms@124 >[https://thukyluat.vn/vb/quyet-dinh-124-2004-qd-ttg-bang-danh-muc-ma-so-don-vi-hanh-chinh-viet-nam-cc68.html Quyết định số 124/2004/QĐ-TTg của Chính phủ ngày 08/07/2004] ban hành Danh mục và mã số các đơn vị hành chính Việt Nam có đến 30/6/2004. Thuky Luat Online, 2016. Truy cập 11/04/2019.</ref><ref name =BandoHc >Tập bản đồ hành chính Việt Nam. Nhà xuất bản Tài nguyên – Môi trường và Bản đồ Việt Nam. Hà Nội, 2013.</ref>.",
before-92302357-30b6-4f7e-8f3e-9447c03ca4a8,before,inf:92302357-30b6-4f7e-8f3e-9447c03ca4a8,tỉnh Hải Dương,found,2171,75586396,2026-09-25T05:55:01Z,Hải Dương (tỉnh),https://vi.wikipedia.org/w/index.php?oldid=75586396,2026-09-29T15:25:51.332197Z,sources/responses/cd52f823016221fbe8ae8e3188126c5dedc056c0d5675791badcc8b96d7cb256.json,cd52f823016221fbe8ae8e3188126c5dedc056c0d5675791badcc8b96d7cb256,CC-BY-SA-4.0,reorganization,47,52,"'''Hải Dương''' là một [[Tỉnh (Việt Nam)|tỉnh]] cũ thuộc vùng [[Đồng bằng sông Hồng]] thuộc khu vực [[Bắc Bộ]] [[Việt Nam]], Tỉnh tồn tại trong hai giai đoạn: Từ năm [[1831]] đến năm [[1968]] và từ ngày [[6 tháng 11]] năm [[1996]] đến ngày [[12 tháng 6]] năm [[2025]] (nay tương ứng với phần phía tây và phía bắc của thành phố [[Hải Phòng]]).

Tỉnh Hải Dương chính thức bị giải thể vào ngày 12 tháng 6 năm 2025 sau khi Quốc hội khóa XV thông qua Nghị quyết số 202/2025/QH15 về việc sắp xếp đơn vị hành chính cấp tỉnh. Theo đó, toàn bộ diện tích tự nhiên và dân số của tỉnh Hải Dương được sáp nhập vào thành phố Hải Phòng.<ref name=""nq202""/> Trước khi giải thể, Hải Dương là đơn vị hành chính đông dân thứ 8 cả nước với 2.196.095 người.<ref name=""de_an_2025""/> Năm 2024, quy mô kinh tế của tỉnh đạt 212.386 tỉ đồng, đứng thứ 11 cả nước và GRDP bình quân đầu người đạt 107,4 triệu đồng, tương đương 4.456 USD.<ref name=""laodong.vn"">{{Chú thích web|url=https://laodong.vn/xa-hoi/quy-mo-kinh-te-tinh-hai-duong-tiep-tuc-dung-thu-11-ca-nuoc-1444477.ldo|tựa đề=Quy mô kinh tế tỉnh Hải Dương tiếp tục đứng thứ 11 cả nước|ngày=2025-01-02|website=Báo Lao Động|url-status=live|ngày truy cập=2025-06-12}}</ref>

==Địa lý==
===Vị trí địa lý===",
before-d23772ed-9d1e-4671-9a72-1bdd61bb7aec,before,inf:d23772ed-9d1e-4671-9a72-1bdd61bb7aec,tỉnh Hà Nam,found,3943,73426010,2025-04-14T07:36:44Z,Hà Nam (tỉnh Việt Nam),https://vi.wikipedia.org/w/index.php?oldid=73426010,2026-09-29T15:30:52.540635Z,sources/responses/7f871c34e6b5d8b6f3a046bfbc87bf8bb681a0d3358550733bfe35bca69971e0.json,7f871c34e6b5d8b6f3a046bfbc87bf8bb681a0d3358550733bfe35bca69971e0,CC-BY-SA-4.0,name_type,43,43,"'''Hà Nam''' là một tỉnh thuộc vùng [[Đồng bằng sông Hồng]], [[Việt Nam]].<ref name =Ms@124 >[https://thukyluat.vn/vb/quyet-dinh-124-2004-qd-ttg-bang-danh-muc-ma-so-don-vi-hanh-chinh-viet-nam-cc68.html Quyết định số 124/2004/QĐ-TTg của Chính phủ ngày 08/07/2004] ban hành Danh mục và mã số các đơn vị hành chính Việt Nam có đến 30/6/2004. Thuky Luat Online, 2016. Truy cập 11/04/2019.</ref><ref name =BandoHc >Tập bản đồ hành chính Việt Nam. Nhà xuất bản Tài nguyên – Môi trường và Bản đồ Việt Nam. Hà Nội, 2013.</ref>",
before-d23772ed-9d1e-4671-9a72-1bdd61bb7aec,before,inf:d23772ed-9d1e-4671-9a72-1bdd61bb7aec,tỉnh Hà Nam,found,3943,75589428,2026-09-26T08:55:01Z,Hà Nam (tỉnh Việt Nam),https://vi.wikipedia.org/w/index.php?oldid=75589428,2026-09-29T15:30:51.589397Z,sources/responses/f08968bb60d5964d52ae5ca5d55cc851ee3447484f42188ace5846ff02ff4678.json,f08968bb60d5964d52ae5ca5d55cc851ee3447484f42188ace5846ff02ff4678,CC-BY-SA-4.0,reorganization,29,34,"Năm [[2020]], Hà Nam là đơn vị hành chính [[Việt Nam]] đông thứ 45 về số dân, [[Danh sách đơn vị hành chính Việt Nam theo GRDP|xếp thứ 44]] về [[Tổng sản phẩm trên địa bàn (GRDP)]], [[Danh sách đơn vị hành chính Việt Nam theo GRDP bình quân đầu người|xếp thứ 23]] về [[Tổng sản phẩm trên địa bàn (GRDP)|GRDP]] bình quân đầu người, [[Danh sách đơn vị hành chính Việt Nam theo GRDP|đứng thứ sáu]] về tốc độ tăng trưởng [[Tổng sản phẩm trên địa bàn (GRDP)|GRDP]]. Với 808.200 người dân,<ref>{{Chú thích web|url=https://www.gso.gov.vn/default.aspx?tabid=714|title=Dân số các tỉnh Việt Nam năm 2018|last=|first=|date=|website=Tổng cục Thống kê Việt Nam|archive-url=|archive-date=|url-status=|access-date=Ngày 30 tháng 9 năm 2019}}</ref> GRDP đạt 44.613 tỉ [[Đồng (đơn vị tiền tệ)|Đồng]] (tương ứng với 1,9376 tỉ USD), GRDP bình quân đầu người đạt 55,2 triệu đồng (tương ứng với 2.397 USD), tốc độ tăng trưởng GRDP đạt 7,02%.<ref name="":08"">{{Chú thích web|url=http://hanam.gov.vn/Pages/infographics-ha-nam-thanh-tuu-kinh-te-2018-muc-tieu-2019.aspx|title=Tình hình kinh tế, xã hội Hà Nam năm 2018|last=|first=|date=|website=UBND tỉnh Hà Nam|archive-url=https://web.archive.org/web/20201127203548/https://hanam.gov.vn/Pages/infographics-ha-nam-thanh-tuu-kinh-te-2018-muc-tieu-2019.aspx|archive-date=2020-11-27|url-status=dead|access-date=Ngày 12 tháng 10 năm 2019}}</ref> Năm 2022, tốc độ tăng trưởng kinh tế của Hà Nam đạt 10,82%, đứng thứ 3 trong khu vực đồng bằng sông Hồng và đứng thứ 12 toàn quốc.

Ngày [[12 tháng 6]] năm [[2025]], [[Quốc hội Việt Nam|Quốc hội]] thông qua Nghị quyết số 202/2025/QH15 về việc sắp xếp đơn vị hành chính cấp tỉnh năm 2025, theo đó tỉnh được giải thể cùng với tỉnh [[Nam Định (tỉnh)|Nam Định]] để sáp nhập vào tỉnh [[Ninh Bình]].<ref name=""202/2025/QH15"">{{Chú thích web|url=https://quochoi.vn/tintuc/Pages/tin-hoat-dong-cua-quoc-hoi.aspx?ItemID=94532|tựa đề= Nghị quyết số 202/2025/QH15 về việc sắp xếp đơn vị hành chính cấp tỉnh |ngày= 2025-06-12 |website= Cổng thông tin điện tử Quốc hội Việt Nam |url lưu trữ=https://web.archive.org/web/20250612150244/https://quochoi.vn/tintuc/Pages/tin-hoat-dong-cua-quoc-hoi.aspx?ItemID=94532|ngày lưu trữ= 2025-06-12 |ngày truy cập= 2025-06-12 |url-status=live}}</ref><ref name="":NQSN2025"">{{Chú thích web |date=16 tháng 6 năm 2025 |title=TOÀN VĂN: Nghị quyết số 202/2025/QH15 về sắp xếp đơn vị hành chính cấp tỉnh |url=https://xaydungchinhsach.chinhphu.vn/toan-van-nghi-quyet-so-202-2025-qh15-ve-sap-xep-don-vi-hanh-chinh-cap-tinh-119250612174148722.htm |publisher=Báo Điện tử Chính phủ |access-date=2025-06-30 |archive-date=2025-06-30 |archive-url=https://web.archive.org/web/20250630073035/https://xaydungchinhsach.chinhphu.vn/toan-van-nghi-quyet-so-202-2025-qh15-ve-sap-xep-don-vi-hanh-chinh-cap-tinh-119250612174148722.htm |url-status=live }}</ref>

==Địa lý==
Tỉnh Hà Nam có vị trí địa lý:",
before-c7c04e40-92fc-4729-9a51-07905ff41f71,before,inf:c7c04e40-92fc-4729-9a51-07905ff41f71,tỉnh Nam Định,found,4759,73579200,2025-06-11T06:12:15Z,Nam Định (tỉnh),https://vi.wikipedia.org/w/index.php?oldid=73579200,2026-09-29T15:25:59.635255Z,sources/responses/82668362cd86d0076c013355927407ecf5a312bb77717afdbe24e5d6c6924987.json,82668362cd86d0076c013355927407ecf5a312bb77717afdbe24e5d6c6924987,CC-BY-SA-4.0,name_type,55,55,"'''Nam Định''' là một [[tỉnh]] nằm ở phía Nam [[đồng bằng sông Hồng|đồng bằng Bắc Bộ]] (còn gọi là [[Đồng bằng sông Hồng|đồng bằng Sông Hồng]]), [[Việt Nam]],<ref name=Ms@124 >[https://thukyluat.vn/vb/quyet-dinh-124-2004-qd-ttg-bang-danh-muc-ma-so-don-vi-hanh-chinh-viet-nam-cc68.html Quyết định số 124/2004/QĐ-TTg của Chính phủ ngày 08/07/2004] ban hành Danh mục và mã số các đơn vị hành chính Việt Nam có đến 30/6/2004. Thuky Luat Online, 2016. Truy cập 11/04/2019.</ref><ref name =BandoHc >Tập bản đồ hành chính Việt Nam. Nhà xuất bản Tài nguyên – Môi trường và Bản đồ Việt Nam. Hà Nội, 2013.</ref> giáp tỉnh [[Thái Bình]] về phía đông bắc, tỉnh [[Ninh Bình]] về phía tây nam, tỉnh [[Hà Nam]] về phía tây bắc và giáp [[vịnh Bắc Bộ]] về phía đông nam. Nam Định có diện tích lớn thứ 52 trong 63 tỉnh thành.",
before-c7c04e40-92fc-4729-9a51-07905ff41f71,before,inf:c7c04e40-92fc-4729-9a51-07905ff41f71,tỉnh Nam Định,found,4759,75592868,2026-09-27T10:25:52Z,Nam Định (tỉnh),https://vi.wikipedia.org/w/index.php?oldid=75592868,2026-09-29T15:25:58.290731Z,sources/responses/88de7595f6375fbc26e048e2b5074a7b7db540d2d26479f3ca9f8c1179a0fdaf.json,88de7595f6375fbc26e048e2b5074a7b7db540d2d26479f3ca9f8c1179a0fdaf,CC-BY-SA-4.0,reorganization,44,49,"Năm [[2024]], Nam Định là đơn vị hành chính [[Việt Nam]] đứng thứ 13 về số dân, xếp thứ 33 về [[Tổng sản phẩm trên địa bàn]] (GRDP), xếp thứ 31 về GRDP bình quân đầu người, đứng thứ 9 về tốc độ tăng trưởng GRDP. Với 2.262.891 người dân,<ref>{{Chú thích web|url=https://www.gso.gov.vn/default.aspx?tabid=714|title=Dân số các tỉnh Việt Nam năm 2022|last=|first=|date=|website=Tổng cục Thống kê Việt Nam|archive-url=|archive-date=|url-status=|access-date =Ngày 28 tháng 12 năm 2022}}</ref> GRDP đạt 103.596 tỉ [[Đồng (đơn vị tiền tệ)|Đồng]] (tương ứng với 4,23 tỉ USD), GRDP bình quân đầu người đạt 56 triệu đồng (tương ứng với 2.255USD), tốc độ tăng trưởng GRDP đạt 10,23%.<ref name="":010"">{{Chú thích web|url=https://www.namdinh.gso.gov.vn/FCKeditor/editor/filemanager/connectors/aspx/images/File/2021/2.%20Thong%20ca%20bao%20chi%202021.pdf|title=Tình hình kinh tế, xã hội Nam Định năm 2018|last=|first=|date=|website=Sở Kế hoạch và Đầu tư tỉnh Nam Định|archive-url=https://web.archive.org/web/20191015171639/http://sokhdt.namdinh.gov.vn/chi-tiet-noi-dung-bao-cao-tinh-hinh-thuc-hien-nhiem-vu-kinh-te---xa-hoi-nam-2018-va-ke-hoach-phat-trien-kinh-te---xa-hoi-nam-2019-tinh-nam-dinh-1358.html|archive-date = ngày 15 tháng 10 năm 2019 |url-status=|access-date=Ngày 12 tháng 10 năm 2019}}</ref>

Ngày [[12 tháng 6]] năm [[2025]], [[Quốc hội Việt Nam|Quốc hội]] thông qua Nghị quyết số 202/2025/QH15 về việc sắp xếp đơn vị hành chính cấp tỉnh năm 2025, theo đó tỉnh được giải thể cùng với tỉnh [[Hà Nam (tỉnh)|Hà Nam]] để sáp nhập vào tỉnh [[Ninh Bình]].<ref name=""202/2025/QH15"">{{Chú thích web|url=https://quochoi.vn/tintuc/Pages/tin-hoat-dong-cua-quoc-hoi.aspx?ItemID=94532|tựa đề= Nghị quyết số 202/2025/QH15 về việc sắp xếp đơn vị hành chính cấp tỉnh |ngày= 2025-06-12 |website= Cổng thông tin điện tử Quốc hội Việt Nam |url lưu trữ=https://web.archive.org/web/20250612150244/https://quochoi.vn/tintuc/Pages/tin-hoat-dong-cua-quoc-hoi.aspx?ItemID=94532|ngày lưu trữ= 2025-06-12 |ngày truy cập= 2025-06-12 |url-status=live}}</ref><ref name="":NQSN2025"">{{Chú thích web |date=16 tháng 6 năm 2025 |title=TOÀN VĂN: Nghị quyết số 202/2025/QH15 về sắp xếp đơn vị hành chính cấp tỉnh |url=https://xaydungchinhsach.chinhphu.vn/toan-van-nghi-quyet-so-202-2025-qh15-ve-sap-xep-don-vi-hanh-chinh-cap-tinh-119250612174148722.htm |publisher=Báo Điện tử Chính phủ |access-date=2025-06-30 |archive-date=2025-06-30 |archive-url=https://web.archive.org/web/20250630073035/https://xaydungchinhsach.chinhphu.vn/toan-van-nghi-quyet-so-202-2025-qh15-ve-sap-xep-don-vi-hanh-chinh-cap-tinh-119250612174148722.htm |url-status=live }}</ref>

==Địa lý==
Tỉnh Nam Định có vị trí địa lý:",
before-315fb257-8efa-4dd9-903c-8ab863ed267a,before,inf:315fb257-8efa-4dd9-903c-8ab863ed267a,tỉnh Ninh Bình,found,4769,73579065,2025-06-11T04:25:39Z,Ninh Bình,https://vi.wikipedia.org/w/index.php?oldid=73579065,2026-09-29T15:26:02.991073Z,sources/responses/1e943a387e524b54374d514ecbfb6c50fb0e3229e35efe0c915e136be8ea540e.json,1e943a387e524b54374d514ecbfb6c50fb0e3229e35efe0c915e136be8ea540e,CC-BY-SA-4.0,name_type,49,49,"'''Ninh Bình''' là một [[Tỉnh (Việt Nam)|tỉnh]] thuộc vùng [[Đồng bằng sông Hồng|Đồng bằng Sông Hồng]] và nằm ở cửa ngõ cực Nam [[miền Bắc Việt Nam|miền Bắc]], [[Việt Nam]].<ref name =Ms@124 >[https://thukyluat.vn/vb/quyet-dinh-124-2004-qd-ttg-bang-danh-muc-ma-so-don-vi-hanh-chinh-viet-nam-cc68.html Quyết định số 124/2004/QĐ-TTg của Chính phủ ngày 08/07/2004] ban hành Danh mục và mã số các đơn vị hành chính Việt Nam có đến 30/6/2004. Thuky Luat Online, 2016. Truy cập 11/04/2019.</ref><ref name =BandoHc >Tập bản đồ hành chính Việt Nam. Nhà xuất bản Tài nguyên – Môi trường và Bản đồ Việt Nam. Hà Nội, 2013</ref> Quy hoạch xây dựng [[phát triển kinh tế]] xếp Ninh Bình vào [[vùng duyên hải Bắc Bộ]]. Ninh Bình cũng là 1 trong 8 tỉnh được [[Chính phủ Việt Nam]] quy hoạch thành thành phố trực thuộc trung ương.<ref>[https://xaydungchinhsach.chinhphu.vn/dinh-huong-8-tinh-tro-thanh-thanh-pho-truc-thuoc-trung-uong-119240823175601497.htm Định hướng 8 tỉnh trở thành thành phố trực thuộc Trung ương]</ref>",
before-315fb257-8efa-4dd9-903c-8ab863ed267a,before,inf:315fb257-8efa-4dd9-903c-8ab863ed267a,tỉnh Ninh Bình,found,4769,75584626,2026-09-24T12:30:57Z,Ninh Bình,https://vi.wikipedia.org/w/index.php?oldid=75584626,2026-09-29T15:26:01.968869Z,sources/responses/5f7d96e2d908f9f83f3cb3108415ced1b8eba6111709514d55d96db71a7bde75.json,5f7d96e2d908f9f83f3cb3108415ced1b8eba6111709514d55d96db71a7bde75,CC-BY-SA-4.0,reorganization,381,386,"Năm 968, vua [[Đinh Tiên Hoàng]] dẹp xong [[loạn 12 sứ quân]], lên ngôi hoàng đế, lập ra nhà nước [[Đại Cồ Việt]] nơi đây đã được chọn là để đặt [[kinh đô Hoa Lư]]. Thời nhà Lý, Trần vùng đất này thuộc 3 lộ, phủ: Hoàng Giang, Trường Yên và Thiên Trường. Thời Hậu Lê được sáp nhập thành trấn Sơn Nam với các phủ: Lý Nhân, Thiên Quan, Trường Yên, Nghĩa Hưng và Thiên Trường, trụ sở tỉnh lỵ tại Vân Sàng (Ninh Bình)

Năm 1822, vua Minh Mạng cho đổi Trấn Thanh Hoa Ngoại thành Trấn Thanh Bình rồi lại đổi tên thành trấn Ninh Bình, danh xưng Ninh Bình với hàm ý là vùng đất khang ninh, yên bình và phát triển xuất hiện từ đó.<ref>[https://ninhbinh.gov.vn/ky-niem-30-nam-tai-lap-tinh/to-chuc-trong-the-le-ky-niem-200-nam-danh-xung-ninh-binh-va-30-nam-tai-lap-tinh-293302#:~:text=T%E1%BB%9Bi%20n%C4%83m%20Minh%20M%E1%BA%A1ng%20th%E1%BB%A9,b%C3%ACnh%20y%C3%AAn%20c%C3%B3%20t%E1%BB%AB%20%C4%91%C3%B3. Tổ chức trọng thể Lễ kỷ niệm 200 năm Danh xưng Ninh Bình và 30 năm tái lập tỉnh]</ref> Đến năm 1831 khi thành lập 13 tỉnh Bắc Kỳ, vùng đất này thuộc 3 tỉnh [[Hà Nội (tỉnh)|Hà Nội]], Ninh Bình, [[Nam Định (tỉnh)|Nam Định]]. Tới năm 1890 tỉnh [[Hà Nam (tỉnh Việt Nam)|Hà Nam]] được thành lập khi tách 1 phần phía Nam của tỉnh Hà Nội [[Tập tin:Carte_de_la_province_de_Ninh-Binh_-_btv1b530586051.jpg|nhỏ|Ninh Bình năm 1891]] Năm 1965, tỉnh Nam Định được hợp nhất với tỉnh Hà Nam thành tỉnh [[Nam Hà (tỉnh)|Nam Hà]]. Năm 1975, tỉnh Nam Hà hợp nhất với tỉnh Ninh Bình thành tỉnh [[Hà Nam Ninh]].<ref>{{Chú thích web|url=https://photo.znews.vn/w660/Uploaded/dqmblcvo/2025_03_13/1.jpg|tựa đề= Nghị quyết số 245-NQ/TW về việc bỏ khu, hợp tỉnh |ngày= 1975-09-20 |website=|url lưu trữ=https://web.archive.org/web/20250407082825/https://photo.znews.vn/w660/Uploaded/dqmblcvo/2025_03_13/1.jpg|ngày lưu trữ= 2025-04-07 |ngày truy cập= 2025-04-07 |url-status= dead }}</ref><ref>{{Chú thích web|url=https://hethongphapluat.com/nghi-quyet-ve-viec-hop-nhat-mot-so-tinh-do-quoc-hoi-ban-hanh.html|tựa đề= Nghị quyết về việc hợp nhất một số tỉnh |ngày= 1975-12-27 |website= Hệ thống pháp luật |url lưu trữ=|ngày lưu trữ=|ngày truy cập=|url-status=live}}</ref> Năm 1991 tỉnh Ninh Bình cũ tái lập,<ref>{{Chú thích web|url=https://hethongphapluat.com/nghi-quyet-ve-viec-phan-vach-lai-dia-gioi-hanh-chinh-mot-so-tinh-do-quoc-hoi-ban-hanh.html|tựa đề= Nghị quyết về việc phân vạch lại địa giới hành chính một số tỉnh |tác giả=|ngày= 1991-12-26 |website= Hệ thống pháp luật |url lưu trữ=|ngày lưu trữ=|ngày truy cập=|url-status=live}}</ref> và đến năm 1996 [[Hà Nam (tỉnh Việt Nam)|Hà Nam]], [[Nam Định (tỉnh)|Nam Định]] cũng tái lập cho đến năm 2025 cả 3 tỉnh lại hợp nhất thành tỉnh Ninh Bình.<ref>{{Chú thích web|url=https://hethongphapluat.com/nghi-quyet-ve-viec-chia-va-dieu-chinh-dia-gioi-hanh-chinh-mot-so-tinh-do-quoc-hoi-ban-hanh.html|tựa đề= Nghị quyết về việc chia và điều chỉnh địa giới hành chính một số tỉnh |tác giả=|ngày= 1996-11-06 |website= Hệ thống pháp luật |url lưu trữ=|ngày lưu trữ=|ngày truy cập=|url-status=live}}</ref>

Ngày 12 tháng 6 năm 2025, Quốc hội ban hành Nghị quyết số 202/2025/QH15<ref name=""202/2025/QH15"">{{Chú thích web|url=https://quochoi.vn/tintuc/Pages/tin-hoat-dong-cua-quoc-hoi.aspx?ItemID=94532|tựa đề= Nghị quyết số 202/2025/QH15 về việc sắp xếp đơn vị hành chính cấp tỉnh |ngày= 2025-06-12 |website= Cổng thông tin điện tử Quốc hội Việt Nam |url lưu trữ=https://web.archive.org/web/20250612150244/https://quochoi.vn/tintuc/Pages/tin-hoat-dong-cua-quoc-hoi.aspx?ItemID=94532|ngày lưu trữ= 2025-06-12 |ngày truy cập= 2025-06-12 |url-status=live}}</ref> về việc sắp xếp đơn vị hành chính cấp tỉnh (nghị quyết có hiệu lực từ ngày 12 tháng 6 năm 2025). Theo đó, sáp nhập tỉnh [[Hà Nam (tỉnh Việt Nam)|Hà Nam]] và tỉnh [[Nam Định (tỉnh)|Nam Định]] vào tỉnh Ninh Bình.
",
before-2400e0b3-1336-492c-9314-b130271de54e,before,inf:2400e0b3-1336-492c-9314-b130271de54e,tỉnh Quảng Bình,found,11252,73467877,2025-05-01T05:12:51Z,Quảng Bình (tỉnh),https://vi.wikipedia.org/w/index.php?oldid=73467877,2026-09-29T15:26:06.236164Z,sources/responses/633aaf5d139f3c8272613faceaea2c91f90051bbd599883787fc0f9a50f245d2.json,633aaf5d139f3c8272613faceaea2c91f90051bbd599883787fc0f9a50f245d2,CC-BY-SA-4.0,name_type,47,47,"'''Quảng Bình''' là một [[tỉnh thành Việt Nam|tỉnh]] [[ven biển]] phía nam vùng [[Bắc Trung Bộ]], [[miền Trung]] của [[Việt Nam]]. [[Tỉnh lỵ (Việt Nam)|Tỉnh lỵ]] của tỉnh là [[thành phố Đồng Hới]].",
before-2400e0b3-1336-492c-9314-b130271de54e,before,inf:2400e0b3-1336-492c-9314-b130271de54e,tỉnh Quảng Bình,found,11252,75583498,2026-09-24T03:54:17Z,Quảng Bình (tỉnh),https://vi.wikipedia.org/w/index.php?oldid=75583498,2026-09-29T15:26:05.214810Z,sources/responses/31af44fa828b5e208e2e7026087ef850f0640ec2a928b4ffc4967a030125c69a.json,31af44fa828b5e208e2e7026087ef850f0640ec2a928b4ffc4967a030125c69a,CC-BY-SA-4.0,reorganization,52,57,"'''Quảng Bình''' là một [[Tỉnh (Việt Nam)|tỉnh]] [[ven biển]] cũ nằm ở phía Nam vùng [[Bắc Trung Bộ]], [[Trung Bộ|miền Trung]] [[Việt Nam]]. Từng tồn tại trong hai giai đoạn: Từ năm [[1831]] đến ngày [[24 tháng 2]] năm [[1976]] và từ ngày [[30 tháng 6]] năm [[1989]] đến ngày [[1 tháng 7]] năm [[2025]]. Địa phận của tỉnh hiện nay tương ứng với phần phía bắc của tỉnh [[Quảng Trị]].

Ngày [[12 tháng 6]] năm 2025, [[Quốc hội Việt Nam|Quốc hội]] thông qua Nghị quyết số 202/2025/QH15 về việc sắp xếp đơn vị hành chính cấp tỉnh năm 2025, theo đó tỉnh được giải thể để sáp nhập vào tỉnh [[Quảng Trị]].<ref name=""202/2025/QH15"">{{Chú thích web|url=https://quochoi.vn/tintuc/Pages/tin-hoat-dong-cua-quoc-hoi.aspx?ItemID=94532|tựa đề= Nghị quyết số 202/2025/QH15 về việc sắp xếp đơn vị hành chính cấp tỉnh |ngày= 2025-06-12 |website= Cổng thông tin điện tử Quốc hội Việt Nam |url lưu trữ=https://web.archive.org/web/20250612150244/https://quochoi.vn/tintuc/Pages/tin-hoat-dong-cua-quoc-hoi.aspx?ItemID=94532|ngày lưu trữ= 2025-06-12 |ngày truy cập= 2025-06-12 |url-status=live}}</ref><ref name="":NQSN2025"">{{Chú thích web |date=16 tháng 6 năm 2025 |title=TOÀN VĂN: Nghị quyết số 202/2025/QH15 về sắp xếp đơn vị hành chính cấp tỉnh |url=https://xaydungchinhsach.chinhphu.vn/toan-van-nghi-quyet-so-202-2025-qh15-ve-sap-xep-don-vi-hanh-chinh-cap-tinh-119250612174148722.htm |publisher=Báo Điện tử Chính phủ |access-date=2025-06-30 |archive-date=2025-06-30 |archive-url=https://web.archive.org/web/20250630073035/https://xaydungchinhsach.chinhphu.vn/toan-van-nghi-quyet-so-202-2025-qh15-ve-sap-xep-don-vi-hanh-chinh-cap-tinh-119250612174148722.htm |url-status=live }}</ref>

Nơi đây cũng là nơi có con sông Gianh - chia tách Đàng Trong, Đàng Ngoài và Luỹ Thầy do chúa Nguyễn xây dựng trong thời kì [[Trịnh-Nguyễn phân tranh]].
",
before-008d4d64-6e0a-4ee9-baa0-b94aa903cf69,before,inf:008d4d64-6e0a-4ee9-baa0-b94aa903cf69,tỉnh Quảng Trị,found,6500,73542163,2025-05-27T06:36:07Z,Quảng Trị,https://vi.wikipedia.org/w/index.php?oldid=73542163,2026-09-29T15:26:09.478943Z,sources/responses/4cd38a1888dc9794b1828ea32751945fb6e60f270ceedb24932a59a7ee4f7476.json,4cd38a1888dc9794b1828ea32751945fb6e60f270ceedb24932a59a7ee4f7476,CC-BY-SA-4.0,name_type,46,46,"'''Quảng Trị''' là [[tỉnh]] [[ven biển]] gần cực nam của vùng [[Bắc Trung Bộ]], [[Trung Bộ|miền Trung]] của [[Việt Nam]].<ref name =Ms@124 >[https://thukyluat.vn/vb/quyet-dinh-124-2004-qd-ttg-bang-danh-muc-ma-so-don-vi-hanh-chinh-viet-nam-cc68.html Quyết định số 124/2004/QĐ-TTg của Chính phủ ngày 08/07/2004] ban hành Danh mục và mã số các đơn vị hành chính Việt Nam có đến 30/6/2004. Thuky Luat Online, 2016. Truy cập 11/04/2019.</ref><ref name =BandoHc >Tập bản đồ hành chính Việt Nam. Nhà xuất bản Tài nguyên – Môi trường và Bản đồ Việt Nam. Hà Nội, 2013.</ref> [[Tỉnh lỵ (Việt Nam)|Tỉnh lỵ]] của tỉnh là [[thành phố Đông Hà]].",
before-008d4d64-6e0a-4ee9-baa0-b94aa903cf69,before,inf:008d4d64-6e0a-4ee9-baa0-b94aa903cf69,tỉnh Quảng Trị,found,6500,75598560,2026-09-29T10:40:08Z,Quảng Trị,https://vi.wikipedia.org/w/index.php?oldid=75598560,2026-09-29T15:26:08.498908Z,sources/responses/f1178b65c78938c5a8d18301d7ebb862ca6be83a57e25825e82553ac088901d8.json,f1178b65c78938c5a8d18301d7ebb862ca6be83a57e25825e82553ac088901d8,CC-BY-SA-4.0,reorganization,164,169,"Ngày [[11 tháng 8]] năm [[2009]], chuyển thị xã Đông Hà thành [[Đông Hà (thành phố)|thành phố Đông Hà]].<ref>[http://thuvienphapluat.vn/archive/Nghi-quyet/Nghi-quyet-33-NQ-CP-thanh-lap-thanh-pho-Dong-Ha-thuoc-tinh-Quang-Tri-vb92867t13.aspx Nghị quyết số 33/NQ-CP về việc thành lập thành phố Đông Hà thuộc tỉnh Quảng Trị]</ref> Từ đó, tỉnh Quảng Trị có 1 thành phố Đông Hà (tỉnh lị), 1 thị xã Quảng Trị và 8 huyện: Cam Lộ, Cồn Cỏ, Đakrông, Gio Linh, Hải Lăng, Hướng Hóa, Triệu Phong, Vĩnh Linh.

Ngày 12 tháng 6 năm 2025, Quốc hội ban hành Nghị quyết số 202/2025/QH15<ref name=""202/2025/QH15"">{{Chú thích web|url=https://quochoi.vn/tintuc/Pages/tin-hoat-dong-cua-quoc-hoi.aspx?ItemID=94532|tựa đề= Nghị quyết số 202/2025/QH15 về việc sắp xếp đơn vị hành chính cấp tỉnh |ngày= 2025-06-12 |website= Cổng thông tin điện tử Quốc hội Việt Nam |url lưu trữ=https://web.archive.org/web/20250612150244/https://quochoi.vn/tintuc/Pages/tin-hoat-dong-cua-quoc-hoi.aspx?ItemID=94532|ngày lưu trữ= 2025-06-12 |ngày truy cập= 2025-06-12 |url-status=live}}</ref> về việc sắp xếp đơn vị hành chính cấp tỉnh (nghị quyết có hiệu lực từ ngày 12 tháng 6 năm 2025). Theo đó, sáp nhập tỉnh [[Quảng Bình (tỉnh)|Quảng Bình]] và tỉnh Quảng Trị, lấy tên là tỉnh '''Quảng Trị'''.

Sau khi sáp nhập, tỉnh Quảng Trị có 12.700&nbsp;km² diện tích tự nhiên và quy mô dân số là 1.870.845 người.
",
before-0f3c29bb-1697-4473-93bc-57cf0bd75b8f,before,inf:0f3c29bb-1697-4473-93bc-57cf0bd75b8f,thành phố Đà Nẵng,found,999,73545080,2025-05-28T16:50:29Z,Đà Nẵng,https://vi.wikipedia.org/w/index.php?oldid=73545080,2026-09-29T15:26:13.401867Z,sources/responses/6bafd8637fd5680df67f34eef9f0d6935f70636fc4302d1631ba39f80e7b4949.json,6bafd8637fd5680df67f34eef9f0d6935f70636fc4302d1631ba39f80e7b4949,CC-BY-SA-4.0,name_type,67,67,"'''Đà Nẵng''' là một trong sáu [[Thành phố trực thuộc trung ương (Việt Nam)|thành phố trực thuộc trung ương]] của [[Việt Nam]], nằm tại khu vực [[Duyên hải Nam Trung Bộ]]. Đây là thành phố lớn nhất của miền Trung, đóng vai trò là trung tâm chính trị, kinh tế - xã hội lớn của miền Trung và là hạt nhân quan trọng trong [[Vùng kinh tế trọng điểm Trung Bộ|Vùng kinh tế trọng điểm miền Trung]]. Thành phố Đà Nẵng hiện là [[Đô thị Việt Nam|đô thị loại I]], là thành phố trung tâm cấp vùng và cấp quốc gia.",
before-0f3c29bb-1697-4473-93bc-57cf0bd75b8f,before,inf:0f3c29bb-1697-4473-93bc-57cf0bd75b8f,thành phố Đà Nẵng,found,999,75572754,2026-09-21T01:33:28Z,Đà Nẵng,https://vi.wikipedia.org/w/index.php?oldid=75572754,2026-09-29T15:26:12.012180Z,sources/responses/abe8149bb09e55ee5ae4a5a9221bc5762fe18ed1e8fd6e701a031b74ac72e6cb.json,abe8149bb09e55ee5ae4a5a9221bc5762fe18ed1e8fd6e701a031b74ac72e6cb,CC-BY-SA-4.0,reorganization,895,900,"Với tư cách kế thừa quyền sở hữu các quần đảo từ các chính quyền trước, Nhà nước [[Việt Nam|Cộng hòa Xã hội Chủ nghĩa Việt Nam]] đã liên tục đưa ra những tuyên bố khẳng định chủ quyền của mình đối với [[quần đảo Hoàng Sa]]. Năm [[1994]], [[Quốc hội Việt Nam]] phê chuẩn [[Công ước Liên Hợp Quốc về Luật biển]] năm [[1982]] và khẳng định lại chủ quyền của [[Việt Nam]] đối với quần đảo Hoàng Sa.<ref>{{Chú thích web |tiêu đề=Nghị quyết về việc phê chuẩn Công ước của Liên Hợp Quốc về Luật biển năm 1982 |url=http://www.moj.gov.vn/vbpq/Lists/Vn%20bn%20php%20lut/View_Detail.aspx?ItemID=10091 |nhà xuất bản=Cơ sở dữ liệu văn bản quy phạm pháp luật, Bộ Tư pháp (Việt Nam) |ngày truy cập=ngày 7 tháng 6 năm 2013 |archive-date = ngày 25 tháng 7 năm 2015 |archive-url=https://web.archive.org/web/20150725154140/http://www.moj.gov.vn/vbpq/Lists/Vn%20bn%20php%20lut/View_Detail.aspx?ItemID=10091 |url-status=live }}</ref> Ngày [[6 tháng 11]] năm [[1996]], [[Quốc hội Việt Nam]] tách huyện đảo [[Hoàng Sa (đặc khu)|Hoàng Sa]] khỏi tỉnh [[Quảng Nam – Đà Nẵng]] và sáp nhập vào thành phố Đà Nẵng. Huyện đảo [[Hoàng Sa (đặc khu)|Hoàng Sa]] được xác định có diện tích 305&nbsp;km², với địa giới bao gồm một quần đảo có tên gọi là Hoàng Sa nằm cách đất liền khoảng 170 [[hải lý]] (315&nbsp;km). Cuối tháng 6 năm [[2012]], Quốc hội Việt Nam thông qua [[Luật Biển Việt Nam]]. Điều 1 đã khẳng định lại tuyên bố chủ quyền của Việt Nam đối với quần đảo Hoàng Sa.<ref name=""LB18"">{{Chú thích web |url=http://vanban.chinhphu.vn/portal/page/portal/chinhphu/hethongvanban?class_id=1&mode=detail&document_id=163056 |ngày truy cập=2019-06-29 |tựa đề=Luật số 18/2012/QH13 của Quốc hội: LUẬT BIỂN VIỆT NAM |archive-date = ngày 18 tháng 6 năm 2018 |archive-url=https://web.archive.org/web/20180618175630/http://vanban.chinhphu.vn/portal/page/portal/chinhphu/hethongvanban?class_id=1&mode=detail&document_id=163056 |url-status=live }}</ref> Ngày [[4 tháng 7]] năm [[2012]], kỳ họp thứ 4 [[Hội đồng Nhân dân]] thành phố Đà Nẵng khóa VIII nhiệm kỳ [[2011]]-[[2016]] đã thông qua Nghị quyết phản đối [[Trung Quốc]] thành lập thành phố [[Tam Sa]].<ref>{{Chú thích web |tiêu đề=Chính quyền thành phố Đà Nẵng phản đối Trung Quốc thành lập thành phố Tam Sa |tác giả 1=Phú Nguyện |url=http://www.noivu.danang.gov.vn/noivu/index.php/vi/trang-chu/7-tin-tc/2348-chinh-quyen-thanh-pho-da-nang-phan-doi-trung-quoc-thanh-lap-thanh-pho-tam-sa |nhà xuất bản=Trang web của Sở Nội vụ thành phố Đà Nẵng |ngày truy cập=ngày 9 tháng 6 năm 2013 |archive-date = ngày 14 tháng 9 năm 2012 |archive-url=https://web.archive.org/web/20120914032802/http://www.noivu.danang.gov.vn/noivu/index.php/vi/trang-chu/7-tin-tc/2348-chinh-quyen-thanh-pho-da-nang-phan-doi-trung-quoc-thanh-lap-thanh-pho-tam-sa |url-status=live }}</ref>

Ngày [[24 tháng 10]] năm [[2024]], Ủy ban Thường vụ Quốc hội ban hành Nghị quyết số 1251/NQ-UBTVQH15<ref name=""1251/NQ-UBTVQH15"">{{Chú thích web|url=https://quochoi.vn/tintuc/Pages/tin-hoat-dong-cua-quoc-hoi.aspx?ItemID=90601|tựa đề= Nghị quyết số 1251/NQ-UBTVQH15 về việc sắp xếp đơn vị hành chính cấp huyện, cấp xã của thành phố Đà Nẵng giai đoạn 2023 – 2025 |tác giả=|ngày= 2024-10-24 |website= Cổng thông tin điện tử Quốc hội Việt Nam |url lưu trữ=https://web.archive.org/web/20241102122247/https://quochoi.vn/tintuc/Pages/tin-hoat-dong-cua-quoc-hoi.aspx?ItemID=90601|ngày lưu trữ= 2024-11-02 |ngày truy cập= 2024-11-02 |url-status= live }}</ref> về việc sắp xếp đơn vị hành chính cấp huyện, cấp xã của thành phố Đà Nẵng giai đoạn 2023 – 2025 (nghị quyết có hiệu lực từ ngày [[1 tháng 1]] năm [[2025]]). Theo đó, điều chỉnh một phần diện tích tự nhiên và quy mô dân số của quận Liên Chiểu vào quận Thanh Khê.

Ngày 12 tháng 6 năm 2025, Quốc hội ban hành Nghị quyết số 202/2025/QH15<ref name=""202/2025/QH15"">{{Chú thích web|url=https://quochoi.vn/tintuc/Pages/tin-hoat-dong-cua-quoc-hoi.aspx?ItemID=94532|tựa đề= Nghị quyết số 202/2025/QH15 về việc sắp xếp đơn vị hành chính cấp tỉnh |ngày= 2025-06-12 |website= Cổng thông tin điện tử Quốc hội Việt Nam |url lưu trữ=https://web.archive.org/web/20250612150244/https://quochoi.vn/tintuc/Pages/tin-hoat-dong-cua-quoc-hoi.aspx?ItemID=94532|ngày lưu trữ= 2025-06-12 |ngày truy cập= 2025-06-12 |url-status=live}}</ref> về việc sắp xếp đơn vị hành chính cấp tỉnh (nghị quyết có hiệu lực từ ngày 12 tháng 6 năm 2025). Theo đó, sáp nhập toàn bộ diện tích của tỉnh [[Quảng Nam]] vào thành phố Đà Nẵng.
",
before-d1405a58-a656-4515-a3b9-7a6bf698601b,before,inf:d1405a58-a656-4515-a3b9-7a6bf698601b,tỉnh Quảng Nam,found,1328,73498686,2025-05-09T15:19:21Z,Quảng Nam,https://vi.wikipedia.org/w/index.php?oldid=73498686,2026-09-29T15:26:16.590747Z,sources/responses/7ad61916f0d83d36583595e9d7f27625a16c6418cbba13260777d9ca10c80fa8.json,7ad61916f0d83d36583595e9d7f27625a16c6418cbba13260777d9ca10c80fa8,CC-BY-SA-4.0,name_type,56,56,"'''Quảng Nam'''{{efn|[[Phương ngữ Quảng Nam]]: [[Bảng mẫu tự ngữ âm quốc tế|[wɐːŋnɐm]]])<ref>{{chú thích sách|last1=Andrea Hoa|first1=Pham|title=Nguồn gốc và sự hình thành giọng Quảng Nam|date=2022|publisher=Nhà xuất bản Đà Nẵng}}</ref>}} là một [[Tỉnh (Việt Nam)|tỉnh]] [[Bờ biển|ven biển]] nằm ở cực bắc khu vực [[duyên hải Nam Trung Bộ]], [[Trung Bộ|miền Trung]] của [[Việt Nam]]. Quảng Nam nằm trong [[Vùng kinh tế trọng điểm Trung bộ|vùng kinh tế trọng điểm miền Trung]]. Năm 1997, tỉnh được tái lập trên cơ sở tách tỉnh [[Quảng Nam – Đà Nẵng]] (hay còn được gọi là tỉnh [[Quảng Nam – Đà Nẵng|Quảng Đà]]) thành 2 đơn vị hành chính là tỉnh Quảng Nam và thành phố [[Đà Nẵng]]. Hiện nay tỉnh có 2 thành phố là thành phố ([[Tỉnh lỵ (Việt Nam)|tỉnh lỵ]]) [[Tam Kỳ]] và thành phố [[Hội An]]. Tỉnh Quảng Nam là nơi có nhiều di sản văn hóa thế giới nhất cả nước với hai di sản văn hóa thế giới được tổ chức [[Tổ chức Giáo dục, Khoa học và Văn hóa Liên Hợp Quốc|UNESCO]] công nhận là [[phố cổ Hội An]] và [[thánh địa Mỹ Sơn]]. Ngoài ra, tỉnh Quảng Nam còn là một vùng đất địa linh nhân kiệt, nơi sản sinh ra nhiều người con ưu tú, tài ba và lỗi lạc cho đất nước. Đây cũng là tỉnh duy nhất của vùng [[duyên hải Nam Trung Bộ]] vừa giáp [[Biển Đông]], vừa giáp biên giới với nước [[Lào|Cộng hòa Dân chủ Nhân dân Lào]] và có đường biên giới quốc tế.",
before-d1405a58-a656-4515-a3b9-7a6bf698601b,before,inf:d1405a58-a656-4515-a3b9-7a6bf698601b,tỉnh Quảng Nam,found,1328,75596545,2026-09-28T15:18:51Z,Quảng Nam,https://vi.wikipedia.org/w/index.php?oldid=75596545,2026-09-29T15:26:15.523415Z,sources/responses/0a353abd49ab02ffd7bafd989a8bc9fde08e1cbbc3ed666369ce7432af2cdb17.json,0a353abd49ab02ffd7bafd989a8bc9fde08e1cbbc3ed666369ce7432af2cdb17,CC-BY-SA-4.0,reorganization,65,70,"Quảng Nam có [[Khu kinh tế mở Chu Lai]] nổi tiếng với nhà máy của [[Công ty cổ phần Tập đoàn Trường Hải|THACO]], là một đòn bẩy quan trọng của [[Vùng kinh tế trọng điểm Trung bộ]]. Năm 2018, khánh thành nhà máy sản xuất ô tô [[Công ty cổ phần Tập đoàn Trường Hải|Thaco]] [[Mazda]] lớn nhất và hiện đại nhất [[Đông Nam Á]] tại Quảng Nam.

Ngày [[12 tháng 6]] năm [[2025]], [[Quốc hội Việt Nam|Quốc hội]] thông qua Nghị quyết số 202/2025/QH15 về việc sắp xếp đơn vị hành chính cấp tỉnh năm 2025, theo đó tỉnh được giải thể để sáp nhập vào thành phố [[Đà Nẵng]].<ref name=""202/2025/QH15"">{{Chú thích web|url=https://quochoi.vn/tintuc/Pages/tin-hoat-dong-cua-quoc-hoi.aspx?ItemID=94532|tựa đề= Nghị quyết số 202/2025/QH15 về việc sắp xếp đơn vị hành chính cấp tỉnh |ngày= 2025-06-12 |website= Cổng thông tin điện tử Quốc hội Việt Nam |url lưu trữ=https://web.archive.org/web/20250612150244/https://quochoi.vn/tintuc/Pages/tin-hoat-dong-cua-quoc-hoi.aspx?ItemID=94532|ngày lưu trữ= 2025-06-12 |ngày truy cập= 2025-06-12 |url-status=live}}</ref><ref name="":NQSN2025"">{{Chú thích web |date=16 tháng 6 năm 2025 |title=TOÀN VĂN: Nghị quyết số 202/2025/QH15 về sắp xếp đơn vị hành chính cấp tỉnh |url=https://xaydungchinhsach.chinhphu.vn/toan-van-nghi-quyet-so-202-2025-qh15-ve-sap-xep-don-vi-hanh-chinh-cap-tinh-119250612174148722.htm |publisher=Báo Điện tử Chính phủ |access-date=2025-06-30 |archive-date=2025-06-30 |archive-url=https://web.archive.org/web/20250630073035/https://xaydungchinhsach.chinhphu.vn/toan-van-nghi-quyet-so-202-2025-qh15-ve-sap-xep-don-vi-hanh-chinh-cap-tinh-119250612174148722.htm |url-status=live }}</ref>

== Tên gọi ==
Trải qua suốt quãng thời gian bao thăng trầm cùng dân tộc Việt Nam, danh xưng Quảng Nam đã nhiều lần thay đổi tên gọi: Từ Đạo Thừa tuyên Quảng Nam đến xứ Quảng Nam, trấn Quảng Nam, dinh Quảng Nam thời xa xưa, rồi đặc khu Quảng Đà trong thời chiến tranh chống Mỹ, tỉnh Quảng Nam - Đà Nẵng (tỉnh Quảng Đà) sau ngày thống nhất đất nước và trở lại danh xưng cũ là tỉnh Quảng Nam khi tỉnh được tái lập năm 1997 trên cơ sở chia tách tỉnh [[Quảng Nam – Đà Nẵng]] (hay còn được gọi là tỉnh [[Quảng Nam – Đà Nẵng|Quảng Đà]]) thành 2 đơn vị hành chính là tỉnh Quảng Nam và thành phố [[Đà Nẵng]]. Năm 1471, với sự kiện vua [[Lê Thánh Tông]] thành lập Thừa tuyên Quảng Nam. Vua [[Lê Thánh Tông]] đã khẳng định chủ quyền lãnh thổ của [[Đại Việt]] đối với vùng đất này. Vua [[Lê Thánh Tông]] đã có một sự lựa chọn, một định hướng mang ý nghĩa lịch sử trọng đại trong quá trình phát triển lâu dài của [[người Việt]] và ý nghĩa chiến lược về tầm nhìn xa, xu thế phát triển, mang ý nghĩa quyết định vận mệnh của quốc gia [[Đại Việt]] ngày đó. Vì thế, không phải ngẫu nhiên mà vị vua này nổi tiếng uyên thâm đã chọn hai chữ đầy ý nghĩa để đặt tên cho vùng đất mới: ""Quảng"" có nghĩa là mở rộng, ""Nam"" có nghĩa là về [[Hướng nam|phương Nam]], nên tên gọi ""Quảng Nam"" có nghĩa là ""mở rộng về phương Nam''""''.",
before-b3f479fe-ef82-49bd-b7e5-f12955f58450,before,inf:b3f479fe-ef82-49bd-b7e5-f12955f58450,tỉnh Kon Tum,found,11200,73549059,2025-05-30T11:23:50Z,Kon Tum (tỉnh),https://vi.wikipedia.org/w/index.php?oldid=73549059,2026-09-29T15:26:19.693001Z,sources/responses/b5b28ba12f5be435cfa050f08b393413c5d796ddb69f8e2b2d21d16573edd588.json,b5b28ba12f5be435cfa050f08b393413c5d796ddb69f8e2b2d21d16573edd588,CC-BY-SA-4.0,name_type,45,45,"'''Kon Tum''' là [[Tỉnh (Việt Nam)|tỉnh]] nằm ở phía bắc [[Tây Nguyên]], [[Việt Nam]].",
before-b3f479fe-ef82-49bd-b7e5-f12955f58450,before,inf:b3f479fe-ef82-49bd-b7e5-f12955f58450,tỉnh Kon Tum,found,11200,75583441,2026-09-24T03:43:10Z,Kon Tum (tỉnh),https://vi.wikipedia.org/w/index.php?oldid=75583441,2026-09-29T15:26:18.584908Z,sources/responses/549002c3d393722a23ae01d72fedee0c7e4de06aec835ce8d0052814ba2dc46b.json,549002c3d393722a23ae01d72fedee0c7e4de06aec835ce8d0052814ba2dc46b,CC-BY-SA-4.0,reorganization,45,50,"Năm [[2024]], Kon Tum là đơn vị hành chính [[Việt Nam]] đông thứ 60 về số dân, xếp thứ 59 về [[Tổng sản phẩm trên địa bàn (GRDP)]], xếp thứ 53 về [[Tổng sản phẩm trên địa bàn (GRDP)|GRDP]] bình quân đầu người, đứng thứ 28 về tốc độ tăng trưởng [[Tổng sản phẩm trên địa bàn (GRDP)|GRDP]]. Với 629.267 người dân,<ref>{{Chú thích web|url=https://www.gso.gov.vn/default.aspx?tabid=714|title=Dân số các tỉnh Việt Nam|last=|first=|date=|website=https://www.gso.gov.vn/default.aspx?tabid=714|archive-url=|archive-date=|url-status=|access-date =Ngày 30 tháng 9 năm 2019}}</ref> số liệu kinh tế - xã hội thống kê GRDP đạt 20.057 tỉ [[Đồng (đơn vị tiền tệ)|Đồng]] (tương ứng với 0,8711 tỉ USD).<ref name="":0"">{{Chú thích web|url=http://thongkekontum.gov.vn/xem-tin-tuc.aspx?id=20590|title=Tình hình kinh tế, xã hội Kon Tum năm 2018|last=|first=|date=|website=Cục Thống kê tỉnh Kon Tum|archive-url=https://web.archive.org/web/20210206035028/http://thongkekontum.gov.vn/xem-tin-tuc.aspx?id=20590|archive-date=2021-02-06|url-status=dead|access-date=Ngày 12 tháng 10 năm 2019}}</ref>

Ngày [[12 tháng 6]] năm [[2025]], [[Quốc hội Việt Nam|Quốc hội]] thông qua Nghị quyết số 202/2025/QH15 về việc sắp xếp đơn vị hành chính cấp tỉnh năm 2025, theo đó tỉnh được giải thể để sáp nhập vào tỉnh [[Quảng Ngãi]].<ref name="":NQSN2025"">{{Chú thích web |date=16 tháng 6 năm 2025 |title=TOÀN VĂN: Nghị quyết số 202/2025/QH15 về sắp xếp đơn vị hành chính cấp tỉnh |url=https://xaydungchinhsach.chinhphu.vn/toan-van-nghi-quyet-so-202-2025-qh15-ve-sap-xep-don-vi-hanh-chinh-cap-tinh-119250612174148722.htm |publisher=Báo Điện tử Chính phủ |access-date=2025-06-30 |archive-date=2025-06-30 |archive-url=https://web.archive.org/web/20250630073035/https://xaydungchinhsach.chinhphu.vn/toan-van-nghi-quyet-so-202-2025-qh15-ve-sap-xep-don-vi-hanh-chinh-cap-tinh-119250612174148722.htm |url-status=live }}</ref><ref name=""202/2025/QH15"">{{Chú thích web|url=https://quochoi.vn/tintuc/Pages/tin-hoat-dong-cua-quoc-hoi.aspx?ItemID=94532|tựa đề= Nghị quyết số 202/2025/QH15 về việc sắp xếp đơn vị hành chính cấp tỉnh |ngày= 2025-06-12 |website= Cổng thông tin điện tử Quốc hội Việt Nam |url lưu trữ=https://web.archive.org/web/20250612150244/https://quochoi.vn/tintuc/Pages/tin-hoat-dong-cua-quoc-hoi.aspx?ItemID=94532|ngày lưu trữ= 2025-06-12 |ngày truy cập= 2025-06-12 |url-status=live}}</ref>

== Địa lý ==
Trung tâm hành chỉnh của tỉnh là thành phố [[Kon Tum (thành phố)|Kon Tum]] cách [[Thành phố Hồ Chí Minh]] 654&nbsp;km về phía Bắc, cách thành phố [[Đà Nẵng]] 320&nbsp;km về phía Nam và cách thủ đô [[Hà Nội]] 1.095&nbsp;km (theo Google Map)&nbsp;km về phía Nam.",
before-6b88788a-d98c-4b2f-95c1-fe0db56e737e,before,inf:6b88788a-d98c-4b2f-95c1-fe0db56e737e,tỉnh Quảng Ngãi,found,11249,73479186,2025-05-02T07:34:38Z,Quảng Ngãi,https://vi.wikipedia.org/w/index.php?oldid=73479186,2026-09-29T15:26:22.335798Z,sources/responses/6e4d9c3697f37f77a3b7b36841f1b56ecd1b6b3c230c3535ae614b8980e61f53.json,6e4d9c3697f37f77a3b7b36841f1b56ecd1b6b3c230c3535ae614b8980e61f53,CC-BY-SA-4.0,name_type,52,52,"'''Quảng Ngãi''' là một tỉnh ven biển nằm ở phía bắc vùng [[Duyên hải Nam Trung Bộ]], [[miền Trung]] [[Việt Nam]]. Tỉnh lỵ là [[thành phố Quảng Ngãi]], cách [[Thành phố Hồ Chí Minh]] 820&nbsp;km về phía bắc, cách thành phố [[Đà Nẵng]] 130 km về phía nam và cách Thủ đô [[Hà Nội]] 908&nbsp;km về phía nam tính theo đường [[Quốc lộ 1]].",
before-6b88788a-d98c-4b2f-95c1-fe0db56e737e,before,inf:6b88788a-d98c-4b2f-95c1-fe0db56e737e,tỉnh Quảng Ngãi,found,11249,75579250,2026-09-22T15:31:01Z,Quảng Ngãi,https://vi.wikipedia.org/w/index.php?oldid=75579250,2026-09-29T15:26:21.782506Z,sources/responses/dc99921bc1ef4e5090130bdced07a7bdc231dd9da0f5907333ad0eaca13aa269.json,dc99921bc1ef4e5090130bdced07a7bdc231dd9da0f5907333ad0eaca13aa269,CC-BY-SA-4.0,reorganization,426,431,"Từ đó, tỉnh Quảng Ngãi có 1 thành phố Quảng Ngãi (tỉnh lị), 1 thị xã Đức Phổ và 11 huyện: Ba Tơ, Bình Sơn, Lý Sơn, Minh Long, Mộ Đức, Nghĩa Hành, Sơn Hà, Sơn Tây, Sơn Tịnh, Trà Bồng, Tư Nghĩa.

Ngày 12 tháng 6 năm 2025, Quốc hội ban hành Nghị quyết số 202/2025/QH15<ref name=""202/2025/QH15"">{{Chú thích web|url=https://quochoi.vn/tintuc/Pages/tin-hoat-dong-cua-quoc-hoi.aspx?ItemID=94532|tựa đề= Nghị quyết số 202/2025/QH15 về việc sắp xếp đơn vị hành chính cấp tỉnh |ngày= 2025-06-12 |website= Cổng thông tin điện tử Quốc hội Việt Nam |url lưu trữ=https://web.archive.org/web/20250612150244/https://quochoi.vn/tintuc/Pages/tin-hoat-dong-cua-quoc-hoi.aspx?ItemID=94532|ngày lưu trữ= 2025-06-12 |ngày truy cập= 2025-06-12 |url-status=live}}</ref> về việc sắp xếp đơn vị hành chính cấp tỉnh (nghị quyết có hiệu lực từ ngày 12 tháng 6 năm 2025). Theo đó, sáp nhập tỉnh [[Kon Tum (tỉnh)|Kon Tum]] vào tỉnh Quảng Ngãi.

Sau khi sáp nhập, tỉnh Quảng Ngãi có 14.832,55&nbsp;km² diện tích tự nhiên và quy mô dân số là 2.161.755 người.
",
before-b43098d0-f25d-410f-ac08-760408dda032,before,inf:b43098d0-f25d-410f-ac08-760408dda032,tỉnh Bình Định,found,11189,73514115,2025-05-16T12:46:24Z,Bình Định (tỉnh),https://vi.wikipedia.org/w/index.php?oldid=73514115,2026-09-29T15:20:08.546862Z,sources/responses/fddf608f1a59a09b9bdc62b25056a74ff4691d8f145ac483aa22e9e1ef4709af.json,fddf608f1a59a09b9bdc62b25056a74ff4691d8f145ac483aa22e9e1ef4709af,CC-BY-SA-4.0,name_type,52,56,"'''Bình Định''' là một [[Tỉnh (Việt Nam)|tỉnh]] ven biển nằm ở phía bắc vùng [[Duyên hải Nam Trung Bộ]], [[Trung Bộ|miền Trung]] [[Việt Nam]].

==Địa lý==
===Vị trí địa lý===
Bình Định là tỉnh duyên hải [[miền Trung (Việt Nam)|miền Trung Việt Nam]]. Lãnh thổ của tỉnh trải dài 110&nbsp;km theo hướng Bắc – Nam, có chiều ngang với độ hẹp trung bình là 55&nbsp;km (chỗ hẹp nhất 50&nbsp;km, chỗ rộng nhất 60&nbsp;km), có vị trí địa lý:",
before-b43098d0-f25d-410f-ac08-760408dda032,before,inf:b43098d0-f25d-410f-ac08-760408dda032,tỉnh Bình Định,found,11189,75583543,2026-09-24T04:05:36Z,Bình Định (tỉnh),https://vi.wikipedia.org/w/index.php?oldid=75583543,2026-09-29T15:20:07.980743Z,sources/responses/48f2b7dc419aeb5647ae170fb7276737512f450ec86a0b2adc85e45b7cd92ace.json,48f2b7dc419aeb5647ae170fb7276737512f450ec86a0b2adc85e45b7cd92ace,CC-BY-SA-4.0,reorganization,60,62,"'''Bình Định''' là một [[Tỉnh (Việt Nam)|tỉnh]] [[Bờ biển|ven biển]] cũ thuộc khu vực [[Duyên hải Nam Trung Bộ và Tây Nguyên|Duyên hải Nam Trung Bộ]], [[Trung Bộ|miền Trung]] của [[Việt Nam]]. Từng tồn tại trong hai giai đoạn: Từ năm [[1831]] đến ngày [[24 tháng 2]] năm [[1976]] và từ ngày [[30 tháng 6]] năm [[1989]] đến ngày [[1 tháng 7]] năm [[2025]]. Địa phận của tỉnh hiện nay tương ứng với phần phía đông của tỉnh [[Gia Lai]].

Ngày [[12 tháng 6]] năm [[2025]], [[Quốc hội Việt Nam|Quốc hội]] thông qua Nghị quyết số 202/2025/QH15 về việc sắp xếp đơn vị hành chính cấp tỉnh năm [[2025]], theo đó tỉnh được giải thể để sáp nhập vào tỉnh [[Gia Lai]].<ref name=""202/2025/QH15"">{{Chú thích web|url=https://quochoi.vn/tintuc/Pages/tin-hoat-dong-cua-quoc-hoi.aspx?ItemID=94532|tựa đề= Nghị quyết số 202/2025/QH15 về việc sắp xếp đơn vị hành chính cấp tỉnh |ngày= 2025-06-12 |website= Cổng thông tin điện tử Quốc hội Việt Nam |url lưu trữ=https://web.archive.org/web/20250612150244/https://quochoi.vn/tintuc/Pages/tin-hoat-dong-cua-quoc-hoi.aspx?ItemID=94532|ngày lưu trữ= 2025-06-12 |ngày truy cập= 2025-06-12 |url-status=live}}</ref><ref name="":NQSN2025"">{{Chú thích web |date=16 tháng 6 năm 2025 |title=TOÀN VĂN: Nghị quyết số 202/2025/QH15 về sắp xếp đơn vị hành chính cấp tỉnh |url=https://xaydungchinhsach.chinhphu.vn/toan-van-nghi-quyet-so-202-2025-qh15-ve-sap-xep-don-vi-hanh-chinh-cap-tinh-119250612174148722.htm |publisher=Báo Điện tử Chính phủ |access-date=2025-06-30 |archive-date=2025-06-30 |archive-url=https://web.archive.org/web/20250630073035/https://xaydungchinhsach.chinhphu.vn/toan-van-nghi-quyet-so-202-2025-qh15-ve-sap-xep-don-vi-hanh-chinh-cap-tinh-119250612174148722.htm |url-status=live }}</ref>",
before-b43098d0-f25d-410f-ac08-760408dda032,before,inf:b43098d0-f25d-410f-ac08-760408dda032,tỉnh Bình Định,found,11189,75583543,2026-09-24T04:05:36Z,Bình Định (tỉnh),https://vi.wikipedia.org/w/index.php?oldid=75583543,2026-09-29T15:20:07.980743Z,sources/responses/48f2b7dc419aeb5647ae170fb7276737512f450ec86a0b2adc85e45b7cd92ace.json,48f2b7dc419aeb5647ae170fb7276737512f450ec86a0b2adc85e45b7cd92ace,CC-BY-SA-4.0,legal_date_as_stated,275,275,"Ngày [[12 tháng 6]] năm [[2025]], Quốc hội ban hành Nghị quyết số 202/2025/QH15<ref name=""202/2025/QH15""/> về việc sắp xếp đơn vị hành chính cấp tỉnh (nghị quyết có hiệu lực ngày thông qua và chính thực đi vào hoạt động từ ngày [[1 tháng 7]] năm [[2025]]). Theo đó, sáp nhập tỉnh Bình Định vào tỉnh [[Gia Lai]].",
before-d6fba89f-0084-4883-b4dd-0c4a4012780d,before,inf:d6fba89f-0084-4883-b4dd-0c4a4012780d,tỉnh Gia Lai,found,11165,73563669,2025-06-04T09:25:28Z,Gia Lai,https://vi.wikipedia.org/w/index.php?oldid=73563669,2026-09-29T15:20:12.230936Z,sources/responses/eef0c1414e46468b871f88c815ab5fe5e79fbad75b5979c32653cb056b7e53bf.json,eef0c1414e46468b871f88c815ab5fe5e79fbad75b5979c32653cb056b7e53bf,CC-BY-SA-4.0,name_type,37,37,"'''Gia Lai''' là một [[Tỉnh thành Việt Nam|tỉnh]] [[cao nguyên|miền núi]] phía bắc của vùng [[Tây Nguyên]], [[miền Trung]] [[Việt Nam]] và là tỉnh có diện tích lớn thứ hai [[Việt Nam]].<ref>Sau Nghệ An</ref> Tỉnh Gia Lai cũng đứng thứ nhất về diện tích và đứng thứ hai về dân số vùng Tây Nguyên. [[Tỉnh lỵ (Việt Nam)|Thủ phủ]] của tỉnh là [[thành phố Pleiku]].",
before-d6fba89f-0084-4883-b4dd-0c4a4012780d,before,inf:d6fba89f-0084-4883-b4dd-0c4a4012780d,tỉnh Gia Lai,found,11165,75598956,2026-09-29T13:24:24Z,Gia Lai,https://vi.wikipedia.org/w/index.php?oldid=75598956,2026-09-29T15:20:11.218553Z,sources/responses/ffd5357872c49a7ecfd0003852bbae2a57064a9ff7c77303c60739cc326ad903.json,ffd5357872c49a7ecfd0003852bbae2a57064a9ff7c77303c60739cc326ad903,CC-BY-SA-4.0,reorganization,1086,1090,"Từ đó, tỉnh Gia Lai có 1 thành phố Pleiku (tỉnh lị); 2 thị xã: An Khê, Ayun Pa và 14 huyện: Chư Păh, Chư Prông, Chư Pưh, Chư Sê, Đắk Đoa, Đắk Pơ, Đức Cơ, Ia Grai, Ia Pa, K'bang, Kông Chro, Krông Pa, Mang Yang, Phú Thiện.

Ngày [[12 tháng 6]] năm [[2025]], Quốc hội ban hành Nghị quyết số 202/2025/QH15<ref name=""202/2025/QH15"">{{Chú thích web|url=https://quochoi.vn/tintuc/Pages/tin-hoat-dong-cua-quoc-hoi.aspx?ItemID=94532|tựa đề= Nghị quyết số 202/2025/QH15 về việc sắp xếp đơn vị hành chính cấp tỉnh |ngày= 2025-06-12 |website= Cổng thông tin điện tử Quốc hội Việt Nam |url lưu trữ=https://web.archive.org/web/20250612150244/https://quochoi.vn/tintuc/Pages/tin-hoat-dong-cua-quoc-hoi.aspx?ItemID=94532|ngày lưu trữ= 2025-06-12 |ngày truy cập= 2025-06-12 |url-status=live}}</ref> về việc sắp xếp đơn vị hành chính cấp tỉnh (nghị quyết có hiệu lực từ ngày [[12 tháng 6]] năm [[2025]]). Theo đó, sáp nhập tỉnh [[Bình Định (tỉnh)|Bình Định]] vào tỉnh Gia Lai.

Sau khi sáp nhập, tỉnh Gia Lai có 21.576,53&nbsp;km² diện tích tự nhiên và quy mô dân số là 3.583.693 người.",
before-db0553c5-a89f-4616-9053-cb5c725846ec,before,inf:db0553c5-a89f-4616-9053-cb5c725846ec,tỉnh Ninh Thuận,found,11205,72105645,2025-01-21T07:31:16Z,Ninh Thuận,https://vi.wikipedia.org/w/index.php?oldid=72105645,2026-09-29T15:26:26.211138Z,sources/responses/4d508d7315549efcf36163e8c5809f2b40dce882b3ce4e8c0b546ce1002630b9.json,4d508d7315549efcf36163e8c5809f2b40dce882b3ce4e8c0b546ce1002630b9,CC-BY-SA-4.0,name_type,46,46,"'''Ninh Thuận''' là một [[tỉnh thành Việt Nam|tỉnh]] [[ven biển]] gần cực nam vùng [[duyên hải Nam Trung Bộ]], [[miền Trung]] của [[Việt Nam]].<ref name=""gdyt"">[http://www.ninhthuan.gov.vn/chinhquyen/sokhdt/Pages/Dieu-kien-tu-nhien-xa-hoi.aspx Tỉnh Ninh Thuận thuộc vùng Duyên hải Nam Trung Bộ] {{Webarchive|url=https://web.archive.org/web/20130104071659/http://www.ninhthuan.gov.vn/chinhquyen/sokhdt/Pages/Dieu-kien-tu-nhien-xa-hoi.aspx |date=2013-01-04 }}, Website Ninh Thuận</ref> [[Tỉnh lỵ (Việt Nam)|Thủ phủ]] của tỉnh là thành phố [[Phan Rang – Tháp Chàm]] nằm cách [[Thành phố Hồ Chí Minh]] 340&nbsp;km về phía Bắc, cách thành phố [[Đà Nẵng]] 642&nbsp;km về phía nam, cách thủ đô [[Hà Nội]] 1.380&nbsp;km về phía Nam và cách [[Nha Trang]] 100&nbsp;km theo đường [[Quốc lộ 1]] và cách [[Đà Lạt]] 110&nbsp;km theo đường [[Quốc lộ 27]], đồng thời nằm cách [[Sân bay quốc tế Cam Ranh|sân bay Cam Ranh]] khoảng 60&nbsp;km, thuận tiện cho việc giao lưu phát triển [[kinh tế]] [[xã hội]] của [[tỉnh]].<ref>[http://www.ninhthuan.gov.vn/Pages/Dieu-kien-tu-nhien1.aspx Phan Rang-Tháp Chàm cách Thành phố Hồ Chí Minh khoảng 350 km] {{Webarchive|url=https://web.archive.org/web/20111113230242/http://www.ninhthuan.gov.vn/Pages/Dieu-kien-tu-nhien1.aspx |date=2011-11-13 }}, Theo Ninh Thuận</ref>",
before-db0553c5-a89f-4616-9053-cb5c725846ec,before,inf:db0553c5-a89f-4616-9053-cb5c725846ec,tỉnh Ninh Thuận,found,11205,75583444,2026-09-24T03:43:11Z,Ninh Thuận,https://vi.wikipedia.org/w/index.php?oldid=75583444,2026-09-29T15:26:24.908199Z,sources/responses/dd72b9de638b0523b7c8de9462000fb668772f5bc4124fa4fcd862f9f4f2fb1e.json,dd72b9de638b0523b7c8de9462000fb668772f5bc4124fa4fcd862f9f4f2fb1e,CC-BY-SA-4.0,reorganization,50,55,"Trong [[Từ điển bách khoa Việt Nam|Từ điển Bách khoa nước Việt Nam]] hay [[Từ điển Bách khoa quân sự Việt Nam]] đều xếp Ninh Thuận vào vùng [[Duyên hải Nam Trung Bộ]]. Tuy nhiên, [[Tổng cục Thống kê Việt Nam]] và Website của [[Bộ Kế hoạch và Đầu tư (Việt Nam)|Bộ Kế hoạch và Đầu tư Việt Nam]] lại xếp 2 tỉnh Ninh Thuận và [[Bình Thuận (tỉnh)|Bình Thuận]] vào [[Đông Nam Bộ]].<ref name="":2"">Xem [http://www.gso.gov.vn/default.aspx?tabid=386&idmid=3&ItemID=6124])</ref><ref name="":3"">[http://www.mpi.gov.vn/quyhoach.aspx?Lang=4&mabai=206 Bình Thuận và Ninh Thuận] {{Webarchive|url=https://web.archive.org/web/20080418084124/http://www.mpi.gov.vn/quyhoach.aspx?Lang=4&mabai=206 |date = ngày 18 tháng 4 năm 2008}}, Bộ Kế hoạch và đầu tư Việt Nam</ref> Một phần khác [[Bộ Kế hoạch và Đầu tư (Việt Nam)|Bộ Kế hoạch & đầu tư Việt Nam]] lại xếp [[Bình Thuận (tỉnh)|Bình Thuận]] và Ninh Thuận vào [[Đồng bằng duyên hải miền Trung|vùng Duyên hải miền Trung]].<ref>[http://www.mpi.gov.vn/ktdp.aspx?Lang=4 Đồng bằng duyên hải miền Trung] {{Webarchive|url=https://web.archive.org/web/20071029011758/http://www.mpi.gov.vn/ktdp.aspx?Lang=4 |date = ngày 29 tháng 10 năm 2007}}, Bộ kế hoạch & đầu tư</ref> Có thể thấy Ninh Thuận (cùng với [[Bình Thuận (tỉnh)|Bình Thuận]]) đôi khi được xem là tỉnh thuộc vùng [[Đông Nam Bộ]] do vị trí địa lý tương đối gần [[Nam Bộ|miền Nam]] và giọng nói của người Ninh Thuận cũng nhẹ hơn các tỉnh [[duyên hải Nam Trung Bộ]] khác ở phía bắc; dù vậy, vùng đất Ninh Thuận xưa nay vẫn luôn gắn liền với [[vương quốc Champa]] và [[văn hóa Sa Huỳnh]] đặc trưng của [[Trung Bộ|miền Trung]].

Ngày [[12 tháng 6]] năm 2025, [[Quốc hội Việt Nam|Quốc hội]] thông qua Nghị quyết số 202/2025/QH15 về việc sắp xếp đơn vị hành chính cấp tỉnh năm 2025, theo đó tỉnh được giải thể để sáp nhập vào tỉnh [[Khánh Hòa]].<ref name=""202/2025/QH15"">{{Chú thích web|url=https://quochoi.vn/tintuc/Pages/tin-hoat-dong-cua-quoc-hoi.aspx?ItemID=94532|tựa đề= Nghị quyết số 202/2025/QH15 về việc sắp xếp đơn vị hành chính cấp tỉnh |ngày= 2025-06-12 |website= Cổng thông tin điện tử Quốc hội Việt Nam |url lưu trữ=https://web.archive.org/web/20250612150244/https://quochoi.vn/tintuc/Pages/tin-hoat-dong-cua-quoc-hoi.aspx?ItemID=94532|ngày lưu trữ= 2025-06-12 |ngày truy cập= 2025-06-12 |url-status=live}}</ref><ref name="":NQSN2025"">{{Chú thích web |date=16 tháng 6 năm 2025 |title=TOÀN VĂN: Nghị quyết số 202/2025/QH15 về sắp xếp đơn vị hành chính cấp tỉnh |url=https://xaydungchinhsach.chinhphu.vn/toan-van-nghi-quyet-so-202-2025-qh15-ve-sap-xep-don-vi-hanh-chinh-cap-tinh-119250612174148722.htm |publisher=Báo Điện tử Chính phủ |access-date=2025-06-30 |archive-date=2025-06-30 |archive-url=https://web.archive.org/web/20250630073035/https://xaydungchinhsach.chinhphu.vn/toan-van-nghi-quyet-so-202-2025-qh15-ve-sap-xep-don-vi-hanh-chinh-cap-tinh-119250612174148722.htm |url-status=live }}</ref>

== Tên gọi ==
Địa danh ''Ninh Thuận'' có nghĩa là ''""An ninh'' và ''Thuận hòa"",'' nhằm thể hiện sự mong muốn về một vùng đất yên ổn và hòa thuận. Nó lần đầu tiên được sử dụng vào năm 1832, khi vua [[Minh Mạng]] cho xoá bỏ [[Thuận Thành trấn]] để lập ra tỉnh Bình Thuận, gồm 2 phủ là Ninh Thuận và Hàm Thuận.",
before-149a9569-bdfa-4472-9d70-98500bd61bfb,before,inf:149a9569-bdfa-4472-9d70-98500bd61bfb,tỉnh Khánh Hòa,found,2764,73485374,2025-05-03T18:16:32Z,Khánh Hòa,https://vi.wikipedia.org/w/index.php?oldid=73485374,2026-09-29T15:26:30.574263Z,sources/responses/0f7774fedc61d1ebf57590f060704eb6a8b2a2bead5657575c5777565655eca4.json,0f7774fedc61d1ebf57590f060704eb6a8b2a2bead5657575c5777565655eca4,CC-BY-SA-4.0,name_type,55,55,"'''Khánh Hòa''' là một [[Tỉnh (Việt Nam)|tỉnh]] [[Bờ biển|ven biển]]  thuộc duyên hải [[Nam Trung Bộ Việt Nam|Nam Trung Bộ]], [[Việt Nam]].",
before-149a9569-bdfa-4472-9d70-98500bd61bfb,before,inf:149a9569-bdfa-4472-9d70-98500bd61bfb,tỉnh Khánh Hòa,found,2764,75580535,2026-09-23T06:20:32Z,Khánh Hòa,https://vi.wikipedia.org/w/index.php?oldid=75580535,2026-09-29T15:26:29.281354Z,sources/responses/ec0fc2de10731b0d66842ee6761e7236513073fd97911436c4659fdae388d3bb.json,ec0fc2de10731b0d66842ee6761e7236513073fd97911436c4659fdae388d3bb,CC-BY-SA-4.0,reorganization,636,641,"Ngày [[23 tháng 12]] năm [[2010]], chuyển thị xã Cam Ranh thành thành phố Cam Ranh.<ref>{{Chú thích web|url=https://chinhphu.vn/default.aspx?pageid=27160&docid=98253|tựa đề=Nghị quyết số 65/NQ-CP của Chính phủ: Về việc thành lập thành phố Cam Ranh thuộc tỉnh Khánh Hòa.|ngày=23 tháng 12 năm 2010|website=Báo Chính phủ}}</ref> Từ đó, tỉnh Khánh Hòa có 2 thành phố: Nha Trang (tỉnh lị), Cam Ranh; 1 thị xã Ninh Hòa và 6 huyện: Cam Lâm, Diên Khánh, Khánh Sơn, Khánh Vĩnh, Trường Sa, Vạn Ninh.

Ngày 12 tháng 6 năm 2025, Quốc hội ban hành Nghị quyết số 202/2025/QH15<ref name=""202/2025/QH15"">{{Chú thích web |url=https://quochoi.vn/tintuc/Pages/tin-hoat-dong-cua-quoc-hoi.aspx?ItemID=94532 |tựa đề=Nghị quyết số 202/2025/QH15 về việc sắp xếp đơn vị hành chính cấp tỉnh |ngày=2025-06-12 |website=Cổng thông tin điện tử Quốc hội Việt Nam |url lưu trữ=https://web.archive.org/web/20250612150244/https://quochoi.vn/tintuc/Pages/tin-hoat-dong-cua-quoc-hoi.aspx?ItemID=94532 |ngày lưu trữ=2025-06-12 |ngày truy cập=2025-06-12 |url-status=live}}</ref> về việc sắp xếp đơn vị hành chính cấp tỉnh (nghị quyết có hiệu lực từ ngày 12 tháng 6 năm 2025). Theo đó, sáp nhập tỉnh [[Ninh Thuận]] vào tỉnh Khánh Hòa.

Sau khi sáp nhập, tỉnh Khánh Hòa có 8.555,86&nbsp;km² diện tích tự nhiên và quy mô dân số là 2.243.554 người.
",
before-a75cdf18-847d-4f99-8780-77d7d02a9b8a,before,inf:a75cdf18-847d-4f99-8780-77d7d02a9b8a,tỉnh Đắk Nông,found,30614,73467978,2025-05-01T05:18:42Z,Đắk Nông (tỉnh),https://vi.wikipedia.org/w/index.php?oldid=73467978,2026-09-29T15:26:33.398271Z,sources/responses/ad4548c2f84ad23fa1117e7aff6342bfb7760c673158f2b752159f78b0750917.json,ad4548c2f84ad23fa1117e7aff6342bfb7760c673158f2b752159f78b0750917,CC-BY-SA-4.0,name_type,38,38,"'''Đắk Nông''' là một [[tỉnh (Việt Nam)|tỉnh]] thuộc vùng [[Tây Nguyên]], [[Trung Bộ|miền Trung]], [[Việt Nam]].",
before-a75cdf18-847d-4f99-8780-77d7d02a9b8a,before,inf:a75cdf18-847d-4f99-8780-77d7d02a9b8a,tỉnh Đắk Nông,found,30614,75583443,2026-09-24T03:43:11Z,Đắk Nông (tỉnh),https://vi.wikipedia.org/w/index.php?oldid=75583443,2026-09-29T15:26:32.417594Z,sources/responses/537c5125109cf3ba3b9b7178a6b1c4938ef7115a98d75e18d2cb9009ef8badf6.json,537c5125109cf3ba3b9b7178a6b1c4938ef7115a98d75e18d2cb9009ef8badf6,CC-BY-SA-4.0,reorganization,46,51,"Năm [[2024]], Đắk Nông là tỉnh, thành [[Việt Nam]] đông thứ 57 về số dân, xếp thứ 52 về [[Tổng sản phẩm trên địa bàn (GRDP)]], xếp thứ 47 về [[Tổng sản phẩm trên địa bàn (GRDP)|GRDP]] bình quân đầu người, đứng thứ 7 về tốc độ tăng trưởng [[Tổng sản phẩm trên địa bàn (GRDP)|GRDP]]. Với 746.149 người dân,<ref>{{Chú thích web|url=https://www.gso.gov.vn/default.aspx?tabid=714|title=Dân số các tỉnh Việt Nam|last=|first=|date=|website=Tổng cục Thống Kê Việt Nam|archive-url=|archive-date=|url-status=|access-date=Ngày 30 tháng 9 năm 2019}}</ref> số liệu GRDP đạt 56.807 tỉ [[Đồng (đơn vị tiền tệ)|Đồng]] (tương ứng với 2,48 tỷ USD), GRDP bình quân đầu người đạt 76,48 triệu đồng (tương ứng với 3.248 USD), tốc độ tăng trưởng GRDP đạt 8,63%.<ref name="":0"">{{Chú thích web|url=https://baodaknong.org.vn/thoi-su-trong-tinh/toc-do-tang-truong-dak-nong-dung-thu-7-ca-nuoc-90837.html#:~:text=Ng%C3%A0y%2029%2F12%2C%20C%E1%BB%A5c%20Th%E1%BB%91ng%20k%C3%AA%20t%E1%BB%89nh%20%C4%90%E1%BA%AFk%20N%C3%B4ng,t%E1%BB%B7%20%C4%91%E1%BB%93ng%2C%20t%C4%83ng%208%2C63%25%20so%20v%E1%BB%9Bi%20n%C4%83m%20tr%C6%B0%E1%BB%9Bc.|title=Tình hình kinh tế, xã hội Đắk Nông năm 2021|last=|first=|date=|website=Bộ Kế hoạch và Đầu tư|archive-url=https://web.archive.org/web/20220109142838/https://baodaknong.org.vn/thoi-su-trong-tinh/toc-do-tang-truong-dak-nong-dung-thu-7-ca-nuoc-90837.html#:~:text=Ng%C3%A0y%2029%2F12%2C%20C%E1%BB%A5c%20Th%E1%BB%91ng%20k%C3%AA%20t%E1%BB%89nh%20%C4%90%E1%BA%AFk%20N%C3%B4ng,t%E1%BB%B7%20%C4%91%E1%BB%93ng%2C%20t%C4%83ng%208%2C63%25%20so%20v%E1%BB%9Bi%20n%C4%83m%20tr%C6%B0%E1%BB%9Bc.|archive-date=2022-01-09|url-status=dead|access-date=Ngày 30 tháng 12 năm 2021}}</ref>

Ngày [[12 tháng 6]] năm [[2025]], [[Quốc hội Việt Nam|Quốc hội]] thông qua Nghị quyết số 202/2025/QH15 về việc sắp xếp đơn vị hành chính cấp tỉnh năm 2025, theo đó tỉnh được giải thể cùng tỉnh [[Bình Thuận (tỉnh)|Bình Thuận]] để sáp nhập vào tỉnh [[Lâm Đồng]].<ref name=""202/2025/QH15"">{{Chú thích web|url=https://quochoi.vn/tintuc/Pages/tin-hoat-dong-cua-quoc-hoi.aspx?ItemID=94532|tựa đề= Nghị quyết số 202/2025/QH15 về việc sắp xếp đơn vị hành chính cấp tỉnh |ngày= 2025-06-12 |website= Cổng thông tin điện tử Quốc hội Việt Nam |url lưu trữ=https://web.archive.org/web/20250612150244/https://quochoi.vn/tintuc/Pages/tin-hoat-dong-cua-quoc-hoi.aspx?ItemID=94532|ngày lưu trữ= 2025-06-12 |ngày truy cập= 2025-06-12 |url-status=live}}</ref><ref name="":NQSN2025"">{{Chú thích web |date=16 tháng 6 năm 2025 |title=TOÀN VĂN: Nghị quyết số 202/2025/QH15 về sắp xếp đơn vị hành chính cấp tỉnh |url=https://xaydungchinhsach.chinhphu.vn/toan-van-nghi-quyet-so-202-2025-qh15-ve-sap-xep-don-vi-hanh-chinh-cap-tinh-119250612174148722.htm |publisher=Báo Điện tử Chính phủ |access-date=2025-06-30 |archive-date=2025-06-30 |archive-url=https://web.archive.org/web/20250630073035/https://xaydungchinhsach.chinhphu.vn/toan-van-nghi-quyet-so-202-2025-qh15-ve-sap-xep-don-vi-hanh-chinh-cap-tinh-119250612174148722.htm |url-status=live }}</ref>

==Địa lý==
===Vị trí địa lý===",
before-b79cd411-11c3-4c73-b7ff-1fe6fa1f318c,before,inf:b79cd411-11c3-4c73-b7ff-1fe6fa1f318c,tỉnh Bình Thuận,found,11193,73438589,2025-04-18T12:08:17Z,Bình Thuận (tỉnh),https://vi.wikipedia.org/w/index.php?oldid=73438589,2026-09-29T15:26:36.840594Z,sources/responses/773b6f34074cfb23397411993cf98ab8ac71d798e289b8a3170c87abe1156465.json,773b6f34074cfb23397411993cf98ab8ac71d798e289b8a3170c87abe1156465,CC-BY-SA-4.0,name_type,42,42,"'''Bình Thuận''' là [[Tỉnh thành Việt Nam|tỉnh]] [[ven biển]] cực nam của vùng [[duyên hải Nam Trung Bộ]], [[Việt Nam]].",
before-b79cd411-11c3-4c73-b7ff-1fe6fa1f318c,before,inf:b79cd411-11c3-4c73-b7ff-1fe6fa1f318c,tỉnh Bình Thuận,found,11193,75583538,2026-09-24T04:05:32Z,Bình Thuận (tỉnh),https://vi.wikipedia.org/w/index.php?oldid=75583538,2026-09-29T15:26:35.724752Z,sources/responses/02a1a378b9b5dc3fa41bd227fe4f531642f74610de647d083da21e97858d099b.json,02a1a378b9b5dc3fa41bd227fe4f531642f74610de647d083da21e97858d099b,CC-BY-SA-4.0,reorganization,38,43,"'''Bình Thuận''' là [[Tỉnh (Việt Nam)|tỉnh]] [[ven biển]] cũ nằm ở cực nam của vùng [[Duyên hải Nam Trung Bộ và Tây Nguyên|Duyên hải Nam Trung Bộ]], [[Trung Bộ|miền Trung]] [[Việt Nam]]. Tỉnh tồn tại trong hai giai đoạn: Từ năm [[1831]] đến ngày [[24 tháng 2]] năm [[1976]] và từ ngày [[26 tháng 12]] năm [[1991]] đến ngày [[1 tháng 7]] năm [[2025]]. Địa phận của tỉnh hiện nay tương ứng với phần phía nam của tỉnh [[Lâm Đồng]].

Ngày [[12 tháng 6]] năm [[2025]], [[Quốc hội Việt Nam|Quốc hội]] thông qua Nghị quyết số 202/2025/QH15 về việc sắp xếp đơn vị hành chính cấp tỉnh năm 2025, theo đó, tỉnh được giải thể cùng với tỉnh [[Đắk Nông]] để sáp nhập vào tỉnh [[Lâm Đồng]].<ref name=""202/2025/QH15"">{{Chú thích web|url=https://quochoi.vn/tintuc/Pages/tin-hoat-dong-cua-quoc-hoi.aspx?ItemID=94532|tựa đề= Nghị quyết số 202/2025/QH15 về việc sắp xếp đơn vị hành chính cấp tỉnh |ngày= 2025-06-12 |website= Cổng thông tin điện tử Quốc hội Việt Nam |url lưu trữ=https://web.archive.org/web/20250612150244/https://quochoi.vn/tintuc/Pages/tin-hoat-dong-cua-quoc-hoi.aspx?ItemID=94532|ngày lưu trữ= 2025-06-12 |ngày truy cập= 2025-06-12 |url-status=live}}</ref><ref name="":NQSN2025"">{{Chú thích web |date=16 tháng 6 năm 2025 |title=TOÀN VĂN: Nghị quyết số 202/2025/QH15 về sắp xếp đơn vị hành chính cấp tỉnh |url=https://xaydungchinhsach.chinhphu.vn/toan-van-nghi-quyet-so-202-2025-qh15-ve-sap-xep-don-vi-hanh-chinh-cap-tinh-119250612174148722.htm |publisher=Báo Điện tử Chính phủ |access-date=2025-06-30 |archive-date=2025-06-30 |archive-url=https://web.archive.org/web/20250630073035/https://xaydungchinhsach.chinhphu.vn/toan-van-nghi-quyet-so-202-2025-qh15-ve-sap-xep-don-vi-hanh-chinh-cap-tinh-119250612174148722.htm |url-status=live }}</ref>

==Địa lý==
Bình Thuận là tỉnh có dãy đất bắt đầu chuyển hướng từ Nam sang Tây của phần còn lại của [[Việt Nam]] trên bản đồ hình chữ S, có [[hệ tọa độ địa lý|tọa độ địa lý]] từ 10<sup><small>o</small></sup>33'42"" đến 11<sup><small>o</small></sup>33'18"" vĩ độ Bắc, từ 107<sup><small>o</small></sup>23'41"" đến 108<sup><small>o</small></sup>52'18"" kinh độ Đông,<ref>[http://www.binhthuan.org.vn/uploads/Laws/files/QUYETDINHQUYHOACHVUNG.doc Vị trí địa lý tỉnh Bình Thuận] {{Webarchive|url=https://web.archive.org/web/20150207062239/http://www.binhthuan.org.vn/uploads/Laws/files/QUYETDINHQUYHOACHVUNG.doc |date = ngày 7 tháng 2 năm 2015}}, Website Bình Thuận</ref> có vị trí địa lý:",
before-bdd0ffed-6d5c-42f5-b7d4-48ef3bc80dee,before,inf:bdd0ffed-6d5c-42f5-b7d4-48ef3bc80dee,tỉnh Lâm Đồng,found,11203,73486427,2025-05-03T19:06:34Z,Lâm Đồng,https://vi.wikipedia.org/w/index.php?oldid=73486427,2026-09-29T15:26:39.989182Z,sources/responses/11517e914783a647c177a3e7932ee021bf91162749b25f6a6a67eca3bb99f4cf.json,11517e914783a647c177a3e7932ee021bf91162749b25f6a6a67eca3bb99f4cf,CC-BY-SA-4.0,name_type,42,42,"'''Lâm Đồng''' là một [[tỉnh thành Việt Nam|tỉnh]] [[cao nguyên|miền núi]] nằm ở vùng ở khu vực Tây Nguyên của [[Việt Nam]], đồng thời là tỉnh có diện tích lớn thứ 7 cả nước, tiếp giáp với [[Vùng kinh tế trọng điểm Nam bộ|vùng kinh tế trọng điểm phía Nam]]. [[Tỉnh lỵ (Việt Nam)|Thủ phủ]] của tỉnh là [[thành phố Đà Lạt]].",
before-bdd0ffed-6d5c-42f5-b7d4-48ef3bc80dee,before,inf:bdd0ffed-6d5c-42f5-b7d4-48ef3bc80dee,tỉnh Lâm Đồng,found,11203,75577843,2026-09-22T09:28:25Z,Lâm Đồng,https://vi.wikipedia.org/w/index.php?oldid=75577843,2026-09-29T15:26:39.145713Z,sources/responses/3db1268bde278dda3442de717285d20d57aa2ad316c1ea1f62344c6147855326.json,3db1268bde278dda3442de717285d20d57aa2ad316c1ea1f62344c6147855326,CC-BY-SA-4.0,reorganization,598,603,"Từ đó, tỉnh Lâm Đồng có 2 thành phố: Đà Lạt (tỉnh lỵ), Bảo Lộc và 8 huyện: Bảo Lâm, Đạ Huoai, Đam Rông, Di Linh, Đơn Dương, Đức Trọng, Lạc Dương, Lâm Hà.

Ngày 12 tháng 6 năm 2025, Quốc hội ban hành Nghị quyết số 202/2025/QH15<ref name=""202/2025/QH15"">{{Chú thích web|url=https://quochoi.vn/tintuc/Pages/tin-hoat-dong-cua-quoc-hoi.aspx?ItemID=94532|tựa đề= Nghị quyết số 202/2025/QH15 về việc sắp xếp đơn vị hành chính cấp tỉnh |ngày= 2025-06-12 |website= Cổng thông tin điện tử Quốc hội Việt Nam |url lưu trữ=https://web.archive.org/web/20250612150244/https://quochoi.vn/tintuc/Pages/tin-hoat-dong-cua-quoc-hoi.aspx?ItemID=94532|ngày lưu trữ= 2025-06-12 |ngày truy cập= 2025-06-12 |url-status=live}}</ref> về việc sắp xếp đơn vị hành chính cấp tỉnh (nghị quyết có hiệu lực từ ngày 12 tháng 6 năm 2025). Theo đó, sáp nhập toàn bộ tỉnh [[Bình Thuận (tỉnh)|Bình Thuận]] và tỉnh [[Đắk Nông]] vào tỉnh Lâm Đồng.

Sau khi sáp nhập, tỉnh Lâm Đồng có 24.233,07&nbsp;km² diện tích tự nhiên và quy mô dân số là 3.872.999 người. Là tỉnh có diện tích lớn nhất Việt Nam sau sáp nhập.
",
before-b94949cd-4602-44e1-bf74-4c435939187e,before,inf:b94949cd-4602-44e1-bf74-4c435939187e,tỉnh Phú Yên,found,11254,73471344,2025-05-01T07:50:24Z,Phú Yên (tỉnh),https://vi.wikipedia.org/w/index.php?oldid=73471344,2026-09-29T15:26:42.931355Z,sources/responses/6aa007c1f6431b9787867bd0f99665b07f66296f60e379b88fead08f1ce3b1da.json,6aa007c1f6431b9787867bd0f99665b07f66296f60e379b88fead08f1ce3b1da,CC-BY-SA-4.0,name_type,50,50,"'''Phú Yên''' là [[tỉnh thành Việt Nam|tỉnh]] [[ven biển]] nằm ở trung tâm khu vực [[duyên hải Nam Trung Bộ]], [[Trung Bộ|miền Trung]] [[Việt Nam]]. [[Tỉnh lỵ (Việt Nam)|Tỉnh lỵ]] của tỉnh là thành phố [[Tuy Hòa]].",
before-b94949cd-4602-44e1-bf74-4c435939187e,before,inf:b94949cd-4602-44e1-bf74-4c435939187e,tỉnh Phú Yên,found,11254,75583496,2026-09-24T03:54:16Z,Phú Yên (tỉnh),https://vi.wikipedia.org/w/index.php?oldid=75583496,2026-09-29T15:26:42.297189Z,sources/responses/2b25f4848bd519fbc5509d651514e74293ad62201be26eeb74141c8e34a72fbe.json,2b25f4848bd519fbc5509d651514e74293ad62201be26eeb74141c8e34a72fbe,CC-BY-SA-4.0,reorganization,48,53,"'''Phú Yên''' là một [[Tỉnh (Việt Nam)|tỉnh]] [[ven biển]] cũ nằm ở trung tâm khu vực [[Duyên hải Nam Trung Bộ và Tây Nguyên|Duyên hải Nam Trung Bộ]], [[Trung Bộ|miền Trung]], [[Việt Nam]]. Tỉnh tồn tại trong hai giai đoạn: Từ năm [[1831]] đến ngày [[24 tháng 2]] năm [[1976]] và từ ngày [[30 tháng 6]] năm [[1989]] đến ngày [[1 tháng 7]] năm [[2025]]. Địa phận của tỉnh hiện nay tương ứng với phần phía đông và phía bắc tỉnh [[Đắk Lắk]].

Ngày [[12 tháng 6]] năm [[2025]], [[Quốc hội Việt Nam|Quốc hội]] thông qua Nghị quyết số 202/2025/QH15 về việc sắp xếp đơn vị hành chính cấp tỉnh năm 2025, theo đó tỉnh được giải thể để sáp nhập vào tỉnh [[Đắk Lắk]].<ref name=""202/2025/QH15"">{{Chú thích web|url=https://quochoi.vn/tintuc/Pages/tin-hoat-dong-cua-quoc-hoi.aspx?ItemID=94532|tựa đề= Nghị quyết số 202/2025/QH15 về việc sắp xếp đơn vị hành chính cấp tỉnh |ngày= 2025-06-12 |website= Cổng thông tin điện tử Quốc hội Việt Nam |url lưu trữ=https://web.archive.org/web/20250612150244/https://quochoi.vn/tintuc/Pages/tin-hoat-dong-cua-quoc-hoi.aspx?ItemID=94532|ngày lưu trữ= 2025-06-12 |ngày truy cập= 2025-06-12 |url-status=live}}</ref><ref name="":NQSN2025"">{{Chú thích web |date=16 tháng 6 năm 2025 |title=TOÀN VĂN: Nghị quyết số 202/2025/QH15 về sắp xếp đơn vị hành chính cấp tỉnh |url=https://xaydungchinhsach.chinhphu.vn/toan-van-nghi-quyet-so-202-2025-qh15-ve-sap-xep-don-vi-hanh-chinh-cap-tinh-119250612174148722.htm |publisher=Báo Điện tử Chính phủ |access-date=2025-06-30 |archive-date=2025-06-30 |archive-url=https://web.archive.org/web/20250630073035/https://xaydungchinhsach.chinhphu.vn/toan-van-nghi-quyet-so-202-2025-qh15-ve-sap-xep-don-vi-hanh-chinh-cap-tinh-119250612174148722.htm |url-status=live }}</ref>

== Địa lý ==
{{chính|Địa lý Phú Yên}}",
before-f63954a1-bd8a-404b-bd43-4d9a3d82c359,before,inf:f63954a1-bd8a-404b-bd43-4d9a3d82c359,tỉnh Đắk Lắk,found,11195,73562966,2025-06-04T00:31:23Z,Đắk Lắk,https://vi.wikipedia.org/w/index.php?oldid=73562966,2026-09-29T15:26:46.311237Z,sources/responses/dc9fbbe873a422fa0287762f2cf32e60820d662f22d55da39f80c6b804a3f2ef.json,dc9fbbe873a422fa0287762f2cf32e60820d662f22d55da39f80c6b804a3f2ef,CC-BY-SA-4.0,name_type,36,36,"'''Đắk Lắk''' (trước đây là '''Darlac''') là [[tỉnh thành Việt Nam|tỉnh]] [[cao nguyên|miền núi]] nằm ở trung tâm vùng [[Tây Nguyên]], [[miền Trung]] của [[Việt Nam]]. [[Tỉnh lỵ (Việt Nam)|Tỉnh lỵ]] của tỉnh là thành phố [[Buôn Ma Thuột]].",
before-f63954a1-bd8a-404b-bd43-4d9a3d82c359,before,inf:f63954a1-bd8a-404b-bd43-4d9a3d82c359,tỉnh Đắk Lắk,found,11195,75592941,2026-09-27T10:45:08Z,Đắk Lắk,https://vi.wikipedia.org/w/index.php?oldid=75592941,2026-09-29T15:26:45.180824Z,sources/responses/957a66828c2fca7d7a7830646abd7f8805b4a9e51ec5d183e2ce17a97d6e525f.json,957a66828c2fca7d7a7830646abd7f8805b4a9e51ec5d183e2ce17a97d6e525f,CC-BY-SA-4.0,reorganization,432,437,"Ngày 9 tháng 2 năm 2010, thành phố [[Buôn Ma Thuột (thành phố)|Buôn Ma Thuột]] được công nhận là [[Đô thị loại I (Việt Nam)|đô thị loại I]] trực thuộc tỉnh Đắk Lắk.<ref>[http://thuvienphapluat.vn/archive/Quyet-dinh/Quyet-dinh-228-QD-TTg-cong-nhan-thanh-pho-Buon-Me-Thuot-la-do-thi-loai-I-vb101255t17.aspx Quyết định 228/QĐ-TTg năm 2010 công nhận thành phố Buôn Ma Thuột là đô thị loại I trực thuộc tỉnh Đắk Lắk do Thủ tướng Chính phủ ban hành]</ref>

Ngày 12 tháng 6 năm 2025, Quốc hội ban hành Nghị quyết số 202/2025/QH15<ref name=""202/2025/QH15"">{{Chú thích web|url=https://quochoi.vn/tintuc/Pages/tin-hoat-dong-cua-quoc-hoi.aspx?ItemID=94532|tựa đề= Nghị quyết số 202/2025/QH15 về việc sắp xếp đơn vị hành chính cấp tỉnh |ngày= 2025-06-12 |website= Cổng thông tin điện tử Quốc hội Việt Nam |url lưu trữ=https://web.archive.org/web/20250612150244/https://quochoi.vn/tintuc/Pages/tin-hoat-dong-cua-quoc-hoi.aspx?ItemID=94532|ngày lưu trữ= 2025-06-12 |ngày truy cập= 2025-06-12 |url-status=live}}</ref> về việc sắp xếp đơn vị hành chính cấp tỉnh. Theo đó, toàn bộ diện tích tự nhiên và quy mô dân số của tỉnh [[Phú Yên (tỉnh)|Phú Yên]] và tỉnh Đắk Lắk được sắp xếp để thành lập tỉnh Đắk Lắk mới. Sau sắp xếp, tỉnh Đắk Lắk có diện tích 18.096,40&nbsp;km² và quy mô dân số 3.346.853 người<ref>{{Chú thích web |last=xaydungchinhsach.chinhphu.vn |date=2025-08-07 |title=Chi tiết 34 ĐƠN VỊ HÀNH CHÍNH CẤP TỈNH |url=https://xaydungchinhsach.chinhphu.vn/chi-tiet-34-don-vi-hanh-chinh-cap-tinh-tu-12-6-2025-119250612141845533.htm |access-date=2025-08-07 |website=xaydungchinhsach.chinhphu.vn |language=vi}}</ref>.

Ngày 16 tháng 6 năm 2025, theo nghị quyết sửa đổi Hiến pháp năm 2013, toàn bộ các đơn vị hành chính cấp huyện tại tỉnh Đắk Lắk được giải thể. Cùng ngày, theo nghị quyết sắp xếp đơn vị hành chính cấp xã, tỉnh Đắk Lắk có 102 đơn vị hành chính cấp xã, gồm 14 phường và 88 xã.<ref>{{Chú thích web|url=https://quochoi.vn/tintuc/Pages/tin-hoat-dong-cua-quoc-hoi.aspx?ItemID=94585|tựa đề= Nghị quyết số 203/2025/QH15 về việc Sửa đổi, bổ sung một số điều của Hiến pháp nước Cộng hòa xã hội chủ nghĩa Việt Nam |ngày= 2025-06-16 |website= Cổng thông tin điện tử Quốc hội Việt Nam |url lưu trữ=https://web.archive.org/web/20250616150846/https://quochoi.vn/tintuc/Pages/tin-hoat-dong-cua-quoc-hoi.aspx?ItemID=94585|ngày lưu trữ= 2025-06-16 |ngày truy cập= 2025-06-16 |url-status= dead }}</ref><ref name=""1660/NQ-UBTVQH15"">{{Chú thích web|url=https://quochoi.vn/tintuc/Pages/tin-hoat-dong-cua-quoc-hoi.aspx?ItemID=94608|tựa đề= Nghị quyết số 1660/NQ-UBTVQH15 về việc sắp xếp các đơn vị hành chính cấp xã của tỉnh Đắk Lắk năm 2025 |ngày= 2025-06-16 |website= Cổng thông tin điện tử Quốc hội Việt Nam |url lưu trữ=https://web.archive.org/web/20250616150846/https://quochoi.vn/tintuc/Pages/tin-hoat-dong-cua-quoc-hoi.aspx?ItemID=94608|ngày lưu trữ= 2025-06-16 |ngày truy cập= 2025-06-16 |url-status= dead }}</ref>
",
before-d0eb00f7-20a7-4b13-988a-f2181a7cea65,before,inf:d0eb00f7-20a7-4b13-988a-f2181a7cea65,Thành phố Hồ Chí Minh,found,39,73494086,2025-05-07T07:03:04Z,Thành phố Hồ Chí Minh,https://vi.wikipedia.org/w/index.php?oldid=73494086,2026-09-29T15:26:49.849796Z,sources/responses/2ae289abea90e97a2e2d4054ee1439658cf48523d585d41101411eb0e5851c1e.json,2ae289abea90e97a2e2d4054ee1439658cf48523d585d41101411eb0e5851c1e,CC-BY-SA-4.0,name_type,78,78,"'''Thành phố Hồ Chí Minh''' (viết tắt: '''TP.HCM'''), còn được gọi là '''Sài Gòn''', là [[Thành phố (Việt Nam)|thành phố lớn nhất Việt Nam]] về quy mô dân số và là trung tâm [[Kinh tế Việt Nam|kinh tế]], [[giải trí]], một trong hai trung tâm [[Văn hóa Việt Nam|văn hóa]] và [[Giáo dục Việt Nam|giáo dục]] quan trọng tại Việt Nam. Thành phố Hồ Chí Minh là [[Thành phố trực thuộc trung ương (Việt Nam)|thành phố trực thuộc trung ương]] thuộc loại [[Đô thị Việt Nam#Đô thị loại đặc biệt|đô thị đặc biệt]], nằm trong vùng chuyển tiếp giữa [[Đông Nam Bộ]] và [[Đồng bằng sông Cửu Long|Tây Nam Bộ]]. Về phân chia hành chính, thành phố này hiện có 16 quận, 1 thành phố và 5 huyện, tổng diện tích là 2.095&nbsp;[[Kilômét vuông|km<sup>2</sup>]]. Theo kết quả điều tra dân số sơ bộ vào năm 2021 thì dân số thành phố là 9.166.800 người (chiếm 9,3% [[Dân số Việt Nam qua các thời kỳ|dân số Việt Nam]]), [[mật độ dân số]] trung bình 4.375 người/km² (cao nhất cả nước). Tuy nhiên, nếu tính những người cư trú không đăng ký hộ khẩu thì dân số thực tế của thành phố này năm 2018 là gần 14 triệu người.",
before-d0eb00f7-20a7-4b13-988a-f2181a7cea65,before,inf:d0eb00f7-20a7-4b13-988a-f2181a7cea65,Thành phố Hồ Chí Minh,found,39,75588539,2026-09-26T02:51:48Z,Thành phố Hồ Chí Minh,https://vi.wikipedia.org/w/index.php?oldid=75588539,2026-09-29T15:26:48.366055Z,sources/responses/6e47705bd2e22276c4466fcb87c134cad93b268f02e9cdc79396949b10719925.json,6e47705bd2e22276c4466fcb87c134cad93b268f02e9cdc79396949b10719925,CC-BY-SA-4.0,reorganization,361,366,"Ngày [[24 tháng 11]] năm [[2017]], [[Quốc hội Việt Nam]] ra Nghị quyết về thí điểm cơ chế, chính sách đặc thù phát triển Thành phố Hồ Chí Minh, trong đó tăng thêm quyền hạn cho chính quyền thành phố trong việc quản lý đất đai, quản lý đầu tư, quản lý tài chính – ngân sách nhà nước, phê duyệt đầu tư công; có thêm những nguồn thu mới, có thể được giữ lại ngân sách nhiều hơn và được hưởng một phần số thu từ cổ phần hóa của các [[doanh nghiệp nhà nước]] do [[Ủy ban nhân dân Thành phố Hồ Chí Minh]] quản lý hoặc đại diện sở hữu, được chủ động vay vốn bằng các hình thức khác nhau. Ngoài ra, chính quyền thành phố các cấp còn được chủ động phân quyền cho chính quyền cấp dưới; quyết định mức thu nhập bình quân tăng thêm cho [[cán bộ]], [[công chức]], [[viên chức]], [[chuyên gia]] thuộc thành phố quản lý.<ref>[https://thuvienphapluat.vn/van-ban/Dau-tu/Nghi-quyet-thi-diem-co-che-chinh-sach-dac-thu-phat-trien-thanh-pho-Ho-Chi-Minh-367070.aspx NGHỊ QUYẾT VỀ THÍ ĐIỂM CƠ CHẾ, CHÍNH SÁCH ĐẶC THÙ PHÁT TRIỂN THÀNH PHỐ HỒ CHÍ MINH] {{Webarchive|url=https://web.archive.org/web/20210702051624/https://thuvienphapluat.vn/van-ban/dau-tu/Nghi-quyet-54-2017-QH14-thi-diem-co-che-chinh-sach-dac-thu-phat-trien-Thanh-pho-Ho-Chi-Minh-367070.aspx |date = ngày 2 tháng 7 năm 2021}}, Quốc hội Việt Nam</ref>

Ngày 12 tháng 6 năm 2025, Quốc hội ban hành Nghị quyết số 202/2025/QH15<ref name=""202/2025/QH15"">{{Chú thích web|url=https://quochoi.vn/tintuc/Pages/tin-hoat-dong-cua-quoc-hoi.aspx?ItemID=94532|tựa đề= Nghị quyết số 202/2025/QH15 về việc sắp xếp đơn vị hành chính cấp tỉnh |ngày= 2025-06-12 |website= Cổng thông tin điện tử Quốc hội Việt Nam |url lưu trữ=https://web.archive.org/web/20250612150244/https://quochoi.vn/tintuc/Pages/tin-hoat-dong-cua-quoc-hoi.aspx?ItemID=94532|ngày lưu trữ= 2025-06-12 |ngày truy cập= 2025-06-12 |url-status=live}}</ref> về việc sắp xếp đơn vị hành chính cấp tỉnh (nghị quyết có hiệu lực từ ngày 12 tháng 6 năm 2025). Theo đó, sáp nhập tỉnh [[Bà Rịa – Vũng Tàu]] và tỉnh [[Bình Dương (tỉnh)|Bình Dương]] vào Thành phố Hồ Chí Minh.

Sau khi sáp nhập, Thành phố Hồ Chí Minh có diện tích tự nhiên là 6.772,59&nbsp;km² và quy mô dân số là 14.002.598 người.
",
before-e4824342-5c8a-4edc-88eb-c79ea20ec6b9,before,inf:e4824342-5c8a-4edc-88eb-c79ea20ec6b9,tỉnh Bà Rịa - Vũng Tàu,found,5612,73531970,2025-05-24T03:33:44Z,Bà Rịa – Vũng Tàu,https://vi.wikipedia.org/w/index.php?oldid=73531970,2026-09-29T15:26:52.599606Z,sources/responses/f18b6af2f62d6ed8683340e1175c6afda2e4b56f019c6fa7233b6f8b9c72f13b.json,f18b6af2f62d6ed8683340e1175c6afda2e4b56f019c6fa7233b6f8b9c72f13b,CC-BY-SA-4.0,name_type,55,55,"'''Bà Rịa – Vũng Tàu''' (viết tắt '''BRVT''') là một tỉnh ven biển thuộc vùng [[Đông Nam Bộ]], [[Việt Nam]].",
before-e4824342-5c8a-4edc-88eb-c79ea20ec6b9,before,inf:e4824342-5c8a-4edc-88eb-c79ea20ec6b9,tỉnh Bà Rịa - Vũng Tàu,found,5612,75581918,2026-09-23T12:43:26Z,Bà Rịa – Vũng Tàu,https://vi.wikipedia.org/w/index.php?oldid=75581918,2026-09-29T15:26:52.008007Z,sources/responses/3c68e7cf3c924c1f4528a494a2db2286d05a80e173d1d202b1ef9cd95ea555b7.json,3c68e7cf3c924c1f4528a494a2db2286d05a80e173d1d202b1ef9cd95ea555b7,CC-BY-SA-4.0,reorganization,155,160,"Từ đó, tỉnh Bà Rịa – Vũng Tàu có 3 thành phố: Bà Rịa (tỉnh lị), Phú Mỹ, Vũng Tàu và 4 huyện: Châu Đức, Côn Đảo, Long Đất, Xuyên Mộc.

Ngày 12 tháng 6 năm 2025, Quốc hội ban Nghị quyết số 202/2025/QH15<ref name=""202/2025/QH15"">{{Chú thích web|url=https://quochoi.vn/tintuc/Pages/tin-hoat-dong-cua-quoc-hoi.aspx?ItemID=94532|tựa đề= Nghị quyết số 202/2025/QH15 về việc sắp xếp đơn vị hành chính cấp tỉnh |ngày= 2025-06-12 |website= Cổng thông tin điện tử Quốc hội Việt Nam |url lưu trữ=https://web.archive.org/web/20250612150244/https://quochoi.vn/tintuc/Pages/tin-hoat-dong-cua-quoc-hoi.aspx?ItemID=94532|ngày lưu trữ= 2025-06-12 |ngày truy cập= 2025-06-12 |url-status=live}}</ref> sáp nhập tỉnh Bà Rịa – Vũng Tàu và tỉnh [[Bình Dương (tỉnh)|Bình Dương]] vào [[Thành phố Hồ Chí Minh]].

==Kinh tế==
[[Hình: Trung tâm thương mại Bà Rịa.jpg|nhỏ|phải|268x268px|<center>Trung tâm thương mại Bà Rịa</center>]]",
before-e4824342-5c8a-4edc-88eb-c79ea20ec6b9,before,inf:e4824342-5c8a-4edc-88eb-c79ea20ec6b9,tỉnh Bà Rịa - Vũng Tàu,found,5612,75581918,2026-09-23T12:43:26Z,Bà Rịa – Vũng Tàu,https://vi.wikipedia.org/w/index.php?oldid=75581918,2026-09-29T15:26:52.008007Z,sources/responses/3c68e7cf3c924c1f4528a494a2db2286d05a80e173d1d202b1ef9cd95ea555b7.json,3c68e7cf3c924c1f4528a494a2db2286d05a80e173d1d202b1ef9cd95ea555b7,CC-BY-SA-4.0,historical_extent,43,43,"'''Bà Rịa – Vũng Tàu''' (viết tắt '''BRVT''') là một [[Tỉnh (Việt Nam)|tỉnh]] [[ven biển]] cũ thuộc vùng [[Đông Nam Bộ]], [[Việt Nam]]. Tỉnh tồn tại trong hai giai đoạn: Từ ngày [[12 tháng 8]] năm [[1991]] đến ngày [[24 tháng 2]] năm [[1976]] (giai đoạn 1899–1956 tỉnh mang tên [[Bà Rịa (tỉnh)|Bà Rịa]] và giai đoạn 1956–1976 tỉnh mang tên [[Phước Tuy]]) và từ ngày [[12 tháng 8]] năm [[1991]] đến ngày [[1 tháng 7]] năm [[2025]]. Địa phận của tỉnh hiện nay tương ứng với phần phía đông và phía nam của [[Thành phố Hồ Chí Minh]].",
before-9df78c95-439a-4880-87d7-c9a663ce4e17,before,inf:9df78c95-439a-4880-87d7-c9a663ce4e17,tỉnh Bình Dương,found,11191,73495743,2025-05-08T03:01:02Z,Bình Dương (tỉnh),https://vi.wikipedia.org/w/index.php?oldid=73495743,2026-09-29T15:26:56.192090Z,sources/responses/c9ef1f7810aedc49078a8e945920238cbcf23f9eb3e94cf9ca5412b58f1e9f6d.json,c9ef1f7810aedc49078a8e945920238cbcf23f9eb3e94cf9ca5412b58f1e9f6d,CC-BY-SA-4.0,name_type,58,58,"'''Bình Dương''' là một tỉnh thuộc vùng [[Đông Nam Bộ]], [[Việt Nam]]. ",
before-9df78c95-439a-4880-87d7-c9a663ce4e17,before,inf:9df78c95-439a-4880-87d7-c9a663ce4e17,tỉnh Bình Dương,found,11191,75583566,2026-09-24T04:10:31Z,Bình Dương (tỉnh),https://vi.wikipedia.org/w/index.php?oldid=75583566,2026-09-29T15:26:55.345618Z,sources/responses/9126f94d1a8bff0052ab3a3cdf28303b8a878d62f42888196550ca4d04462121.json,9126f94d1a8bff0052ab3a3cdf28303b8a878d62f42888196550ca4d04462121,CC-BY-SA-4.0,reorganization,275,280,"Từ đó tỉnh Bình Dương có 5 thành phố: Thủ Dầu Một (tỉnh lị), Bến Cát, Dĩ An, Tân Uyên, Thuận An và 4 huyện: Bàu Bàng, Bắc Tân Uyên, Dầu Tiếng, Phú Giáo.

Ngày 12 tháng 6 năm 2025, Quốc hội ban hành Nghị quyết số 202/2025/QH15<ref name=""202/2025/QH15"">{{Chú thích web |ngày=2025-06-12 |tựa đề=Nghị quyết số 202/2025/QH15 về việc sắp xếp đơn vị hành chính cấp tỉnh |url=https://quochoi.vn/tintuc/Pages/tin-hoat-dong-cua-quoc-hoi.aspx?ItemID=94532 |url-status=live |url lưu trữ=https://web.archive.org/web/20250612150244/https://quochoi.vn/tintuc/Pages/tin-hoat-dong-cua-quoc-hoi.aspx?ItemID=94532 |ngày lưu trữ=2025-06-12 |ngày truy cập=2025-06-12 |website=Cổng thông tin điện tử Quốc hội Việt Nam}}</ref> về việc sắp xếp đơn vị hành chính cấp tỉnh (nghị quyết có hiệu lực từ ngày 12 tháng 6 năm 2025). Theo đó, từ ngày 1 tháng 7 năm 2025, tỉnh Bình Dương cùng với tỉnh [[Bà Rịa – Vũng Tàu|Bà Rịa - Vũng Tàu]] được sáp nhập vào [[Thành phố Hồ Chí Minh]].

==Kinh tế==
[[Tập tin:Chùa Bà Bình Dương.jpg|nhỏ|phải|250px|<center>Chùa Bà, Bình Dương</center>]]",
before-b961765f-124d-462d-ac0d-831c6f69e78e,before,inf:b961765f-124d-462d-ac0d-831c6f69e78e,tỉnh Bình Phước,found,11192,72710293,2025-03-21T14:41:39Z,Bình Phước (tỉnh),https://vi.wikipedia.org/w/index.php?oldid=72710293,2026-09-29T15:26:59.154334Z,sources/responses/eb510c1f9f9b47ee77a048ec7f393978466bed1f931bcc2e39439b5b240a3290.json,eb510c1f9f9b47ee77a048ec7f393978466bed1f931bcc2e39439b5b240a3290,CC-BY-SA-4.0,name_type,44,44,"'''Bình Phước''' là [[tỉnh]] thuộc vùng [[Đông Nam Bộ]], [[Việt Nam]]. Đây là tỉnh có diện tích lớn nhất Nam Bộ. Tỉnh lỵ của Bình Phước là thành phố [[Đồng Xoài]], cách [[Thành phố Hồ Chí Minh]] khoảng 121&nbsp;km theo đường [[Quốc lộ 13]] và [[Quốc lộ 14]] và 102&nbsp;km theo đường [[Tỉnh lộ 741]]. Bình Phước là tỉnh nằm trong [[Vùng kinh tế trọng điểm Nam bộ]] có 240&nbsp;km đường biên giới với [[Campuchia|Vương quốc Campuchia]] trong đó 3 tỉnh biên giới gồm [[Tbong Khmum]], [[Kratié (tỉnh)|Kratie]], [[Mondulkiri (tỉnh)|Mundulkiri]], tỉnh là cửa ngõ đồng thời là cầu nối của vùng với [[Tây Nguyên]] và [[Campuchia]].<ref name=""btorgtqvt"">[http://www.binhphuoc.gov.vn/3cms/?cmd=120&cat=1227174184323 Tổng quan Bình Phước] {{Webarchive|url=https://web.archive.org/web/20140729221559/http://www.binhphuoc.gov.vn/3cms/?cmd=120&cat=1227174184323 |date = ngày 29 tháng 7 năm 2014}}, Cổng thông tin tỉnh Bình Phước.</ref>",
before-b961765f-124d-462d-ac0d-831c6f69e78e,before,inf:b961765f-124d-462d-ac0d-831c6f69e78e,tỉnh Bình Phước,found,11192,75583500,2026-09-24T03:54:18Z,Bình Phước (tỉnh),https://vi.wikipedia.org/w/index.php?oldid=75583500,2026-09-29T15:26:58.365973Z,sources/responses/178786923ebb01beab60a72902a56137b984ea5c0f3ed62052ade60b043dbeeb.json,178786923ebb01beab60a72902a56137b984ea5c0f3ed62052ade60b043dbeeb,CC-BY-SA-4.0,reorganization,53,58,"[[Tập tin:Logo tỉnh Bình Phước 2022.svg|nhỏ|150x150px|Biểu trưng cũ<br><small>(2022–2024)</small>]]

Ngày [[12 tháng 6]] năm [[2025]], [[Quốc hội Việt Nam|Quốc hội]] thông qua Nghị quyết số 202/2025/QH15 về việc sắp xếp đơn vị hành chính cấp tỉnh năm 2025, theo đó tỉnh được giải thể vào [[1 tháng 7]] năm [[2025]] để sáp nhập vào tỉnh [[Đồng Nai]].<ref name=""202/2025/QH15"">{{Chú thích web|url=https://quochoi.vn/tintuc/Pages/tin-hoat-dong-cua-quoc-hoi.aspx?ItemID=94532|tựa đề= Nghị quyết số 202/2025/QH15 về việc sắp xếp đơn vị hành chính cấp tỉnh |ngày= 2025-06-12 |website= Cổng thông tin điện tử Quốc hội Việt Nam |url lưu trữ=https://web.archive.org/web/20250612150244/https://quochoi.vn/tintuc/Pages/tin-hoat-dong-cua-quoc-hoi.aspx?ItemID=94532|ngày lưu trữ= 2025-06-12 |ngày truy cập= 2025-06-12 |url-status=live}}</ref><ref name="":NQSN2025"">{{Chú thích web |date=16 tháng 6 năm 2025 |title=TOÀN VĂN: Nghị quyết số 202/2025/QH15 về sắp xếp đơn vị hành chính cấp tỉnh |url=https://xaydungchinhsach.chinhphu.vn/toan-van-nghi-quyet-so-202-2025-qh15-ve-sap-xep-don-vi-hanh-chinh-cap-tinh-119250612174148722.htm |publisher=Báo Điện tử Chính phủ |access-date=2025-06-30 |archive-date=2025-06-30 |archive-url=https://web.archive.org/web/20250630073035/https://xaydungchinhsach.chinhphu.vn/toan-van-nghi-quyet-so-202-2025-qh15-ve-sap-xep-don-vi-hanh-chinh-cap-tinh-119250612174148722.htm |url-status=live }}</ref>

== Tên gọi ==
Từ hơn 300 năm trước, cái tên Bình Phước đã được hình thành gắn liền với vùng đất [[Đồng Nai]] - [[Gia Định phú|Gia Định]] xưa. Trong dòng chảy lịch sử, văn hóa và con người nơi đây có nhiều nét tương đồng, nơi hội tụ của ""hồn thiêng sông núi"" đất [[Hướng nam|phương Nam]] của nước [[Việt Nam]]. Dưới thời [[nhà Nguyễn]], Bình Phước thuộc trấn [[Biên Hòa (thành phố)|Biên Hòa]]. Đến giữa thế kỷ XIX, [[Đế quốc thực dân Pháp|thực dân Pháp]] chia Nam Kỳ thành 4 khu vực là [[Sài Gòn (thành phố)|Sài Gòn]], [[Mỹ Tho (tỉnh)|Mỹ Tho]], [[Vĩnh Long]], Bắt Xắc lúc này Bình Phước thuộc khu vực [[Sài Gòn (thành phố)|Sài Gòn]]. Năm 1889, [[Đế quốc thực dân Pháp|thực dân Pháp]] đổi các tiểu khu thành các [[Tỉnh (Việt Nam)|tỉnh]], Bình Phước thuộc địa phận tỉnh [[Biên Hòa (tỉnh)|Biên Hòa]] và [[Thủ Dầu Một (tỉnh)|Thủ Dầu Một]]. Từ năm 1956, [[Việt Nam Cộng hòa]] thiết lập một số tỉnh mới ở [[Miền Nam (Việt Nam)|miền Nam]] trong số đó có hai [[Bình Long (tỉnh)|tỉnh Bình Long]] và [[Phước Long (tỉnh)|Phước Long]] (tiền thân của tỉnh Bình Phước). Tên gọi Bình Phước bắt nguồn từ việc sáp nhập hai tỉnh [[Bình Long (tỉnh)|Bình Long]] và [[Phước Long (tỉnh)|Phước Long]] thành một đơn vị hành chính phân khu Bình Phước trực thuộc [[Trung ương Cục miền Nam]] vào ngày 30 tháng 1 năm 1971. Tên gọi này được ghép từ hai chữ cái đầu của hai tỉnh cũ, thể hiện sự thống nhất và liên kết giữa hai vùng đất này. Cuối năm 1972, phân khu Bình Phước giải thể và tỉnh Bình Phước chính thức được thành lập. Năm 1976, chính quyền mới hợp nhất tỉnh [[Bình Dương (tỉnh)|Bình Dương]] và tỉnh Bình Phước thành tỉnh [[Sông Bé (tỉnh)|Sông Bé]].",
before-700552bc-037d-4910-adc0-1e1d89f35f97,before,inf:700552bc-037d-4910-adc0-1e1d89f35f97,tỉnh Đồng Nai,found,1275,73546286,2025-05-29T08:40:24Z,Đồng Nai,https://vi.wikipedia.org/w/index.php?oldid=73546286,2026-09-29T15:27:02.794432Z,sources/responses/de7adc6786b43bfdc16ab0e265ae455ad7899f14b6b37b2b825b114b8ba9d02d.json,de7adc6786b43bfdc16ab0e265ae455ad7899f14b6b37b2b825b114b8ba9d02d,CC-BY-SA-4.0,name_type,43,43,"'''Đồng Nai''' là một [[Tỉnh (Việt Nam)|tỉnh]] thuộc vùng [[Đông Nam Bộ Việt Nam|Đông Nam Bộ]], [[Việt Nam]]. Đây là địa phương đông dân thứ 5 cả nước sau [[Thành phố Hồ Chí Minh]], [[Hà Nội]], [[Thanh Hóa]] và [[Nghệ An]].",
before-700552bc-037d-4910-adc0-1e1d89f35f97,before,inf:700552bc-037d-4910-adc0-1e1d89f35f97,tỉnh Đồng Nai,found,1275,75591377,2026-09-27T01:09:18Z,Đồng Nai,https://vi.wikipedia.org/w/index.php?oldid=75591377,2026-09-29T15:27:01.639064Z,sources/responses/29fe63e54c5bf33515bc5aacf062afc41e2abcb2e93c1ebfce4cd95efbaf83da.json,29fe63e54c5bf33515bc5aacf062afc41e2abcb2e93c1ebfce4cd95efbaf83da,CC-BY-SA-4.0,reorganization,179,184,"Ngày 30 tháng 12 năm 2015, Thủ tướng Chính phủ ban hành Quyết định số 2488/QĐ-TTg công nhận thành phố Biên Hòa là [[Đô thị loại I (Việt Nam)|đô thị loại I]] trực thuộc tỉnh Đồng Nai.<ref>{{Chú thích web|url=https://thuvienphapluat.vn/van-ban/xay-dung-do-thi/quyet-dinh-2488-qd-ttg-2015-cong-nhan-thanh-pho-bien-hoa-la-do-thi-loai-i-thuoc-tinh-dong-nai-394181.aspx|title=Quyết định số 2488/QĐ-TTg của Thủ tướng Chính phủ về việc công nhận thành phố Biên Hòa là đô thị loại I trực thuộc tỉnh Đồng Nai|tác giả=|họ=|tên=|ngày=|website=|url lưu trữ=|ngày lưu trữ=|ngày truy cập=}}</ref> Ngày 1 tháng 6 năm 2019, chuyển thị xã Long Khánh thành thành phố [[Long Khánh (thành phố)|Long Khánh]].<ref>{{Chú thích web|url=https://thuvienphapluat.vn/van-ban/bo-may-hanh-chinh/Nghi-quyet-673-NQ-UBTVQH14-2019-giai-the-dieu-chinh-dia-gioi-don-vi-hanh-chinh-cap-xa-Dong-Nai-412485.aspx|title=Nghị quyết 673/NQ-UBTVQH14 năm 2019 về việc thành lập, giải thể, điều chỉnh địa giới hành chính một số đơn vị hành chính cấp xã và thành lập thành phố Long Khánh thuộc tỉnh Đồng Nai|last=|first=|date=|website=|archive-url=|archive-date=|url-status=|access-date =}}</ref> Từ đó, tỉnh Đồng Nai có 2 thành phố: Biên Hòa (tỉnh lị), Long Khánh và 9 huyện: Cẩm Mỹ, Định Quán, Long Thành, Nhơn Trạch, Tân Phú, Thống Nhất, Trảng Bom, Vĩnh Cửu, Xuân Lộc.

Ngày 12 tháng 6 năm 2025, Quốc hội ban hành Nghị quyết số 202/2025/QH15<ref name=""202/2025/QH15"">{{Chú thích web |url=https://quochoi.vn/tintuc/Pages/tin-hoat-dong-cua-quoc-hoi.aspx?ItemID=94532 |tựa đề=Nghị quyết số 202/2025/QH15 về việc sắp xếp đơn vị hành chính cấp tỉnh |ngày=2025-06-12 |website=Cổng thông tin điện tử Quốc hội Việt Nam |url lưu trữ=https://web.archive.org/web/20250612150244/https://quochoi.vn/tintuc/Pages/tin-hoat-dong-cua-quoc-hoi.aspx?ItemID=94532 |ngày lưu trữ=2025-06-12 |ngày truy cập=2025-06-12 |url-status=live}}</ref> về việc sắp xếp đơn vị hành chính cấp tỉnh (nghị quyết có hiệu lực từ ngày 12 tháng 6 năm 2025). Theo đó, sáp nhập tỉnh [[Bình Phước (tỉnh)|Bình Phước]] vào tỉnh Đồng Nai. Sau khi sáp nhập, tỉnh Đồng Nai có 12.737,18&nbsp;km² diện tích tự nhiên và quy mô dân số là 4.491.408 người.

Ngày 16 tháng 6 năm 2025, Quốc hội ban hành Nghị quyết số 203/2025/QH15<ref name=""203/2025/QH15"">{{Chú thích web|url=https://quochoi.vn/tintuc/Pages/tin-hoat-dong-cua-quoc-hoi.aspx?ItemID=94585|tựa đề= Nghị quyết số 203/2025/QH15 về việc Sửa đổi, bổ sung một số điều của Hiến pháp nước Cộng hòa xã hội chủ nghĩa Việt Nam |ngày= 2025-06-16 |website= Cổng thông tin điện tử Quốc hội Việt Nam |url lưu trữ=https://web.archive.org/web/20250616150846/https://quochoi.vn/tintuc/Pages/tin-hoat-dong-cua-quoc-hoi.aspx?ItemID=94585|ngày lưu trữ= 2025-06-16 |ngày truy cập= 2025-06-16 |url-status= dead }}</ref> về việc kết thúc hoạt động của đơn vị hành chính cấp huyện trong cả nước từ ngày 1 tháng 7 năm 2025; Ủy ban Thường vụ Quốc hội ban hành Nghị quyết số 1662/NQ-UBTVQH15<ref name=""1662/NQ-UBTVQH15"">{{Chú thích web|url=https://quochoi.vn/tintuc/Pages/tin-hoat-dong-cua-quoc-hoi.aspx?ItemID=94602|tựa đề= Nghị quyết số 1662/NQ-UBTVQH15 về việc sắp xếp các đơn vị hành chính cấp xã của tỉnh Đồng Nai năm 2025 |ngày= 2025-06-16 |website= Cổng thông tin điện tử Quốc hội Việt Nam |url lưu trữ=https://web.archive.org/web/20250616150846/https://quochoi.vn/tintuc/Pages/tin-hoat-dong-cua-quoc-hoi.aspx?ItemID=94602|ngày lưu trữ= 2025-06-16 |ngày truy cập= 2025-06-16 |url-status= dead }}</ref> về việc thành lập 88 xã, phường mới thuộc tỉnh Đồng Nai trên cơ sở 263 đơn vị hành chính cấp xã và giữ 7 đơn vị hành chính cấp xã. Tỉnh Đồng Nai có 23 phường và 72 xã.
",
before-3a09825a-7bec-427b-bb2b-fc8b2a0bcbdd,before,inf:3a09825a-7bec-427b-bb2b-fc8b2a0bcbdd,tỉnh Long An,found,11204,73566420,2025-06-05T16:42:49Z,Long An (tỉnh),https://vi.wikipedia.org/w/index.php?oldid=73566420,2026-09-29T15:27:05.665802Z,sources/responses/18c558b029ad353d2b3ddae1937144dafcfec726b685a8fae6cdad0bf56041c4.json,18c558b029ad353d2b3ddae1937144dafcfec726b685a8fae6cdad0bf56041c4,CC-BY-SA-4.0,name_type,55,55,"'''Long An''' là một [[Tỉnh (Việt Nam)|tỉnh]] thuộc vùng [[Đồng bằng sông Cửu Long]], [[Việt Nam]]. Là địa phương nằm ở cửa ngõ của vùng Đồng bằng sông Cửu Long liền kề với [[Thành phố Hồ Chí Minh]].",
before-3a09825a-7bec-427b-bb2b-fc8b2a0bcbdd,before,inf:3a09825a-7bec-427b-bb2b-fc8b2a0bcbdd,tỉnh Long An,found,11204,75583544,2026-09-24T04:05:36Z,Long An (tỉnh),https://vi.wikipedia.org/w/index.php?oldid=75583544,2026-09-29T15:27:04.831073Z,sources/responses/33f47d86b8467cf14f9d23d408c22ffc82d5f26d720a3600cb5e6352bb248be3.json,33f47d86b8467cf14f9d23d408c22ffc82d5f26d720a3600cb5e6352bb248be3,CC-BY-SA-4.0,reorganization,67,72,"Long An là tỉnh nằm trong [[Vùng kinh tế trọng điểm phía Nam|vùng kinh tế trọng điểm Nam bộ]]<ref name=""vtdltinhlongan"">[http://www.longan.gov.vn/pages/vi-tri-dia-ly.aspx Vị trí địa lý và Điều kiện tự nhiên tỉnh Long An] {{Webarchive|url=https://web.archive.org/web/20130313192010/http://www.longan.gov.vn/Pages/Vi-tri-dia-ly.aspx |date = ngày 13 tháng 3 năm 2013}}, Theo Cổng Thông tin điện tử tỉnh Long An.</ref> và là cửa ngõ nối liền [[Đông Nam Bộ]] với khu vực [[đồng bằng sông Cửu Long]], nhất là có chung đường ranh giới với [[Thành phố Hồ Chí Minh]], bằng hệ thống các quốc lộ: [[Quốc lộ 1|1]], [[Quốc lộ 50|50]], [[Quốc lộ 62|62]], [[Quốc lộ N1|N1]], [[Quốc lộ N2|N2]] ([[Đường Hồ Chí Minh]]). Tỉnh được xem là thị trường tiêu thụ hàng hóa nông sản lớn nhất của Đồng bằng Sông Cửu Long.<ref name=""vtdltinhlongan""/>

Ngày [[12 tháng 6]] năm 2025, [[Quốc hội Việt Nam|Quốc hội]] thông qua Nghị quyết số 202/2025/QH15 về việc sắp xếp đơn vị hành chính cấp tỉnh năm 2025, theo đó tỉnh được giải thể để sáp nhập vào tỉnh [[Tây Ninh]].<ref name=""202/2025/QH15"">{{Chú thích web|url=https://quochoi.vn/tintuc/Pages/tin-hoat-dong-cua-quoc-hoi.aspx?ItemID=94532|tựa đề= Nghị quyết số 202/2025/QH15 về việc sắp xếp đơn vị hành chính cấp tỉnh |ngày= 2025-06-12 |website= Cổng thông tin điện tử Quốc hội Việt Nam |url lưu trữ=https://web.archive.org/web/20250612150244/https://quochoi.vn/tintuc/Pages/tin-hoat-dong-cua-quoc-hoi.aspx?ItemID=94532|ngày lưu trữ= 2025-06-12 |ngày truy cập= 2025-06-12 |url-status=live}}</ref><ref name="":NQSN2025"">{{Chú thích web |date=16 tháng 6 năm 2025 |title=TOÀN VĂN: Nghị quyết số 202/2025/QH15 về sắp xếp đơn vị hành chính cấp tỉnh |url=https://xaydungchinhsach.chinhphu.vn/toan-van-nghi-quyet-so-202-2025-qh15-ve-sap-xep-don-vi-hanh-chinh-cap-tinh-119250612174148722.htm |publisher=Báo Điện tử Chính phủ |access-date=2025-06-30 |archive-date=2025-06-30 |archive-url=https://web.archive.org/web/20250630073035/https://xaydungchinhsach.chinhphu.vn/toan-van-nghi-quyet-so-202-2025-qh15-ve-sap-xep-don-vi-hanh-chinh-cap-tinh-119250612174148722.htm |url-status=live }}</ref>

== Tên gọi ==
Long An là một trong những địa bàn của [[Nam Bộ Việt Nam|Nam Bộ]] từ lâu đã có cư dân sinh sống. Các nhà khảo cổ đã tìm thấy ở [[An Sơn]], đông bắc tỉnh này các di chỉ hậu [[Thời đại đồ đá|kỳ đồ đá]] mới cách đây 3.000 năm và [[Di tích khảo cổ Rạch Núi|Rạch Núi]] đông nam tỉnh di chỉ [[Thời đại đồ sắt|đồ sắt]] cách đây 2.700 năm. Đáng chú ý là trên địa bàn Long An có tới 100 di tích [[văn hóa Óc Eo]] với 12.000 hiện vật, đặc biệt là quần thể Cụm di tích Bình Tả. Đây là quần thể di tích [[Văn hóa Óc Eo|văn hoá Óc Eo]] - [[Phù Nam|văn hoá Phù Nam]] có niên đại từ [[Thế kỷ 1|thế kỷ thứ 1]] đến [[Thế kỷ 7|thế kỷ thứ 7]]. Quần thể di tích Bình Tả cho thấy vào thời cổ đại, vùng đất Long An ngày nay đã từng là trung tâm chính trị, văn hoá và tôn giáo của 2 nhà nước [[Phù Nam]] và [[Chân Lạp]]. Năm [[1620]], chúa [[Nguyễn Phúc Nguyên]] gả [[công chúa Ngọc Vạn]] cho vua [[Chân Lạp]], cư dân [[Người Kinh|người Việt]] bắt đầu có mặt ở vùng đất mới phương Nam. Qua một thời gian dài, địa bàn khai phá được mở rộng hơn và ngày càng có những thay đổi đáng kể về diện mạo. Năm [[1698]], khi Lễ thành hầu [[Nguyễn Hữu Cảnh]] vào kinh lược, toàn bộ vùng đất mới phương Nam được đặt thành phủ [[Gia Định]]. Lúc bấy giờ địa bàn Long An ngày nay trực thuộc tổng Thuận An, huyện Tân Bình, dinh Phiên Trấn, phủ Gia Định. Năm 1802, vua [[Gia Long]] đổi Phủ Gia Định thành Trấn Gia Định. Năm 1808, Trấn Gia Định lại đổi là [[thành Gia Định]]. Năm 1836, vua [[Minh Mạng]] đã cho phá bỏ thành cũ, xây thành mới ở nơi khác, tỉnh [[Gia Định]] bao trùm cả một vùng đất rộng lớn ngày nay thuộc [[Thành phố Hồ Chí Minh]], tỉnh [[Tây Ninh]], tỉnh [[Long An]] và tỉnh [[Svay Rieng]] của [[Campuchia]]. Năm 1954, Việt Nam bị chia cắt làm 2 miền Nam - Bắc, chính quyền [[Quốc gia Việt Nam]] và sau đó là [[Việt Nam Cộng hòa]] tiếp quản đất nước từ vĩ tuyến 17 trở vào nam, trong đó có các tỉnh Tân An, Chợ Lớn. Cùng lúc đó, [[Mặt trận Dân tộc Giải phóng miền Nam Việt Nam]] (sau này là Chính phủ Cách mạng lâm thời [[Cộng hòa Miền Nam Việt Nam]]) được thành lập. Ban đầu, chính quyền [[Việt Nam Cộng hòa]] vẫn duy trì tỉnh Tân An và tỉnh Chợ Lớn như thời Pháp thuộc. Kể từ năm 1956, các tỉnh Tân An và Chợ Lớn bị giải thể, và tỉnh Long An sau đó được thành lập do sáp nhập phần lớn tỉnh [[Chợ Lớn (tỉnh)|Chợ Lớn]] và phần còn lại tỉnh [[Tân An (tỉnh)|Tân An]]. Ngày 22 tháng 10 năm 1956, tỉnh được đổi tên là tỉnh Kiến Tường. Ngày 15 tháng 10 năm 1963, tỉnh Hậu Nghĩa được thành lập do tách phần đất của các tỉnh Long An, Tây Ninh, Bình Dương. Năm [[1976]], khi [[Việt Nam]] được thống nhất thì [[Chính phủ Cách mạng lâm thời Cộng hòa miền Nam Việt Nam]] ra quyết định sáp nhập 2 huyện: [[Đức Hòa (huyện)|Đức Hoà]] và [[Đức Huệ (huyện)|Đức Huệ]] của tỉnh [[Hậu Nghĩa]] cùng với 2 tỉnh [[Kiến Tường (tỉnh)|Kiến Tường]] và Long An được tiến hành hợp nhất tái lập thành tỉnh Long An. Tên gọi Long An được hình thành từ việc ghép tên hai huyện cũ là huyện Tân Long thuộc tỉnh [[Chợ Lớn (tỉnh)|Chợ Lớn]] và huyện Thuận An thuộc tỉnh [[Tân An (tỉnh)|Tân An]] trước đây. Ngày nay, tên gọi của địa danh ""Long An"" được hiểu theo nghĩa như sau: ""Long"" ('''龍''') có nghĩa là [[Rồng Việt Nam|rồng]] - biểu tượng cho sự hưng thịnh, ""An"" ('''安''') có nghĩa là an lành; vì vậy, nên tên gọi ""Long An/('''龍安''')"" mang ý nghĩa ""Đất của rồng an lành & hưng thịnh"".",
before-69bd5e27-42ca-4860-994f-2168f3cf00f1,before,inf:69bd5e27-42ca-4860-994f-2168f3cf00f1,tỉnh Tây Ninh,found,11253,73496604,2025-05-08T13:04:33Z,Tây Ninh,https://vi.wikipedia.org/w/index.php?oldid=73496604,2026-09-29T15:27:09.404167Z,sources/responses/80b4dce58c7e9df79a5127f977dd8a34f1c4dd13736a2aa4f43a3eb363c867f0.json,80b4dce58c7e9df79a5127f977dd8a34f1c4dd13736a2aa4f43a3eb363c867f0,CC-BY-SA-4.0,name_type,62,62,"'''Tây Ninh''' là một [[Tỉnh (Việt Nam)|tỉnh]] thuộc vùng [[Đông Nam Bộ]], [[Việt Nam]].",
before-69bd5e27-42ca-4860-994f-2168f3cf00f1,before,inf:69bd5e27-42ca-4860-994f-2168f3cf00f1,tỉnh Tây Ninh,found,11253,75569181,2026-09-20T03:35:17Z,Tây Ninh,https://vi.wikipedia.org/w/index.php?oldid=75569181,2026-09-29T15:27:08.384143Z,sources/responses/44fbd9baffd5c652064c763be221083db61e60e36dc6a555ada80be71f07253b.json,44fbd9baffd5c652064c763be221083db61e60e36dc6a555ada80be71f07253b,CC-BY-SA-4.0,reorganization,178,183,"Ngày [[10 tháng 1]] năm [[2020]], Ủy ban Thường vụ Quốc hội ban hành Nghị quyết số 865/NQ-UBTVQH14 (nghị quyết có hiệu lực từ ngày [[1 tháng 2]] năm [[2020]]).<ref name=NQ865>{{Chú thích web|url=https://thuvienphapluat.vn/van-ban/bo-may-hanh-chinh/nghi-quyet-865-nq-ubtvqh14-2020-thanh-lap-thi-xa-hoa-thanh-tinh-tay-ninh-434043.aspx|tựa đề=Nghị quyết số 865/NQ-UBTVQH14 năm 2020 về việc thành lập thị xã Hòa Thành, thị xã Trảng Bàng và thành lập các phường, xã thuộc thị xã Hòa Thành, thị xã Trảng Bàng, tỉnh Tây Ninh|tác giả=|họ=|tên=|ngày=|website=|url lưu trữ=|ngày lưu trữ=|ngày truy cập=}}</ref> Theo đó, thành lập hai thị xã [[Hòa Thành (thị xã)|Hòa Thành]] và [[Trảng Bàng (thị xã)|Trảng Bàng]] trên cơ sở toàn bộ diện tích và dân số của hai huyện có tên tương ứng. Kể từ ngày hôm đó, tỉnh Tây Ninh có 1 thành phố Tây Ninh (tỉnh lị); 2 thị xã: Hòa Thành, Trảng Bàng và 6 huyện: Bến Cầu, Châu Thành, Dương Minh Châu, Gò Dầu, Tân Biên, Tân Châu.

Ngày 12 tháng 6 năm 2025, Quốc hội ban hành Nghị quyết số 202/2025/QH15<ref name=""202/2025/QH15"">{{Chú thích web|url=https://quochoi.vn/tintuc/Pages/tin-hoat-dong-cua-quoc-hoi.aspx?ItemID=94532|tựa đề= Nghị quyết số 202/2025/QH15 về việc sắp xếp đơn vị hành chính cấp tỉnh |ngày= 2025-06-12 |website= Cổng thông tin điện tử Quốc hội Việt Nam |url lưu trữ=https://web.archive.org/web/20250612150244/https://quochoi.vn/tintuc/Pages/tin-hoat-dong-cua-quoc-hoi.aspx?ItemID=94532|ngày lưu trữ= 2025-06-12 |ngày truy cập= 2025-06-12 |url-status=live}}</ref> về việc sắp xếp đơn vị hành chính cấp tỉnh (nghị quyết có hiệu lực từ ngày 12 tháng 6 năm 2025). Theo đó, sáp nhập tỉnh [[Long An (tỉnh)|Long An]] vào tỉnh Tây Ninh.

Sau khi sáp nhập, tỉnh Tây Ninh có 8.536,44&nbsp;km² diện tích tự nhiên và quy mô dân số là 3.254.170 người.
",
before-911b3735-1a84-4c5e-8abc-ee3b8b8c8d60,before,inf:911b3735-1a84-4c5e-8abc-ee3b8b8c8d60,thành phố Cần Thơ,found,1022,73467889,2025-05-01T05:13:31Z,Cần Thơ,https://vi.wikipedia.org/w/index.php?oldid=73467889,2026-09-29T15:27:13.210230Z,sources/responses/9f3ac366e99ff30c4c1f0f104e592a5a862a702a32ee17140ad623c0f965ec34.json,9f3ac366e99ff30c4c1f0f104e592a5a862a702a32ee17140ad623c0f965ec34,CC-BY-SA-4.0,name_type,74,74,"'''Cần Thơ''' ([[Chữ Nôm]]: 芹苴) là một trong sáu [[thành phố trực thuộc trung ương]] của [[Việt Nam]]. Đây là thành phố sầm uất và phát triển nhất ở vùng [[Đồng bằng sông Cửu Long]], có vai trò là trung tâm kinh tế, văn hóa, xã hội, y tế, giáo dục và thương mại của cả vùng. Cần Thơ hiện là [[Đô thị Việt Nam|đô thị loại I]], là thành phố trung tâm cấp vùng và cấp quốc gia.",
before-911b3735-1a84-4c5e-8abc-ee3b8b8c8d60,before,inf:911b3735-1a84-4c5e-8abc-ee3b8b8c8d60,thành phố Cần Thơ,found,1022,75583922,2026-09-24T06:42:23Z,Cần Thơ,https://vi.wikipedia.org/w/index.php?oldid=75583922,2026-09-29T15:27:11.822507Z,sources/responses/5f4b5307239c4ca1df6ca075b5555c200ad865bbf1ca7f5050f213f418181242.json,5f4b5307239c4ca1df6ca075b5555c200ad865bbf1ca7f5050f213f418181242,CC-BY-SA-4.0,reorganization,883,888,"Ngày 24 tháng 6 năm 2009, Thủ tướng Chính phủ ban hành Quyết định số 889/QĐ-TTg<ref name=""889/QĐ-TTg"">{{Chú thích web|url=https://thuvienphapluat.vn/van-ban/Bo-may-hanh-chinh/Quyet-dinh-889-QD-TTg-cong-nhan-thanh-pho-Can-Tho-do-thi-loai-1-truc-thuoc-Trung-uong-90322.aspx|tựa đề= Quyết định số 889/QĐ-TTg năm 2009 về việc công nhận thành phố Cần Thơ là đô thị loại I trực thuộc Trung ương |ngày= 2008-06-24 |website= Thư viện pháp luật |url lưu trữ=|ngày lưu trữ=|ngày truy cập=|url-status=live}}</ref> về việc công nhận thành phố Cần Thơ là [[Đô thị Việt Nam#Đô thị loại I|đô thị loại I]] trực thuộc Trung ương.

Ngày 12 tháng 6 năm 2025, Quốc hội ban hành Nghị quyết số 202/2025/QH15<ref name=""202/2025/QH15"">{{Chú thích web|url=https://quochoi.vn/tintuc/Pages/tin-hoat-dong-cua-quoc-hoi.aspx?ItemID=94532|tựa đề= Nghị quyết số 202/2025/QH15 về việc sắp xếp đơn vị hành chính cấp tỉnh |ngày= 2025-06-12 |website= Cổng thông tin điện tử Quốc hội Việt Nam |url lưu trữ=https://web.archive.org/web/20250612150244/https://quochoi.vn/tintuc/Pages/tin-hoat-dong-cua-quoc-hoi.aspx?ItemID=94532|ngày lưu trữ= 2025-06-12 |ngày truy cập= 2025-06-12 |url-status=live}}</ref> về việc sắp xếp đơn vị hành chính cấp tỉnh (nghị quyết có hiệu lực từ ngày 12 tháng 6 năm 2025). Theo đó, sáp nhập tỉnh [[Hậu Giang]] và tỉnh [[Sóc Trăng (tỉnh)|Sóc Trăng]] vào thành phố Cần Thơ.

Sau khi sáp nhập, thành phố Cần Thơ có 6.360,83&nbsp;km² diện tích tự nhiên và quy mô dân số là 4.199.824 người.
",
before-0833216b-21e1-4072-8e44-ea80a196bdf6,before,inf:0833216b-21e1-4072-8e44-ea80a196bdf6,tỉnh Sóc Trăng,found,11248,73467928,2025-05-01T05:15:48Z,Sóc Trăng (tỉnh),https://vi.wikipedia.org/w/index.php?oldid=73467928,2026-09-29T15:27:18.461195Z,sources/responses/ddc3dd8956aff0265e2df97227f5fb42b118e8a0684eaffd2b9cbaec45861eab.json,ddc3dd8956aff0265e2df97227f5fb42b118e8a0684eaffd2b9cbaec45861eab,CC-BY-SA-4.0,name_type,71,71,"'''Sóc Trăng''' là một [[tỉnh]] ven biển, nằm trong vùng hạ lưu Nam [[sông Hậu]] thuộc [[đồng bằng sông Cửu Long]], [[Việt Nam]].",
before-0833216b-21e1-4072-8e44-ea80a196bdf6,before,inf:0833216b-21e1-4072-8e44-ea80a196bdf6,tỉnh Sóc Trăng,found,1022,75583922,2026-09-24T06:42:23Z,Cần Thơ,https://vi.wikipedia.org/w/index.php?oldid=75583922,2026-09-29T15:27:11.822507Z,sources/responses/5f4b5307239c4ca1df6ca075b5555c200ad865bbf1ca7f5050f213f418181242.json,5f4b5307239c4ca1df6ca075b5555c200ad865bbf1ca7f5050f213f418181242,CC-BY-SA-4.0,reorganization,883,888,"Ngày 24 tháng 6 năm 2009, Thủ tướng Chính phủ ban hành Quyết định số 889/QĐ-TTg<ref name=""889/QĐ-TTg"">{{Chú thích web|url=https://thuvienphapluat.vn/van-ban/Bo-may-hanh-chinh/Quyet-dinh-889-QD-TTg-cong-nhan-thanh-pho-Can-Tho-do-thi-loai-1-truc-thuoc-Trung-uong-90322.aspx|tựa đề= Quyết định số 889/QĐ-TTg năm 2009 về việc công nhận thành phố Cần Thơ là đô thị loại I trực thuộc Trung ương |ngày= 2008-06-24 |website= Thư viện pháp luật |url lưu trữ=|ngày lưu trữ=|ngày truy cập=|url-status=live}}</ref> về việc công nhận thành phố Cần Thơ là [[Đô thị Việt Nam#Đô thị loại I|đô thị loại I]] trực thuộc Trung ương.

Ngày 12 tháng 6 năm 2025, Quốc hội ban hành Nghị quyết số 202/2025/QH15<ref name=""202/2025/QH15"">{{Chú thích web|url=https://quochoi.vn/tintuc/Pages/tin-hoat-dong-cua-quoc-hoi.aspx?ItemID=94532|tựa đề= Nghị quyết số 202/2025/QH15 về việc sắp xếp đơn vị hành chính cấp tỉnh |ngày= 2025-06-12 |website= Cổng thông tin điện tử Quốc hội Việt Nam |url lưu trữ=https://web.archive.org/web/20250612150244/https://quochoi.vn/tintuc/Pages/tin-hoat-dong-cua-quoc-hoi.aspx?ItemID=94532|ngày lưu trữ= 2025-06-12 |ngày truy cập= 2025-06-12 |url-status=live}}</ref> về việc sắp xếp đơn vị hành chính cấp tỉnh (nghị quyết có hiệu lực từ ngày 12 tháng 6 năm 2025). Theo đó, sáp nhập tỉnh [[Hậu Giang]] và tỉnh [[Sóc Trăng (tỉnh)|Sóc Trăng]] vào thành phố Cần Thơ.

Sau khi sáp nhập, thành phố Cần Thơ có 6.360,83&nbsp;km² diện tích tự nhiên và quy mô dân số là 4.199.824 người.
",
before-8bcbdce6-2fec-4a16-b879-204d2e6d327c,before,inf:8bcbdce6-2fec-4a16-b879-204d2e6d327c,tỉnh Hậu Giang,found,11198,73467974,2025-05-01T05:18:32Z,Hậu Giang,https://vi.wikipedia.org/w/index.php?oldid=73467974,2026-09-29T15:27:21.534432Z,sources/responses/8b7162d6e412c658e9e7a428fb3009442f4d5dd1f114430e08bdb2259ea217f1.json,8b7162d6e412c658e9e7a428fb3009442f4d5dd1f114430e08bdb2259ea217f1,CC-BY-SA-4.0,name_type,48,48,"'''Hậu Giang''' là một [[Tỉnh (Việt Nam)|tỉnh]] thuộc vùng [[Đồng bằng sông Cửu Long]], [[Việt Nam]]. Năm 2018, Hậu Giang là đơn vị hành chính [[Việt Nam]] đông thứ 54 về số dân, [[Danh sách đơn vị hành chính Việt Nam theo GRDP|xếp thứ 52]] về [[Tổng sản phẩm trên địa bàn (GRDP)]], [[Danh sách đơn vị hành chính Việt Nam theo GRDP bình quân đầu người|xếp thứ 48]] về [[Tổng sản phẩm trên địa bàn (GRDP)|GRDP]] bình quân đầu người, [[Danh sách đơn vị hành chính Việt Nam theo GRDP|đứng thứ 52]] về tốc độ tăng trưởng [[Tổng sản phẩm trên địa bàn (GRDP)|GRDP]]. Với 776.700 người dân<ref>{{Chú thích web|url=https://www.gso.gov.vn/default.aspx?tabid=714|title=Dân số các tỉnh Việt Nam năm 2018|last=|first=|date=|website=Tổng cục Thống kê Việt Nam|archive-url=|archive-date=|url-status=|accessdate =Ngày 30 tháng 9 năm 2019}}</ref>, GRDP đạt 29.763 tỉ [[Đồng (đơn vị tiền tệ)|Đồng]] (tương ứng với 1,2926 tỉ USD), GRDP bình quân đầu người đạt 38,32 triệu đồng (tương ứng với 1.664 USD), tốc độ tăng trưởng GRDP đạt 7,08%.<ref name="":0592"">{{Chú thích web|url=http://www.haugiang.gov.vn/Portal/data/sites/49/upload/13-2018-NQ-H%C4%90ND.pdf|title=Tình hình kinh tế, xã hội Hậu Giang năm 2018|last=|first=|date=|website=UBND tỉnh Hậu Giang|archive-url=|archive-date=|url-status=|accessdate =Ngày 12 tháng 10 năm 2019}}{{Liên kết hỏng|date = ngày 13 tháng 3 năm 2021 |bot=InternetArchiveBot }}</ref>",
before-8bcbdce6-2fec-4a16-b879-204d2e6d327c,before,inf:8bcbdce6-2fec-4a16-b879-204d2e6d327c,tỉnh Hậu Giang,found,11198,75593634,2026-09-27T14:28:44Z,Hậu Giang,https://vi.wikipedia.org/w/index.php?oldid=75593634,2026-09-29T15:27:20.545930Z,sources/responses/84666c0e7b7cf8cd08ae4b32f868dd1f5d70f29ea63e4c98be555aeb9fefe944.json,84666c0e7b7cf8cd08ae4b32f868dd1f5d70f29ea63e4c98be555aeb9fefe944,CC-BY-SA-4.0,reorganization,487,492,"Từ đó tỉnh Hậu Giang có 2 thành phố: Vị Thanh (tỉnh lị), Ngã Bảy; 1 thị xã Long Mỹ và 5 huyện: Châu Thành, Châu Thành A, Long Mỹ, Phụng Hiệp, Vị Thủy.

Ngày 12 tháng 6 năm 2025, Quốc hội ban hành Nghị quyết số 202/2025/QH15<ref name=""202/2025/QH15"">{{Chú thích web|url=https://quochoi.vn/tintuc/Pages/tin-hoat-dong-cua-quoc-hoi.aspx?ItemID=94532|tựa đề= Nghị quyết số 202/2025/QH15 về việc sắp xếp đơn vị hành chính cấp tỉnh |ngày= 2025-06-12 |website= Cổng thông tin điện tử Quốc hội Việt Nam |url lưu trữ=https://web.archive.org/web/20250612150244/https://quochoi.vn/tintuc/Pages/tin-hoat-dong-cua-quoc-hoi.aspx?ItemID=94532|ngày lưu trữ= 2025-06-12 |ngày truy cập= 2025-06-12 |url-status=live}}</ref> về việc sắp xếp đơn vị hành chính cấp tỉnh. Theo đó, từ ngày 1 tháng 7 năm 2025, tỉnh được giải thể cùng với tỉnh [[Sóc Trăng (tỉnh)|Sóc Trăng]] để sáp nhập vào thành phố [[Cần Thơ]].

Ngày 16 tháng 6 năm 2025, Quốc hội ban hành Nghị quyết số 203/2025/QH15<ref>{{Chú thích web|url=https://quochoi.vn/tintuc/Pages/tin-hoat-dong-cua-quoc-hoi.aspx?ItemID=94585|tựa đề= Nghị quyết số 203/2025/QH15 về việc Sửa đổi, bổ sung một số điều của Hiến pháp nước Cộng hòa xã hội chủ nghĩa Việt Nam |ngày= 2025-06-16 |website= Cổng thông tin điện tử Quốc hội Việt Nam |url lưu trữ=https://web.archive.org/web/20250616150846/https://quochoi.vn/tintuc/Pages/tin-hoat-dong-cua-quoc-hoi.aspx?ItemID=94585|ngày lưu trữ= 2025-06-16 |ngày truy cập= 2025-06-16 |url-status= dead }}</ref> về việc Sửa đổi, bổ sung một số điều của Hiến pháp nước Cộng hòa xã hội chủ nghĩa Việt Nam. Theo đó, kết thúc hoạt động của đơn vị hành chính cấp huyện trong cả nước từ ngày 1 tháng 7 năm 2025.
",
before-d5aa2846-2183-496b-b66f-f23d9f5a8f9a,before,inf:d5aa2846-2183-496b-b66f-f23d9f5a8f9a,tỉnh Bến Tre,found,11188,73411754,2025-04-07T09:24:08Z,Bến Tre (tỉnh),https://vi.wikipedia.org/w/index.php?oldid=73411754,2026-09-29T15:27:24.790926Z,sources/responses/2aa1ccce3c5e45a8382274a90b1dddc849081f2267571aee10d758a0b9a01fb4.json,2aa1ccce3c5e45a8382274a90b1dddc849081f2267571aee10d758a0b9a01fb4,CC-BY-SA-4.0,name_type,58,58,"'''Bến Tre''' là một [[Tỉnh (Việt Nam)|tỉnh]] thuộc vùng [[Đồng bằng sông Cửu Long]], [[Việt Nam]]. Tính đến năm 2021, Bến Tre đứng thứ 28 về dân số trong các đơn vị hành chính Việt Nam, xếp thứ 46 về tổng sản phẩm trên địa bàn (GRDP), thứ 56 về GRDP bình quân đầu người và thứ 48 về tốc độ tăng trưởng GRDP. Dân số Bến Tre năm này là 1.288.200 người, GRDP đạt 60.035 tỷ đồng (tương đương 2,83 tỷ USD), GRDP bình quân đầu người đạt 45,1 triệu đồng (tương đương 1.924 USD), tốc độ tăng trưởng GRDP đạt 7,85%.<ref name="":052"">{{chú thích web|url=http://www.bentre.gov.vn/Pages/TinTucSuKien.aspx?ID=23386&InitialTabId=Ribbon.Read|title=Tình hình kinh tế, xã hội Bến Tre năm 2018|last=|first=|date=|website=Cổng thông tin điện tử tỉnh Bến Tre|archive-url=https://web.archive.org/web/20191016170305/http://www.bentre.gov.vn/Pages/TinTucSuKien.aspx%3FID%3D23386%26InitialTabId%3DRibbon.Read|archive-date = ngày 16 tháng 10 năm 2019 |url-status=dead|access-date =Ngày 12 tháng 10 năm 2019}}</ref>",
before-d5aa2846-2183-496b-b66f-f23d9f5a8f9a,before,inf:d5aa2846-2183-496b-b66f-f23d9f5a8f9a,tỉnh Bến Tre,found,11188,75597725,2026-09-29T04:53:30Z,Bến Tre (tỉnh),https://vi.wikipedia.org/w/index.php?oldid=75597725,2026-09-29T15:27:23.755435Z,sources/responses/c2f81eb9f270091ad5e45e06a973281cd9fe8c97f31475d0df3b8a5240f6fc94.json,c2f81eb9f270091ad5e45e06a973281cd9fe8c97f31475d0df3b8a5240f6fc94,CC-BY-SA-4.0,reorganization,252,257,"Ngày 13 tháng 2 năm 2019, thành phố Bến Tre được công nhận là đô thị loại II.<ref>{{chú thích web|url=http://vanban.chinhphu.vn/portal/page/portal/chinhphu/hethongvanban?class_id=2&mode=detail&document_id=196193|tựa đề=Quyết định số 174/QĐ-TTg của Thủ tướng Chính phủ về việc công nhận thành phố Bến Tre là đô thị loại II trực thuộc tỉnh Bến Tre|website= }}</ref>

Ngày 12 tháng 6 năm 2025, Quốc hội ban hành Nghị quyết số 202/2025/QH15<ref name=""202/2025/QH15"">{{Chú thích web|url=https://quochoi.vn/tintuc/Pages/tin-hoat-dong-cua-quoc-hoi.aspx?ItemID=94532|tựa đề= Nghị quyết số 202/2025/QH15 về việc sắp xếp đơn vị hành chính cấp tỉnh |ngày= 2025-06-12 |website= Cổng thông tin điện tử Quốc hội Việt Nam |url lưu trữ=https://web.archive.org/web/20250612150244/https://quochoi.vn/tintuc/Pages/tin-hoat-dong-cua-quoc-hoi.aspx?ItemID=94532|ngày lưu trữ= 2025-06-12 |ngày truy cập= 2025-06-12 |url-status=live}}</ref> về việc sáp nhập tỉnh Bến Tre và tỉnh [[Trà Vinh (tỉnh)|Trà Vinh]] vào tỉnh [[Vĩnh Long]].

==Kinh tế - xã hội==
[[Hình: Chợ Ba Tri.jpg|nhỏ|phải|250px|<center>Chợ huyện Ba Tri</center>]]",
before-cd3fb4df-124b-475d-be16-f67d36d767d5,before,inf:cd3fb4df-124b-475d-be16-f67d36d767d5,tỉnh Trà Vinh,found,11247,73560367,2025-06-02T13:59:11Z,Trà Vinh (tỉnh),https://vi.wikipedia.org/w/index.php?oldid=73560367,2026-09-29T15:27:27.951282Z,sources/responses/afb84255a0718922efd9369b9d51bc8e39e722480ff504e7dcf8a7d28b2bb6f5.json,afb84255a0718922efd9369b9d51bc8e39e722480ff504e7dcf8a7d28b2bb6f5,CC-BY-SA-4.0,name_type,48,48,"'''Trà Vinh''' là một [[Tỉnh (Việt Nam)|tỉnh]] ven biển thuộc vùng [[Đồng bằng sông Cửu Long]], [[Việt Nam]].",
before-cd3fb4df-124b-475d-be16-f67d36d767d5,before,inf:cd3fb4df-124b-475d-be16-f67d36d767d5,tỉnh Trà Vinh,found,11247,75583499,2026-09-24T03:54:18Z,Trà Vinh (tỉnh),https://vi.wikipedia.org/w/index.php?oldid=75583499,2026-09-29T15:27:26.900421Z,sources/responses/2d7ea7de55bb57a1f3f747fcaeb37928b7a94f8644d75f64839a760161fe65d5.json,2d7ea7de55bb57a1f3f747fcaeb37928b7a94f8644d75f64839a760161fe65d5,CC-BY-SA-4.0,reorganization,175,180,"Tỉnh Trà Vinh có 9 đơn vị hành chính cấp huyện, gồm thành phố Trà Vinh, thị xã Duyên Hải và các huyện: Càng Long, Cầu Kè, Cầu Ngang, Châu Thành, Duyên Hải, Tiểu Cần, Trà Cú.

Ngày 12 tháng 6 năm 2025, Quốc hội ban hành Nghị quyết số 202/2025/QH15<ref name=""202/2025/QH15"">{{Chú thích web|url=https://quochoi.vn/tintuc/Pages/tin-hoat-dong-cua-quoc-hoi.aspx?ItemID=94532|tựa đề= Nghị quyết số 202/2025/QH15 về việc sắp xếp đơn vị hành chính cấp tỉnh |ngày= 2025-06-12 |website= Cổng thông tin điện tử Quốc hội Việt Nam |url lưu trữ=https://web.archive.org/web/20250612150244/https://quochoi.vn/tintuc/Pages/tin-hoat-dong-cua-quoc-hoi.aspx?ItemID=94532|ngày lưu trữ= 2025-06-12 |ngày truy cập= 2025-06-12 |url-status=live}}</ref> về việc sắp xếp đơn vị hành chính cấp tỉnh năm 2025. Theo đó, sáp nhập tỉnh [[Bến Tre (tỉnh)|Bến Tre]] và tỉnh Trà Vinh vào tỉnh [[Vĩnh Long]].

==Hành chính ==
Tỉnh Trà Vinh có 9 đơn vị hành chính cấp huyện trực thuộc, bao gồm 1 thành phố, 1 thị xã và 7 huyện với 104 đơn vị hành chính cấp xã, bao gồm 9 phường, 10 thị trấn và 85 xã.<ref name=NQ934>{{chú thích web|url=https://thuvienphapluat.vn/van-ban/bo-may-hanh-chinh/Nghi-quyet-934-NQ-UBTVQH13-dieu-chinh-dia-gioi-hanh-chinh-huyen-Tra-Cu-Duyen-Hai-Tra-Vinh-2015-293985.aspx|title=Nghị quyết số 934/NQ-UBTVQH13 của Ủy ban Thường vụ Quốc hội về việc điều chỉnh địa giới hành chính huyện Trà Cú, huyện Duyên Hải để thành lập thị xã Duyên Hải và 02 phường thuộc thị xã Duyên Hải, tỉnh Trà Vinh|last=|first=|date=|website=|archive-url=|archive-date=|url-status=|access-date=}}</ref>",
before-31f72a00-09b7-4c82-b5c1-8af4ab0a60d2,before,inf:31f72a00-09b7-4c82-b5c1-8af4ab0a60d2,tỉnh Vĩnh Long,found,11232,73579938,2025-06-11T14:13:43Z,Vĩnh Long,https://vi.wikipedia.org/w/index.php?oldid=73579938,2026-09-29T15:27:31.053873Z,sources/responses/c003e90279102d80226b495da9845f3daf730dcc062b3ee4c586d0113822a3c2.json,c003e90279102d80226b495da9845f3daf730dcc062b3ee4c586d0113822a3c2,CC-BY-SA-4.0,name_type,54,54,"'''Vĩnh Long''' là một [[Tỉnh (Việt Nam)|tỉnh]] thuộc vùng [[Đồng bằng sông Cửu Long]], [[Việt Nam]].",
before-31f72a00-09b7-4c82-b5c1-8af4ab0a60d2,before,inf:31f72a00-09b7-4c82-b5c1-8af4ab0a60d2,tỉnh Vĩnh Long,found,11232,75581713,2026-09-23T11:13:54Z,Vĩnh Long,https://vi.wikipedia.org/w/index.php?oldid=75581713,2026-09-29T15:27:30.072982Z,sources/responses/4f63e61e830403b3d15f703990cb8de9fd36e1ec6612437a29f7b8d0747b7f6c.json,4f63e61e830403b3d15f703990cb8de9fd36e1ec6612437a29f7b8d0747b7f6c,CC-BY-SA-4.0,reorganization,194,199,"Từ đó, tỉnh Vĩnh Long có 8 đơn vị hành chính cấp huyện, gồm 1 thành phố Vĩnh Long (tỉnh lị), 1 thị xã Bình Minh và 6 huyện: Bình Tân, Long Hồ, Mang Thít, Tam Bình, Trà Ôn, Vũng Liêm.

Ngày 12 tháng 6 năm 2025, Quốc hội ban hành Nghị quyết số 202/2025/QH15<ref name=""202/2025/QH15"">{{Chú thích web|url=https://quochoi.vn/tintuc/Pages/tin-hoat-dong-cua-quoc-hoi.aspx?ItemID=94532|tựa đề= Nghị quyết số 202/2025/QH15 về việc sắp xếp đơn vị hành chính cấp tỉnh |ngày= 2025-06-12 |website= Cổng thông tin điện tử Quốc hội Việt Nam |url lưu trữ=https://web.archive.org/web/20250612150244/https://quochoi.vn/tintuc/Pages/tin-hoat-dong-cua-quoc-hoi.aspx?ItemID=94532|ngày lưu trữ= 2025-06-12 |ngày truy cập= 2025-06-12 |url-status=live}}</ref> về việc sắp xếp đơn vị hành chính cấp tỉnh (nghị quyết có hiệu lực từ ngày 12 tháng 6 năm 2025). Theo đó, sáp nhập tỉnh [[Bến Tre (tỉnh)|Bến Tre]] và tỉnh [[Trà Vinh (tỉnh)|Trà Vinh]] vào tỉnh Vĩnh Long.

Sau khi sáp nhập, tỉnh Vĩnh Long có 6.296,20&nbsp;km² diện tích tự nhiên và quy mô dân số là 4.257.581 người.
",
before-804585e0-701c-4f26-9c83-5a49b167e4df,before,inf:804585e0-701c-4f26-9c83-5a49b167e4df,tỉnh Tiền Giang,found,5454,73401375,2025-04-04T09:22:51Z,Tiền Giang,https://vi.wikipedia.org/w/index.php?oldid=73401375,2026-09-29T15:27:33.921222Z,sources/responses/a05a8f9b0323698f359c8b0d4f253b3f1f774491822c8df55d8bd0dffb750046.json,a05a8f9b0323698f359c8b0d4f253b3f1f774491822c8df55d8bd0dffb750046,CC-BY-SA-4.0,name_type,57,57,"'''Tiền Giang''' là một [[Tỉnh (Việt Nam)|tỉnh]] ven biển thuộc vùng [[đồng bằng sông Cửu Long]], [[miền Nam Việt Nam]]. Tỉnh nằm trong [[Vùng kinh tế trọng điểm phía Nam]]. Tỉnh lỵ của tỉnh là thành phố [[Thành phố Mỹ Tho|Mỹ Tho]], cách [[Thành phố Hồ Chí Minh]] 70&nbsp;km về hướng Tây Nam và cách thành phố [[Thành phố Cần Thơ|Cần Thơ]] 90&nbsp;km về hướng Đông Bắc<ref name=""gtvetg""/> theo đường [[Quốc lộ 1]].",
before-804585e0-701c-4f26-9c83-5a49b167e4df,before,inf:804585e0-701c-4f26-9c83-5a49b167e4df,tỉnh Tiền Giang,found,5454,75590370,2026-09-26T14:52:04Z,Tiền Giang,https://vi.wikipedia.org/w/index.php?oldid=75590370,2026-09-29T15:27:33.113818Z,sources/responses/5d18e9cb3ff2027705c8755f3cd3fe30805cdd61a522f556f0ef02e8ce58e777.json,5d18e9cb3ff2027705c8755f3cd3fe30805cdd61a522f556f0ef02e8ce58e777,CC-BY-SA-4.0,reorganization,70,75,"Tiền Giang có đường bờ biển dài 32&nbsp;km với địa hình tương đối bằng phẳng, đất phù sa trung tính, ít chua dọc [[sông Tiền]], [[sông Vàm Cỏ]] và [[sông Soài Rạp]]. Phần dọc [[sông Tiền]] chiếm khoảng 53% diện tích toàn tỉnh, thích hợp cho nhiều loại cây trồng và vật nuôi. Tiền Giang là tỉnh có nhiều tiềm năng về du lịch.<ref name=""gtvetg"">{{chú thích web|url=http://tiengiang.gov.vn/chi-tiet-tin/?%2Fgioi-thieu-ve-tien-giang%2F11243313|tiêu đề=Giới thiệu về Tiền Giang|nơi xuất bản=trang thông tin điện tử Tỉnh Tiền Giang|ngày truy cập=2021-09-29|archive-date=2021-09-29|archive-url=https://web.archive.org/web/20210929155055/http://tiengiang.gov.vn/chi-tiet-tin/?%2Fgioi-thieu-ve-tien-giang%2F11243313|url-status=live}}</ref>

Ngày [[12 tháng 6]] năm [[2025]], [[Quốc hội Việt Nam|Quốc hội]] thông qua Nghị quyết số 202/2025/QH15 về việc sắp xếp đơn vị hành chính cấp tỉnh năm 2025, theo đó tỉnh được giải thể vào [[1 tháng 7]] năm [[2025]] để sáp nhập vào tỉnh [[Đồng Tháp]].<ref name=""202/2025/QH15"">{{Chú thích web|url=https://quochoi.vn/tintuc/Pages/tin-hoat-dong-cua-quoc-hoi.aspx?ItemID=94532|tựa đề= Nghị quyết số 202/2025/QH15 về việc sắp xếp đơn vị hành chính cấp tỉnh |ngày= 2025-06-12 |website= Cổng thông tin điện tử Quốc hội Việt Nam |url lưu trữ=https://web.archive.org/web/20250612150244/https://quochoi.vn/tintuc/Pages/tin-hoat-dong-cua-quoc-hoi.aspx?ItemID=94532|ngày lưu trữ= 2025-06-12 |ngày truy cập= 2025-06-12 |url-status=live}}</ref><ref name="":NQSN2025"">{{Chú thích web |date=16 tháng 6 năm 2025 |title=TOÀN VĂN: Nghị quyết số 202/2025/QH15 về sắp xếp đơn vị hành chính cấp tỉnh |url=https://xaydungchinhsach.chinhphu.vn/toan-van-nghi-quyet-so-202-2025-qh15-ve-sap-xep-don-vi-hanh-chinh-cap-tinh-119250612174148722.htm |publisher=Báo Điện tử Chính phủ |access-date=2025-06-30 |archive-date=2025-06-30 |archive-url=https://web.archive.org/web/20250630073035/https://xaydungchinhsach.chinhphu.vn/toan-van-nghi-quyet-so-202-2025-qh15-ve-sap-xep-don-vi-hanh-chinh-cap-tinh-119250612174148722.htm |url-status=live }}</ref>

==Vị trí địa lý==
[[Tỉnh]] [[Tiền Giang]] nằm trong tọa độ địa lý 105°49'07"" đến 106°48'06"" kinh độ Đông và 10°12'20"" đến 10°35'26"" vĩ độ Bắc, có vị trí địa lý:<ref name=""gtvetg""/>:",
before-b19a826b-361d-471a-b453-2af4d403cb8d,before,inf:b19a826b-361d-471a-b453-2af4d403cb8d,tỉnh Đồng Tháp,found,11197,73467906,2025-05-01T05:14:33Z,Đồng Tháp,https://vi.wikipedia.org/w/index.php?oldid=73467906,2026-09-29T15:27:36.961887Z,sources/responses/3cf6ca66394ba0f5cbfac226e919861bec3c447c2220f4c04a59aea72d49fd01.json,3cf6ca66394ba0f5cbfac226e919861bec3c447c2220f4c04a59aea72d49fd01,CC-BY-SA-4.0,name_type,49,49,"'''Đồng Tháp''' là một tỉnh thuộc vùng [[Đồng bằng sông Cửu Long]], [[Việt Nam]]. Vùng đất Đồng Tháp đã được [[Chúa Nguyễn]] khai phá vào khoảng [[thế kỷ XVII]], [[Thế kỷ XVIII|XVIII]]. Tỉnh Đồng Tháp được thành lập trên cơ sở hợp nhất tỉnh [[Kiến Phong]] và [[Sa Đéc (tỉnh)|tỉnh Sa Đéc]] vào năm 1976.",
before-b19a826b-361d-471a-b453-2af4d403cb8d,before,inf:b19a826b-361d-471a-b453-2af4d403cb8d,tỉnh Đồng Tháp,found,11197,75599205,2026-09-29T14:59:51Z,Đồng Tháp,https://vi.wikipedia.org/w/index.php?oldid=75599205,2026-09-29T15:27:35.975366Z,sources/responses/ccc8dec7887639f70246474124fc8d43d6dd07b8debc216fe03777f5a3fca5e4.json,ccc8dec7887639f70246474124fc8d43d6dd07b8debc216fe03777f5a3fca5e4,CC-BY-SA-4.0,reorganization,116,121,"[[Hình: Đồng Tháp Mười nhìn trên cao.jpg|nhỏ|phải|220px|{{center|1=Toàn cảnh Đồng Tháp Mười<br>nhìn từ trên cao}}]]
[[Hình: Đồng Tháp Mười.jpg|nhỏ|phải|220px|{{center|1=Đầm hoa Sen ở Đồng Tháp Mười}}]]
Tỉnh Đồng Tháp hiện nay được thành lập năm 2025 trên cơ sở hợp nhất tỉnh Tiền Giang và tỉnh Đồng Tháp theo Nghị quyết số 202/2025/QH15 của [[Quốc hội Việt Nam|Quốc hội]]. Sau khi sắp xếp, tỉnh có diện tích tự nhiên 5.938,64&nbsp;km², giáp các tỉnh [[An Giang]], [[Tây Ninh]], [[Vĩnh Long]], thành phố [[Cần Thơ]], [[Thành phố Hồ Chí Minh]], [[Campuchia|Vương quốc Campuchia]] và [[Biển Đông]]. Trước sáp nhập, tỉnh Đồng Tháp có diện tích trên 3.300&nbsp;km² và tỉnh [[Tiền Giang]] có diện tích khoảng 2.556&nbsp;km².

Lãnh thổ tỉnh kéo dài theo trục [[sông Tiền]], từ khu vực biên giới ở phía tây bắc ra đến Biển Đông ở phía đông.<ref>{{Chú thích web |url=https://daibieunhandan.vn/chi-tiet-102-don-vi-hanh-chinh-cap-xa-cua-tinh-dong-thap-sau-hop-nhat-10372102.html |tiêu đề=Chi tiết 102 đơn vị hành chính cấp xã của tỉnh Đồng Tháp sau hợp nhất |website=Đại biểu Nhân dân |ngày truy cập=19 tháng 8 năm 2026}}</ref> Tỉnh Đồng Tháp có khoảng 50&nbsp;km đường biên giới với tỉnh [[Prey Veng]] của [[Campuchia]], có các cửa khẩu quốc tế Thường Phước và Dinh Bà.<ref>{{Chú thích web |url=https://www.archives.org.vn/gioi-thieu-tai-lieu-nghiep-vu/dong-thap-%E2%80%93-nhung-dau-moc-lich-su.htm |tiêu đề=Đồng Tháp – Những dấu mốc lịch sử |website=Cục Văn thư và Lưu trữ nhà nước |ngày truy cập=19 tháng 8 năm 2026}}</ref> Đồng Tháp trải dọc theo toàn bộ 234&nbsp;km sông Tiền trên lãnh thổ Việt Nam và có bờ biển dài 32&nbsp;km nằm giữa cửa Soài Rạp với các cửa Tiểu và cửa Đại của hệ thống [[sông Tiền]].<ref>{{Chú thích web |url=https://plo.vn/ly-do-lay-ten-tinh-dong-thap-sau-sap-nhap-voi-tinh-tien-giang-post845683.html |tiêu đề=Lý do lấy tên tỉnh Đồng Tháp sau sáp nhập với tỉnh Tiền Giang |website=Báo Pháp Luật Thành phố Hồ Chí Minh |ngày=21 tháng 4 năm 2025 |ngày truy cập=19 tháng 8 năm 2026}}</ref>
",
before-ff4d961e-2632-4874-8b8a-8b56e6803eb8,before,inf:ff4d961e-2632-4874-8b8a-8b56e6803eb8,tỉnh Bạc Liêu,found,11187,73467945,2025-05-01T05:16:43Z,Bạc Liêu (tỉnh),https://vi.wikipedia.org/w/index.php?oldid=73467945,2026-09-29T15:27:40.493609Z,sources/responses/d19bb58b7659233dc4317738f3a179fd4ddbcee04372f0d7a17ba6becefd34b9.json,d19bb58b7659233dc4317738f3a179fd4ddbcee04372f0d7a17ba6becefd34b9,CC-BY-SA-4.0,name_type,45,45,"'''Bạc Liêu''' là một [[tỉnh]] ven biển thuộc vùng [[Đồng bằng sông Cửu Long]], nằm trên [[bán đảo Cà Mau]], miền đất cực nam của [[Việt Nam]].",
before-ff4d961e-2632-4874-8b8a-8b56e6803eb8,before,inf:ff4d961e-2632-4874-8b8a-8b56e6803eb8,tỉnh Bạc Liêu,found,11187,75593630,2026-09-27T14:28:01Z,Bạc Liêu (tỉnh),https://vi.wikipedia.org/w/index.php?oldid=75593630,2026-09-29T15:27:39.033982Z,sources/responses/337cee604718aadf1d0be2592adf826cfcdb97ab2daee506f5b62ec31b3072c7.json,337cee604718aadf1d0be2592adf826cfcdb97ab2daee506f5b62ec31b3072c7,CC-BY-SA-4.0,reorganization,567,572,"Tỉnh Bạc Liêu có 5 phường và 20 xã.

Ngày 12 tháng 6 năm 2025, Quốc hội ban hành Nghị quyết số 202/2025/QH15<ref name=""202/2025/QH15"">{{Chú thích web|url=https://quochoi.vn/tintuc/Pages/tin-hoat-dong-cua-quoc-hoi.aspx?ItemID=94532|tựa đề= Nghị quyết số 202/2025/QH15 về việc sắp xếp đơn vị hành chính cấp tỉnh |ngày= 2025-06-12 |website= Cổng thông tin điện tử Quốc hội Việt Nam |url lưu trữ=https://web.archive.org/web/20250612150244/https://quochoi.vn/tintuc/Pages/tin-hoat-dong-cua-quoc-hoi.aspx?ItemID=94532|ngày lưu trữ= 2025-06-12 |ngày truy cập= 2025-06-12 |url-status=live}}</ref> về việc sắp xếp đơn vị hành chính cấp tỉnh (nghị quyết có hiệu lực từ ngày 12 tháng 6 năm 2025). Theo đó, sáp nhập tỉnh Bạc Liêu vào tỉnh [[Cà Mau]].

Ngày 16 tháng 6 năm 2025, Quốc hội ban hành Nghị quyết số 203/2025/QH15<ref name=""203/2025/QH15"">{{Chú thích web|url=https://quochoi.vn/tintuc/Pages/tin-hoat-dong-cua-quoc-hoi.aspx?ItemID=94585|tựa đề= Nghị quyết số 203/2025/QH15 về việc Sửa đổi, bổ sung một số điều của Hiến pháp nước Cộng hòa xã hội chủ nghĩa Việt Nam |ngày= 2025-06-16 |website= Cổng thông tin điện tử Quốc hội Việt Nam |url lưu trữ=https://web.archive.org/web/20250616150846/https://quochoi.vn/tintuc/Pages/tin-hoat-dong-cua-quoc-hoi.aspx?ItemID=94585|ngày lưu trữ= 2025-06-16 |ngày truy cập= 2025-06-16 |url-status= dead }}</ref> về việc Sửa đổi, bổ sung một số điều của Hiến pháp nước Cộng hòa xã hội chủ nghĩa Việt Nam. Theo đó, kết thúc hoạt động của đơn vị hành chính cấp huyện trong cả nước từ ngày 1 tháng 7 năm 2025.
",
before-e5fb7371-5cf0-4c77-85bb-e337abdc08f0,before,inf:e5fb7371-5cf0-4c77-85bb-e337abdc08f0,tỉnh Cà Mau,found,11194,73421893,2025-04-12T05:22:30Z,Cà Mau,https://vi.wikipedia.org/w/index.php?oldid=73421893,2026-09-29T15:27:44.086764Z,sources/responses/c2adb4c89e7f2b7484f88b86368c2f299d923e0997554c47d2aa34266a2dfda6.json,c2adb4c89e7f2b7484f88b86368c2f299d923e0997554c47d2aa34266a2dfda6,CC-BY-SA-4.0,name_type,47,47,"'''Cà Mau''' là một [[tỉnh]] ven biển ở [[cực nam]] của [[Việt Nam]], nằm trong khu vực [[Đồng bằng sông Cửu Long]].<ref>{{Chú thích web|url=https://nhandan.vn/ca-mau-lam-giau-nho-bien-vuon-len-tu-bien-post858277.html|tiêu đề=Cà Mau làm giàu nhờ biển, vươn lên từ biển|ngày=2025-02-01|website=Báo Nhân Dân điện tử|ngôn ngữ=vi|ngày truy cập=2025-03-26}}</ref> Toàn bộ địa phận tỉnh Cà Mau nằm trên [[Bán đảo Cà Mau]].<ref>{{Chú thích web|url=https://tuoitre.vn/ca-mau-rung-ngap-man-va-canh-quan-tuyet-dep-nhin-tu-tren-cao-20241110093828735.htm|tiêu đề=Cà Mau rừng ngập mặn và cảnh quan tuyệt đẹp nhìn từ trên cao|họ=THANH HUYỀN|tên=|ngày=2024-11-10|website=TUOI TRE ONLINE|ngôn ngữ=vi|url-status=live|ngày truy cập=2025-03-26}}</ref>",
before-e5fb7371-5cf0-4c77-85bb-e337abdc08f0,before,inf:e5fb7371-5cf0-4c77-85bb-e337abdc08f0,tỉnh Cà Mau,found,11194,75588225,2026-09-25T22:22:16Z,Cà Mau,https://vi.wikipedia.org/w/index.php?oldid=75588225,2026-09-29T15:27:43.237908Z,sources/responses/d27ce9e0dafc23faf75e8c10f56c8bcb3bad992482429f372d9a337c855c813c.json,d27ce9e0dafc23faf75e8c10f56c8bcb3bad992482429f372d9a337c855c813c,CC-BY-SA-4.0,reorganization,523,528,"Từ đó, tỉnh Cà Mau có 1 thành phố Cà Mau (tỉnh lỵ) và 8 huyện: Cái Nước, Đầm Dơi, Năm Căn, Ngọc Hiển, Phú Tân, Thới Bình, Trần Văn Thời, U Minh.

Ngày 12 tháng 6 năm 2025, Quốc hội ban hành Nghị quyết số 202/2025/QH15<ref name=""202/2025/QH15"">{{Chú thích web|url=https://quochoi.vn/tintuc/Pages/tin-hoat-dong-cua-quoc-hoi.aspx?ItemID=94532|tựa đề= Nghị quyết số 202/2025/QH15 về việc sắp xếp đơn vị hành chính cấp tỉnh |ngày= 2025-06-12 |website= Cổng thông tin điện tử Quốc hội Việt Nam |url lưu trữ=https://web.archive.org/web/20250612150244/https://quochoi.vn/tintuc/Pages/tin-hoat-dong-cua-quoc-hoi.aspx?ItemID=94532|ngày lưu trữ= 2025-06-12 |ngày truy cập= 2025-06-12 |url-status=live}}</ref> về việc sắp xếp đơn vị hành chính cấp tỉnh (nghị quyết có hiệu lực từ ngày 12 tháng 6 năm 2025). Theo đó, sáp nhập tỉnh [[Bạc Liêu (tỉnh)|Bạc Liêu]] vào tỉnh Cà Mau.

Sau khi sáp nhập, tỉnh Cà Mau có 7.942,39&nbsp;km² diện tích tự nhiên và quy mô dân số là 2.606.672 người.
",
before-2831355d-4a59-452e-a5c3-f80a68d931fb,before,inf:2831355d-4a59-452e-a5c3-f80a68d931fb,tỉnh Kiên Giang,found,11199,73497809,2025-05-09T03:13:36Z,Kiên Giang,https://vi.wikipedia.org/w/index.php?oldid=73497809,2026-09-29T15:27:46.979694Z,sources/responses/5646c7d8ee48b10f191c8cb7847870e31403a60cd4456889c31abeccefff7351.json,5646c7d8ee48b10f191c8cb7847870e31403a60cd4456889c31abeccefff7351,CC-BY-SA-4.0,name_type,48,48,"'''Kiên Giang''' là một [[tỉnh]] ven biển thuộc vùng [[Đồng bằng sông Cửu Long]], [[Việt Nam]].<ref name =Ms@124 >[https://thukyluat.vn/vb/quyet-dinh-124-2004-qd-ttg-bang-danh-muc-ma-so-don-vi-hanh-chinh-viet-nam-cc68.html Quyết định số 124/2004/QĐ-TTg của Chính phủ ngày 08/07/2004] ban hành Danh mục và mã số các đơn vị hành chính Việt Nam có đến 30/6/2004. Thuky Luat Online, 2016. Truy cập 11/04/2019.</ref><ref name =BandoHc >Tập bản đồ hành chính Việt Nam. Nhà xuất bản Tài nguyên – Môi trường và Bản đồ Việt Nam. Hà Nội, 2013.</ref>",
before-2831355d-4a59-452e-a5c3-f80a68d931fb,before,inf:2831355d-4a59-452e-a5c3-f80a68d931fb,tỉnh Kiên Giang,found,11199,75583553,2026-09-24T04:07:36Z,Kiên Giang,https://vi.wikipedia.org/w/index.php?oldid=75583553,2026-09-29T15:27:46.321818Z,sources/responses/e378d782815f9ff999c0b1fb9db1f6b64ce6c9527b8efe9dd525c65a4dcf2ba6.json,e378d782815f9ff999c0b1fb9db1f6b64ce6c9527b8efe9dd525c65a4dcf2ba6,CC-BY-SA-4.0,reorganization,57,62,"Năm 2024, Kiên Giang là đơn vị hành chính [[Việt Nam]] đông thứ 11 về số dân, [[Danh sách đơn vị hành chính Việt Nam theo GRDP|xếp thứ 19]] về [[Tổng sản phẩm trên địa bàn (GRDP)]], [[Danh sách đơn vị hành chính Việt Nam theo GRDP bình quân đầu người|xếp thứ 31]] về [[Tổng sản phẩm trên địa bàn (GRDP)|GRDP]] bình quân đầu người, [[Danh sách đơn vị hành chính Việt Nam theo GRDP|đứng thứ 39]] về tốc độ tăng trưởng [[Tổng sản phẩm trên địa bàn (GRDP)|GRDP]]. Với 2.210.387 người dân,<ref name=""ReferenceA"">Kết quả toàn bộ tổng điều tra dân số và nhà ở năm 2019, ấn bản năm 2020, trang 40</ref> GRDP đạt 101.887,58 tỉ [[Đồng (đơn vị tiền tệ)|Đồng]] (tương ứng với 4,4 tỉ USD), GRDP bình quân đầu người đạt 58,13 triệu đồng (tương ứng với 2.527 USD), tốc độ tăng trưởng GRDP 2021 đạt 0,58%.<ref name="":057"">{{Chú thích web|url=https://www.kiengiang.gov.vn/trang/TinTuc/61/6758/Tinh-hinh-thuc-hien-nhiem-vu-phat-trien-kinh-te--xa-hoi-nam-2018-va-phuong-huong-nhiem-vu-nam-2019.html|title=Tình hình kinh tế, xã hội Kiên Giang năm 2018|last=|first=|date=|website=Cục Thống kê tỉnh Kiên Giang|archive-url=|archive-date=|url-status=|access-date=Ngày 12 tháng 10 năm 2019}}{{Liên kết hỏng|date=2026-05-11 |bot=InternetArchiveBot }}</ref>

Ngày [[12 tháng 6]] năm 2025, [[Quốc hội Việt Nam|Quốc hội]] thông qua Nghị quyết số 202/2025/QH15 về việc sắp xếp đơn vị hành chính cấp tỉnh năm 2025, theo đó tỉnh được giải thể để sáp nhập vào tỉnh [[An Giang]].<ref name=""202/2025/QH15"">{{Chú thích web|url=https://quochoi.vn/tintuc/Pages/tin-hoat-dong-cua-quoc-hoi.aspx?ItemID=94532|tựa đề= Nghị quyết số 202/2025/QH15 về việc sắp xếp đơn vị hành chính cấp tỉnh |ngày= 2025-06-12 |website= Cổng thông tin điện tử Quốc hội Việt Nam |url lưu trữ=https://web.archive.org/web/20250612150244/https://quochoi.vn/tintuc/Pages/tin-hoat-dong-cua-quoc-hoi.aspx?ItemID=94532|ngày lưu trữ= 2025-06-12 |ngày truy cập= 2025-06-12 |url-status=live}}</ref><ref name= "":NQSN2025"">{{Chú thích web |date=16 tháng 6 năm 2025 |title=TOÀN VĂN: Nghị quyết số 202/2025/QH15 về sắp xếp đơn vị hành chính cấp tỉnh |url=https://xaydungchinhsach.chinhphu.vn/toan-van-nghi-quyet-so-202-2025-qh15-ve-sap-xep-don-vi-hanh-chinh-cap-tinh-119250612174148722.htm |publisher=Báo Điện tử Chính phủ |access-date=2025-06-30 |archive-date=2025-06-30 |archive-url=https://web.archive.org/web/20250630073035/https://xaydungchinhsach.chinhphu.vn/toan-van-nghi-quyet-so-202-2025-qh15-ve-sap-xep-don-vi-hanh-chinh-cap-tinh-119250612174148722.htm |url-status=live }}</ref>

== Địa lý ==
=== Vị trí địa lý ===",
before-0daad321-c6c1-49ca-82df-d925d2fb4299,before,inf:0daad321-c6c1-49ca-82df-d925d2fb4299,tỉnh An Giang,found,3972,73498291,2025-05-09T11:08:09Z,An Giang,https://vi.wikipedia.org/w/index.php?oldid=73498291,2026-09-29T15:27:51.014560Z,sources/responses/4399c89d2357aee44cad21c3d92b658827152959b9b782748d9e4b3ad2ef45a5.json,4399c89d2357aee44cad21c3d92b658827152959b9b782748d9e4b3ad2ef45a5,CC-BY-SA-4.0,name_type,68,68,"'''An Giang''' là một [[tỉnh]] thuộc vùng [[đồng bằng sông Cửu Long]], [[Việt Nam]].<ref name =Ms@124 >[https://thukyluat.vn/vb/quyet-dinh-124-2004-qd-ttg-bang-danh-muc-ma-so-don-vi-hanh-chinh-viet-nam-cc68.html Quyết định số 124/2004/QĐ-TTg của Chính phủ ngày 08/07/2004] ban hành Danh mục và mã số các đơn vị hành chính Việt Nam có đến 30/6/2004. Thuky Luat Online, 2016. Truy cập 11/04/2019.</ref><ref name =BandoHc >Tập bản đồ hành chính Việt Nam. Nhà xuất bản Tài nguyên – Môi trường và Bản đồ Việt Nam. Hà Nội, 2013.</ref> Dân số tỉnh An Giang đến hết ngày 30 tháng 6 năm 2024 là 1.938.198 người.<ref>{{Chú thích web|url=https://baoangiang.com.vn/chi-cuc-dan-so-ke-hoach-hoa-gia-dinh-an-giang-trien-khai-nhieu-nhiem-vu-nang-cao-chat-luong-dan-so-a402741.html#:~:text=Theo%20th%E1%BB%91ng%20k%C3%AA,%20d%C3%A2n%20s%E1%BB%91,2024%20l%C3%A0%201.938.198%20ng%C6%B0%E1%BB%9Di.|tiêu đề=Chi cục Dân số- Kế hoạch hóa Gia đình An Giang triển khai nhiều nhiệm vụ nâng cao chất lượng dân số|website=baoangiang.com.vn|ngôn ngữ=vi|ngày truy cập=2024-10-12}}</ref>",
before-0daad321-c6c1-49ca-82df-d925d2fb4299,before,inf:0daad321-c6c1-49ca-82df-d925d2fb4299,tỉnh An Giang,found,3972,75593858,2026-09-27T15:59:30Z,An Giang,https://vi.wikipedia.org/w/index.php?oldid=75593858,2026-09-29T15:27:49.692296Z,sources/responses/e9d104be41990951ab6d5faa670fa0acae527b8ea034ab23af45ba0eed22e80f.json,e9d104be41990951ab6d5faa670fa0acae527b8ea034ab23af45ba0eed22e80f,CC-BY-SA-4.0,reorganization,1212,1217,"Tỉnh Kiên Giang có 3 thành phố và 12 huyện.

Ngày 12 tháng 6 năm 2025, Quốc hội ban hành Nghị quyết số 202/2025/QH15<ref name=""202/2025/QH15"">{{Chú thích web|url=https://quochoi.vn/tintuc/Pages/tin-hoat-dong-cua-quoc-hoi.aspx?ItemID=94532|tựa đề= Nghị quyết số 202/2025/QH15 về việc sắp xếp đơn vị hành chính cấp tỉnh |ngày= 2025-06-12 |website= Cổng thông tin điện tử Quốc hội Việt Nam |url lưu trữ=https://web.archive.org/web/20250612150244/https://quochoi.vn/tintuc/Pages/tin-hoat-dong-cua-quoc-hoi.aspx?ItemID=94532|ngày lưu trữ= 2025-06-12 |ngày truy cập= 2025-06-12 |url-status=live}}</ref> về việc sắp xếp đơn vị hành chính cấp tỉnh (nghị quyết có hiệu lực từ ngày 16 tháng 6 năm 2025). Theo đó, sáp nhập tỉnh [[Kiên Giang]] vào tỉnh An Giang.

Sau khi sáp nhập, tỉnh An Giang có 9.888,91&nbsp;km² diện tích tự nhiên và quy mô dân số là 4.952.238 người.
",
before-06a054f2-be7a-4902-b601-1ff6e081136c,before,inf:06a054f2-be7a-4902-b601-1ff6e081136c,tỉnh Cao Bằng,found,68,73467902,2025-05-01T05:14:15Z,Cao Bằng,https://vi.wikipedia.org/w/index.php?oldid=73467902,2026-09-29T15:27:54.113076Z,sources/responses/4a3fb1e90f6f4fb8fbc0593cc7caedddf06309e69eb66472ecf78ae65b14b2ef.json,4a3fb1e90f6f4fb8fbc0593cc7caedddf06309e69eb66472ecf78ae65b14b2ef,CC-BY-SA-4.0,name_type,56,56,"'''Cao Bằng''' là một [[tỉnh]] thuộc vùng [[Đông Bắc Bộ]], [[Việt Nam]].<ref name=Ms@124 >[https://thukyluat.vn/vb/quyet-dinh-124-2004-qd-ttg-bang-danh-muc-ma-so-don-vi-hanh-chinh-viet-nam-cc68.html Quyết định số 124/2004/QĐ-TTg của Chính phủ ngày 08/07/2004] ban hành Danh mục và mã số các đơn vị hành chính Việt Nam có đến 30/6/2004. Thuky Luat Online, 2016. Truy cập 11/04/2019.</ref><ref name =BandoHc >Tập bản đồ hành chính Việt Nam. Nhà xuất bản Tài nguyên – Môi trường và Bản đồ Việt Nam. Hà Nội, 2013.</ref><ref name =CaoBang-tt25 >[https://thukyluat.vn/vb/thong-tu-25-2013-tt-btnmt-danh-muc-dia-danh-dan-cu-son-thuy-van-thuy-kinh-te-xa-hoi-32d9e.html Thông tư 25/2013/TT-BTNMT ngày 12/09/2013] của Bộ Tài nguyên và Môi trường ban hành Danh mục địa danh dân cư... lập bản đồ tỉnh Cao Bằng. Thuky Luat Online, 2016. Truy cập 30/11/2019.</ref>",
before-06a054f2-be7a-4902-b601-1ff6e081136c,before,inf:06a054f2-be7a-4902-b601-1ff6e081136c,tỉnh Cao Bằng,found,19920857,75595156,2026-09-28T06:15:44Z,"Sáp nhập tỉnh, thành Việt Nam 2025",https://vi.wikipedia.org/w/index.php?oldid=75595156,2026-09-29T15:20:50.358132Z,sources/responses/3f5dfc1b821700530dd0d1ab0bcd4fa36509f6877d37192655bb6618020b3068.json,3f5dfc1b821700530dd0d1ab0bcd4fa36509f6877d37192655bb6618020b3068,CC-BY-SA-4.0,unchanged_in_2025,130,141,"=== Các đơn vị hành chính cấp tỉnh không thực hiện sáp nhập ===
# Thành phố [[Hà Nội]]
# Thành phố [[Huế]]
# Tỉnh [[Lai Châu]]
# Tỉnh [[Điện Biên]]
# Tỉnh [[Sơn La]]
# Tỉnh [[Lạng Sơn]]
# Tỉnh [[Quảng Ninh]] 
# Tỉnh [[Thanh Hóa]]
# Tỉnh [[Nghệ An]]
# Tỉnh [[Hà Tĩnh]]
# Tỉnh [[Cao Bằng]]",
before-886684a1-1e22-4c0b-b6d0-f45602ddae7c,before,inf:886684a1-1e22-4c0b-b6d0-f45602ddae7c,tỉnh Điện Biên,found,7322,73484929,2025-05-03T17:54:58Z,Điện Biên,https://vi.wikipedia.org/w/index.php?oldid=73484929,2026-09-29T15:27:57.100731Z,sources/responses/2406ffc6f060e9158a73b4d2bc2bbfed3018e4ed9f484daa147d086abb646feb.json,2406ffc6f060e9158a73b4d2bc2bbfed3018e4ed9f484daa147d086abb646feb,CC-BY-SA-4.0,name_type,40,40,"'''Điện Biên''' là [[Tỉnh (Việt Nam)|tỉnh]] [[Trung du và miền núi phía Bắc|miền núi]] thuộc vùng [[Tây Bắc Bộ]] của [[Việt Nam]]<ref name=""Ms@124"">[https://thukyluat.vn/vb/quyet-dinh-124-2004-qd-ttg-bang-danh-muc-ma-so-don-vi-hanh-chinh-viet-nam-cc68.html Quyết định số 124/2004/QĐ-TTg của Chính phủ ngày 08/07/2004] ban hành Danh mục và mã số các đơn vị hành chính Việt Nam có đến 30/6/2004. Thuky Luat Online, 2016. Truy cập 11/04/2019.</ref><ref name=""BandoHc"">Tập bản đồ hành chính Việt Nam. Nhà xuất bản Tài nguyên – Môi trường và Bản đồ Việt Nam. Hà Nội, 2013.</ref><ref name="":12"">{{Chú thích web |url=http://www.dienbien.gov.vn/portal/Pages/Tong-quan-ve-Dien-Bien.aspx |website=CỔNG THÔNG TIN ĐIỆN TỬ TỈNH ĐIỆN BIÊN |url-status=dead |tiêu đề=Tổng quan về Điện Biên |ngày truy cập=24 tháng 11 năm 2017 |url lưu trữ=https://web.archive.org/web/20170725044638/http://www.dienbien.gov.vn/portal/Pages/Tong-quan-ve-Dien-Bien.aspx |ngày lưu trữ=2017-07-25 }}</ref>. Tỉnh được thành lập vào ngày 1 tháng 1 năm 2004, tách ra từ một nửa diện tích phía tây và nam của tỉnh [[Lai Châu]].",
before-886684a1-1e22-4c0b-b6d0-f45602ddae7c,before,inf:886684a1-1e22-4c0b-b6d0-f45602ddae7c,tỉnh Điện Biên,found,19920857,75595156,2026-09-28T06:15:44Z,"Sáp nhập tỉnh, thành Việt Nam 2025",https://vi.wikipedia.org/w/index.php?oldid=75595156,2026-09-29T15:20:50.358132Z,sources/responses/3f5dfc1b821700530dd0d1ab0bcd4fa36509f6877d37192655bb6618020b3068.json,3f5dfc1b821700530dd0d1ab0bcd4fa36509f6877d37192655bb6618020b3068,CC-BY-SA-4.0,unchanged_in_2025,130,134,"=== Các đơn vị hành chính cấp tỉnh không thực hiện sáp nhập ===
# Thành phố [[Hà Nội]]
# Thành phố [[Huế]]
# Tỉnh [[Lai Châu]]
# Tỉnh [[Điện Biên]]",
before-f2fecb5e-11a8-4cb2-97f7-a089ac0ecf79,before,inf:f2fecb5e-11a8-4cb2-97f7-a089ac0ecf79,tỉnh Hà Tĩnh,found,11181,73471350,2025-05-01T07:50:34Z,Hà Tĩnh,https://vi.wikipedia.org/w/index.php?oldid=73471350,2026-09-29T15:28:00.762643Z,sources/responses/f530b5a5c23859e95ba7704ff1cc7abe7543739af5fb1ec954733f2f49951ac8.json,f530b5a5c23859e95ba7704ff1cc7abe7543739af5fb1ec954733f2f49951ac8,CC-BY-SA-4.0,name_type,40,40,"'''Hà Tĩnh''' là [[tỉnh thành Việt Nam|tỉnh]] [[ven biển]]  phía bắc của vùng [[Bắc Trung Bộ]], [[miền Trung]] [[Việt Nam]].<ref name=Ms@124 >[https://thukyluat.vn/vb/quyet-dinh-124-2004-qd-ttg-bang-danh-muc-ma-so-don-vi-hanh-chinh-viet-nam-cc68.html Quyết định số 124/2004/QĐ-TTg của Chính phủ ngày 08/07/2004] ban hành Danh mục và mã số các đơn vị hành chính Việt Nam có đến 30/6/2004. Thuky Luat Online, 2016. Truy cập 11/04/2019.</ref><ref name =BandoHc >Tập bản đồ hành chính Việt Nam. Nhà xuất bản Tài nguyên – Môi trường và Bản đồ Việt Nam. Hà Nội, 2013.</ref> [[Tỉnh lỵ (Việt Nam)|Thủ phủ]] của tỉnh là [[thành phố Hà Tĩnh]].",
before-f2fecb5e-11a8-4cb2-97f7-a089ac0ecf79,before,inf:f2fecb5e-11a8-4cb2-97f7-a089ac0ecf79,tỉnh Hà Tĩnh,found,19920857,75595156,2026-09-28T06:15:44Z,"Sáp nhập tỉnh, thành Việt Nam 2025",https://vi.wikipedia.org/w/index.php?oldid=75595156,2026-09-29T15:20:50.358132Z,sources/responses/3f5dfc1b821700530dd0d1ab0bcd4fa36509f6877d37192655bb6618020b3068.json,3f5dfc1b821700530dd0d1ab0bcd4fa36509f6877d37192655bb6618020b3068,CC-BY-SA-4.0,unchanged_in_2025,130,140,"=== Các đơn vị hành chính cấp tỉnh không thực hiện sáp nhập ===
# Thành phố [[Hà Nội]]
# Thành phố [[Huế]]
# Tỉnh [[Lai Châu]]
# Tỉnh [[Điện Biên]]
# Tỉnh [[Sơn La]]
# Tỉnh [[Lạng Sơn]]
# Tỉnh [[Quảng Ninh]] 
# Tỉnh [[Thanh Hóa]]
# Tỉnh [[Nghệ An]]
# Tỉnh [[Hà Tĩnh]]",
before-0552144d-8f63-4d7f-ab23-262e100fa112,before,inf:0552144d-8f63-4d7f-ab23-262e100fa112,tỉnh Lai Châu,found,11202,73467944,2025-05-01T05:16:38Z,Lai Châu,https://vi.wikipedia.org/w/index.php?oldid=73467944,2026-09-29T15:28:04.052627Z,sources/responses/ce09afecbd1e86cd853f5a7ae691cde316c456700f47faae5070e8b9fb04a8b5.json,ce09afecbd1e86cd853f5a7ae691cde316c456700f47faae5070e8b9fb04a8b5,CC-BY-SA-4.0,name_type,49,49,"'''Lai Châu''' là một [[tỉnh (Việt Nam)|tỉnh]] thuộc vùng [[Tây Bắc Bộ]], [[Việt Nam]] <ref name=Ms@124 >[https://thukyluat.vn/vb/quyet-dinh-124-2004-qd-ttg-bang-danh-muc-ma-so-don-vi-hanh-chinh-viet-nam-cc68.html Quyết định số 124/2004/QĐ-TTg của Chính phủ ngày 08/07/2004] ban hành Danh mục và mã số các đơn vị hành chính Việt Nam có đến 30/6/2004. Thuky Luat Online, 2016. Truy cập 11/04/2019.</ref><ref name =BandoHc >Tập bản đồ hành chính Việt Nam. Nhà xuất bản Tài nguyên – Môi trường và Bản đồ Việt Nam. Hà Nội, 2013.</ref>.",
before-0552144d-8f63-4d7f-ab23-262e100fa112,before,inf:0552144d-8f63-4d7f-ab23-262e100fa112,tỉnh Lai Châu,found,19920857,75595156,2026-09-28T06:15:44Z,"Sáp nhập tỉnh, thành Việt Nam 2025",https://vi.wikipedia.org/w/index.php?oldid=75595156,2026-09-29T15:20:50.358132Z,sources/responses/3f5dfc1b821700530dd0d1ab0bcd4fa36509f6877d37192655bb6618020b3068.json,3f5dfc1b821700530dd0d1ab0bcd4fa36509f6877d37192655bb6618020b3068,CC-BY-SA-4.0,unchanged_in_2025,130,133,"=== Các đơn vị hành chính cấp tỉnh không thực hiện sáp nhập ===
# Thành phố [[Hà Nội]]
# Thành phố [[Huế]]
# Tỉnh [[Lai Châu]]",
before-9c0ae658-883a-41b7-8de3-8e5a08bc6177,before,inf:9c0ae658-883a-41b7-8de3-8e5a08bc6177,tỉnh Lạng Sơn,found,671,73471336,2025-05-01T07:50:09Z,Lạng Sơn,https://vi.wikipedia.org/w/index.php?oldid=73471336,2026-09-29T15:28:07.075667Z,sources/responses/7c8e7c840d18acc1b5d4b2372cb622c7c483ed6ba7091fff881d4b1af59697cf.json,7c8e7c840d18acc1b5d4b2372cb622c7c483ed6ba7091fff881d4b1af59697cf,CC-BY-SA-4.0,name_type,48,48,"'''Lạng Sơn''' là một tỉnh miền núi biên giới nằm ở vùng [[Đông Bắc Bộ]], [[Việt Nam]].",
before-9c0ae658-883a-41b7-8de3-8e5a08bc6177,before,inf:9c0ae658-883a-41b7-8de3-8e5a08bc6177,tỉnh Lạng Sơn,found,19920857,75595156,2026-09-28T06:15:44Z,"Sáp nhập tỉnh, thành Việt Nam 2025",https://vi.wikipedia.org/w/index.php?oldid=75595156,2026-09-29T15:20:50.358132Z,sources/responses/3f5dfc1b821700530dd0d1ab0bcd4fa36509f6877d37192655bb6618020b3068.json,3f5dfc1b821700530dd0d1ab0bcd4fa36509f6877d37192655bb6618020b3068,CC-BY-SA-4.0,unchanged_in_2025,130,136,"=== Các đơn vị hành chính cấp tỉnh không thực hiện sáp nhập ===
# Thành phố [[Hà Nội]]
# Thành phố [[Huế]]
# Tỉnh [[Lai Châu]]
# Tỉnh [[Điện Biên]]
# Tỉnh [[Sơn La]]
# Tỉnh [[Lạng Sơn]]",
before-d6fd8782-80d8-4d91-986c-254bf2e05ec3,before,inf:d6fd8782-80d8-4d91-986c-254bf2e05ec3,tỉnh Nghệ An,found,99282,73561333,2025-06-03T02:53:48Z,Nghệ An,https://vi.wikipedia.org/w/index.php?oldid=73561333,2026-09-29T15:28:10.301970Z,sources/responses/075fc9ba7b2a1bd802fa20af6d3efa9b7d9919b1b9a43ef365de34065fffeb93.json,075fc9ba7b2a1bd802fa20af6d3efa9b7d9919b1b9a43ef365de34065fffeb93,CC-BY-SA-4.0,name_type,45,45,"'''Nghệ An''' là một [[tỉnh thành Việt Nam|tỉnh]] [[ven biển]] gần cực bắc vùng [[Bắc Trung Bộ]], [[miền Trung]] của [[Việt Nam]] và là tỉnh có diện tích lớn nhất cả nước. [[Tỉnh lỵ (Việt Nam)|Thủ phủ]] của tỉnh là [[thành phố Vinh]].",
before-d6fd8782-80d8-4d91-986c-254bf2e05ec3,before,inf:d6fd8782-80d8-4d91-986c-254bf2e05ec3,tỉnh Nghệ An,found,19920857,75595156,2026-09-28T06:15:44Z,"Sáp nhập tỉnh, thành Việt Nam 2025",https://vi.wikipedia.org/w/index.php?oldid=75595156,2026-09-29T15:20:50.358132Z,sources/responses/3f5dfc1b821700530dd0d1ab0bcd4fa36509f6877d37192655bb6618020b3068.json,3f5dfc1b821700530dd0d1ab0bcd4fa36509f6877d37192655bb6618020b3068,CC-BY-SA-4.0,unchanged_in_2025,130,139,"=== Các đơn vị hành chính cấp tỉnh không thực hiện sáp nhập ===
# Thành phố [[Hà Nội]]
# Thành phố [[Huế]]
# Tỉnh [[Lai Châu]]
# Tỉnh [[Điện Biên]]
# Tỉnh [[Sơn La]]
# Tỉnh [[Lạng Sơn]]
# Tỉnh [[Quảng Ninh]] 
# Tỉnh [[Thanh Hóa]]
# Tỉnh [[Nghệ An]]",
before-651dfe5c-8dd5-49b4-9bd4-a04148a79ed2,before,inf:651dfe5c-8dd5-49b4-9bd4-a04148a79ed2,tỉnh Quảng Ninh,found,5393,73417590,2025-04-09T08:39:33Z,Quảng Ninh,https://vi.wikipedia.org/w/index.php?oldid=73417590,2026-09-29T15:28:14.209829Z,sources/responses/619dcb5413d62cb4853ff89eb3f0830fe7ac665b9d1630222fdc764f8243a7e7.json,619dcb5413d62cb4853ff89eb3f0830fe7ac665b9d1630222fdc764f8243a7e7,CC-BY-SA-4.0,name_type,50,50,"'''Quảng Ninh''' là một tỉnh ven biển thuộc vùng [[Đông Bắc Bộ]] [[Việt Nam]]. Theo quy hoạch phát triển [[kinh tế]], Quảng Ninh vừa thuộc [[Vùng kinh tế trọng điểm Bắc bộ|vùng kinh tế trọng điểm phía bắc]], và vừa thuộc [[Vùng duyên hải Bắc Bộ]]. Đây là tỉnh khai thác [[than đá]] chính của [[Việt Nam]], có [[vịnh Hạ Long]] là di sản, kỳ quan thiên nhiên thế giới. Quảng Ninh cũng là 1 trong 8 tỉnh được [[Chính phủ Việt Nam]] quy hoạch thành thành phố trực thuộc trung ương.<ref>[https://xaydungchinhsach.chinhphu.vn/dinh-huong-8-tinh-tro-thanh-thanh-pho-truc-thuoc-trung-uong-119240823175601497.htm Định hướng 8 tỉnh trở thành thành phố trực thuộc Trung ương]</ref>",
before-651dfe5c-8dd5-49b4-9bd4-a04148a79ed2,before,inf:651dfe5c-8dd5-49b4-9bd4-a04148a79ed2,tỉnh Quảng Ninh,found,19920857,75595156,2026-09-28T06:15:44Z,"Sáp nhập tỉnh, thành Việt Nam 2025",https://vi.wikipedia.org/w/index.php?oldid=75595156,2026-09-29T15:20:50.358132Z,sources/responses/3f5dfc1b821700530dd0d1ab0bcd4fa36509f6877d37192655bb6618020b3068.json,3f5dfc1b821700530dd0d1ab0bcd4fa36509f6877d37192655bb6618020b3068,CC-BY-SA-4.0,unchanged_in_2025,130,137,"=== Các đơn vị hành chính cấp tỉnh không thực hiện sáp nhập ===
# Thành phố [[Hà Nội]]
# Thành phố [[Huế]]
# Tỉnh [[Lai Châu]]
# Tỉnh [[Điện Biên]]
# Tỉnh [[Sơn La]]
# Tỉnh [[Lạng Sơn]]
# Tỉnh [[Quảng Ninh]] ",
before-fbc7cbac-5f23-48a5-a8a4-ab4d2902c2ba,before,inf:fbc7cbac-5f23-48a5-a8a4-ab4d2902c2ba,tỉnh Thanh Hóa,found,3203766,73453626,2025-04-25T11:17:43Z,Thanh Hóa,https://vi.wikipedia.org/w/index.php?oldid=73453626,2026-09-29T15:28:17.776734Z,sources/responses/8acc484f38d61fe9ba6122900c74e28e510f749ced4697b9f7dc3c56c456a46f.json,8acc484f38d61fe9ba6122900c74e28e510f749ced4697b9f7dc3c56c456a46f,CC-BY-SA-4.0,name_type,46,46,"'''Thanh Hóa''' là [[Tỉnh (Việt Nam)|tỉnh]] [[ven biển]] cực bắc vùng [[Bắc Trung Bộ]], [[miền Trung]] của [[Việt Nam]].<ref name=Ms@124 >[https://thukyluat.vn/vb/quyet-dinh-124-2004-qd-ttg-bang-danh-muc-ma-so-don-vi-hanh-chinh-viet-nam-cc68.html Quyết định số 124/2004/QĐ-TTg của Chính phủ ngày 08/07/2004] ban hành Danh mục và mã số các đơn vị hành chính Việt Nam có đến 30/6/2004. Thuky Luat Online, 2016. Truy cập 11/04/2019.</ref>  [[Tỉnh lỵ (Việt Nam)|Tỉnh lỵ]] của tỉnh là [[thành phố Thanh Hóa]].",
before-fbc7cbac-5f23-48a5-a8a4-ab4d2902c2ba,before,inf:fbc7cbac-5f23-48a5-a8a4-ab4d2902c2ba,tỉnh Thanh Hóa,found,19920857,75595156,2026-09-28T06:15:44Z,"Sáp nhập tỉnh, thành Việt Nam 2025",https://vi.wikipedia.org/w/index.php?oldid=75595156,2026-09-29T15:20:50.358132Z,sources/responses/3f5dfc1b821700530dd0d1ab0bcd4fa36509f6877d37192655bb6618020b3068.json,3f5dfc1b821700530dd0d1ab0bcd4fa36509f6877d37192655bb6618020b3068,CC-BY-SA-4.0,unchanged_in_2025,130,138,"=== Các đơn vị hành chính cấp tỉnh không thực hiện sáp nhập ===
# Thành phố [[Hà Nội]]
# Thành phố [[Huế]]
# Tỉnh [[Lai Châu]]
# Tỉnh [[Điện Biên]]
# Tỉnh [[Sơn La]]
# Tỉnh [[Lạng Sơn]]
# Tỉnh [[Quảng Ninh]] 
# Tỉnh [[Thanh Hóa]]",
before-3013985e-02d9-45ff-8e7d-c22c53fd39ed,before,inf:3013985e-02d9-45ff-8e7d-c22c53fd39ed,tỉnh Sơn La,found,9252,73467913,2025-05-01T05:15:02Z,Sơn La,https://vi.wikipedia.org/w/index.php?oldid=73467913,2026-09-29T15:28:20.614696Z,sources/responses/3d739adfbc0ba80335e4c9061613f7f37e6f059e386c61c1341eb96dc6006e21.json,3d739adfbc0ba80335e4c9061613f7f37e6f059e386c61c1341eb96dc6006e21,CC-BY-SA-4.0,name_type,49,49,"'''Sơn La''' là một tỉnh miền núi, vùng cao, nằm ở [[Tây Bắc Bộ|vùng Tây Bắc]] [[Việt Nam]].<ref name=Ms@124 >[https://thukyluat.vn/vb/quyet-dinh-124-2004-qd-ttg-bang-danh-muc-ma-so-don-vi-hanh-chinh-viet-nam-cc68.html Quyết định số 124/2004/QĐ-TTg của Chính phủ ngày 08/07/2004] ban hành Danh mục và mã số các đơn vị hành chính Việt Nam có đến 30/6/2004. Thuky Luat Online, 2016. Truy cập 11/04/2019.</ref><ref name =BandoHc >Tập bản đồ hành chính Việt Nam. Nhà xuất bản Tài nguyên – Môi trường và Bản đồ Việt Nam. Hà Nội, 2013.</ref><ref name =SonLa-tt45 >[https://thukyluat.vn/vb/thong-tu-45-2013-tt-btnmt-danh-muc-dia-danh-dan-cu-lap-ban-do-son-la-3555b.html Thông tư 45/2013/TT-BTNMT ngày 26/12/2013] của Bộ Tài nguyên và Môi trường ban hành Danh mục địa danh dân cư... phục vụ lập bản đồ tỉnh Sơn La. Thuky Luat Online, 2016. Truy cập 11/05/2019.</ref>",
before-3013985e-02d9-45ff-8e7d-c22c53fd39ed,before,inf:3013985e-02d9-45ff-8e7d-c22c53fd39ed,tỉnh Sơn La,found,19920857,75595156,2026-09-28T06:15:44Z,"Sáp nhập tỉnh, thành Việt Nam 2025",https://vi.wikipedia.org/w/index.php?oldid=75595156,2026-09-29T15:20:50.358132Z,sources/responses/3f5dfc1b821700530dd0d1ab0bcd4fa36509f6877d37192655bb6618020b3068.json,3f5dfc1b821700530dd0d1ab0bcd4fa36509f6877d37192655bb6618020b3068,CC-BY-SA-4.0,unchanged_in_2025,130,135,"=== Các đơn vị hành chính cấp tỉnh không thực hiện sáp nhập ===
# Thành phố [[Hà Nội]]
# Thành phố [[Huế]]
# Tỉnh [[Lai Châu]]
# Tỉnh [[Điện Biên]]
# Tỉnh [[Sơn La]]",
before-9d6837cd-1196-4073-bb43-85a7ee0cc8e5,before,inf:9d6837cd-1196-4073-bb43-85a7ee0cc8e5,thành phố Hà Nội,found,80,73509990,2025-05-14T15:41:28Z,Hà Nội,https://vi.wikipedia.org/w/index.php?oldid=73509990,2026-09-29T15:20:16.229131Z,sources/responses/ba7ee4f766da6d10a4125c3242d03c32eb0f2cc2497faf20800a661ba64bd290.json,ba7ee4f766da6d10a4125c3242d03c32eb0f2cc2497faf20800a661ba64bd290,CC-BY-SA-4.0,name_type,74,74,"'''Hà Nội''' là [[thủ đô]] của nước [[Việt Nam|Cộng hòa xã hội chủ nghĩa Việt Nam]]. Đây là [[Thành phố trực thuộc trung ương (Việt Nam)|thành phố trực thuộc trung ương]] lớn thứ hai về quy mô dân số, được xếp loại [[Đô thị Việt Nam|đô thị đặc biệt]], có vị trí là trung tâm [[văn hóa]], [[Chính trị Việt Nam|chính trị]], một trong hai trung tâm [[Kinh tế Việt Nam|kinh tế]], [[Giáo dục Việt Nam|giáo dục]] quan trọng tại Việt Nam. Hà Nội nằm về phía Tây Bắc của trung tâm vùng [[Đồng bằng sông Hồng|đồng bằng châu thổ sông Hồng]], với địa hình bao gồm vùng [[đồng bằng]] trung tâm và vùng đồi núi ở phía Bắc và phía Tây thành phố. Với diện tích 3.359,82 [[Kilômét vuông|km²]],<ref name=""area_2020""/> và dân số 8,4 triệu [[người]],<ref name=""dan_so_2022""/> Hà Nội là thành phố trực thuộc trung ương có diện tích lớn thứ hai [[Việt Nam]], đồng thời cũng là thành phố đông dân thứ hai và có mật độ dân số cao thứ hai trong 63 [[Tỉnh thành Việt Nam|đơn vị hành chính cấp tỉnh]] của Việt Nam nhưng phân bố dân số không đồng đều. Hà Nội có 30 [[Huyện (Việt Nam)|đơn vị hành chính cấp huyện]], gồm 12 [[quận]], 17 [[huyện]] và 1 [[Thị xã (Việt Nam)|thị xã]].",
before-9d6837cd-1196-4073-bb43-85a7ee0cc8e5,before,inf:9d6837cd-1196-4073-bb43-85a7ee0cc8e5,thành phố Hà Nội,found,19920857,75595156,2026-09-28T06:15:44Z,"Sáp nhập tỉnh, thành Việt Nam 2025",https://vi.wikipedia.org/w/index.php?oldid=75595156,2026-09-29T15:20:50.358132Z,sources/responses/3f5dfc1b821700530dd0d1ab0bcd4fa36509f6877d37192655bb6618020b3068.json,3f5dfc1b821700530dd0d1ab0bcd4fa36509f6877d37192655bb6618020b3068,CC-BY-SA-4.0,unchanged_in_2025,126,141,"Đến ngày 1 tháng 7 năm 2025, Chính phủ đã tích cực triển khai chỉ đạo của [[Bộ Chính trị]] tại các kết luận 126 và 127, đồng thời Đề án sắp xếp, tổ chức lại đơn vị hành chính các cấp và xây dựng mô hình tổ chức chính quyền địa phương 2 cấp đã được phê duyệt. Mô hình tổ chức chính quyền địa phương 2 cấp xác định ở địa phương là cấp tỉnh, thành và cấp xã, phường đã chính thức vận hành từ ngày 1 tháng 7 năm 2025.

Theo Nghị quyết Hội nghị lần thứ 11 [[Ban Chấp hành Trung ương Đảng Cộng sản Việt Nam khóa XIII|Ban Chấp hành Trung ương Đảng khóa XIII]] (ban hành tháng 4 năm 2025), Ban Chấp hành Trung ương đã thống nhất cao về số lượng đơn vị hành chính cấp tỉnh sau sáp nhập là 34 tỉnh, thành phố (28 tỉnh và 6 thành phố trực thuộc Trung ương), chính thức có hiệu lực từ ngày 12 tháng 6 năm 2025.

=== Các đơn vị hành chính cấp tỉnh không thực hiện sáp nhập ===
# Thành phố [[Hà Nội]]
# Thành phố [[Huế]]
# Tỉnh [[Lai Châu]]
# Tỉnh [[Điện Biên]]
# Tỉnh [[Sơn La]]
# Tỉnh [[Lạng Sơn]]
# Tỉnh [[Quảng Ninh]] 
# Tỉnh [[Thanh Hóa]]
# Tỉnh [[Nghệ An]]
# Tỉnh [[Hà Tĩnh]]
# Tỉnh [[Cao Bằng]]",
before-c19ff93f-bc7c-4941-908b-1d7dadd26c84,before,inf:c19ff93f-bc7c-4941-908b-1d7dadd26c84,thành phố Huế,found,11244,73541666,2025-05-27T00:40:26Z,Huế,https://vi.wikipedia.org/w/index.php?oldid=73541666,2026-09-29T15:28:24.276539Z,sources/responses/b0153161748e6f1f756c89fdacc2ce80309052002caa28d673a4ac3812ebe76b.json,b0153161748e6f1f756c89fdacc2ce80309052002caa28d673a4ac3812ebe76b,CC-BY-SA-4.0,name_type,64,64,"'''Huế''' (trước đây là tỉnh '''Thừa Thiên Huế''') là một trong sáu [[Thành phố trực thuộc trung ương (Việt Nam)|thành phố trực thuộc trung ương]] và là thành phố di sản của [[Việt Nam]]. Thành phố là một trong các trung tâm [[Văn hóa Việt Nam|văn hóa]], [[y tế]] và [[giáo dục]] lớn của Việt Nam. Đây là thành phố trực thuộc trung ương đầu tiên có đường biên giới, đồng thời là thành phố ven biển thuộc cực nam của vùng [[Bắc Trung Bộ (Việt Nam)|Bắc Trung Bộ]], [[Trung Bộ|miền Trung Việt Nam]]. Huế hiện là [[Đô thị loại I (Việt Nam)|đô thị loại I]], là thành phố trung tâm cấp vùng và cấp quốc gia.",
before-c19ff93f-bc7c-4941-908b-1d7dadd26c84,before,inf:c19ff93f-bc7c-4941-908b-1d7dadd26c84,thành phố Huế,found,19920857,75595156,2026-09-28T06:15:44Z,"Sáp nhập tỉnh, thành Việt Nam 2025",https://vi.wikipedia.org/w/index.php?oldid=75595156,2026-09-29T15:20:50.358132Z,sources/responses/3f5dfc1b821700530dd0d1ab0bcd4fa36509f6877d37192655bb6618020b3068.json,3f5dfc1b821700530dd0d1ab0bcd4fa36509f6877d37192655bb6618020b3068,CC-BY-SA-4.0,unchanged_in_2025,130,132,"=== Các đơn vị hành chính cấp tỉnh không thực hiện sáp nhập ===
# Thành phố [[Hà Nội]]
# Thành phố [[Huế]]",
after-54ada0d0-c554-433d-abe0-8ea0929d2f0d,after,inf:54ada0d0-c554-433d-abe0-8ea0929d2f0d,tỉnh Tuyên Quang,found,705,73651746,2025-07-02T14:41:11Z,Tuyên Quang,https://vi.wikipedia.org/w/index.php?oldid=73651746,2026-09-29T15:28:25.399186Z,sources/responses/2d48789990e2140ea0f771cc1a5f1fc344cc807afc351ae062457d9426e43e55.json,2d48789990e2140ea0f771cc1a5f1fc344cc807afc351ae062457d9426e43e55,CC-BY-SA-4.0,name_type,53,53,"'''Tuyên Quang''' là một [[Tỉnh (Việt Nam)|tỉnh]] miền núi thuộc vùng [[Đông Bắc Bộ]] của [[Việt Nam]].<ref name=Ms@124>[https://thukyluat.vn/vb/quyet-dinh-124-2004-qd-ttg-bang-danh-muc-ma-so-don-vi-hanh-chinh-viet-nam-cc68.html Quyết định số 124/2004/QĐ-TTg của Chính phủ ngày 08/07/2004] ban hành Danh mục và mã số các đơn vị hành chính Việt Nam có đến 30/6/2004. Thuky Luat Online, 2016. Truy cập 11/04/2019.</ref><ref name=BandoHc >Tập bản đồ hành chính Việt Nam. Nhà xuất bản Tài nguyên – Môi trường và Bản đồ Việt Nam. Hà Nội, 2013.</ref>",
after-54ada0d0-c554-433d-abe0-8ea0929d2f0d,after,inf:54ada0d0-c554-433d-abe0-8ea0929d2f0d,tỉnh Tuyên Quang,found,705,73651746,2025-07-02T14:41:11Z,Tuyên Quang,https://vi.wikipedia.org/w/index.php?oldid=73651746,2026-09-29T15:28:25.399186Z,sources/responses/2d48789990e2140ea0f771cc1a5f1fc344cc807afc351ae062457d9426e43e55.json,2d48789990e2140ea0f771cc1a5f1fc344cc807afc351ae062457d9426e43e55,CC-BY-SA-4.0,reorganization,116,121,"Ngày 28 tháng 1 năm 2011, Chính phủ ban hành Nghị quyết số 07/NQ-CP<ref name=""07/NQ-CP"">[http://thuvienphapluat.vn/archive/Nghi-quyet/Nghi-quyet-07-NQ-CP-dieu-chinh-dia-gioi-hanh-chinh-huyen-Na-Hang-vb118329t13.aspx Nghị quyết số 07/NQ-CP năm 2011 về việc điều chỉnh địa giới hành chính huyện Na Hang và huyện Chiêm Hóa để thành lập huyện Lâm Bình thuộc tỉnh Tuyên Quang]</ref> về việc thành lập huyện [[Lâm Bình]] trên cơ sở điều chỉnh một phần diện tích và dân số của huyện Na Hang và huyện Chiêm Hóa.

Ngày 12 tháng 6 năm 2025, Quốc hội ban hành Nghị quyết số 202/2025/QH15<ref name=202/2025/QH15>{{Chú thích web|url=https://quochoi.vn/tintuc/Pages/tin-hoat-dong-cua-quoc-hoi.aspx?ItemID=94532|tựa đề= Nghị quyết số 202/2025/QH15 về việc sắp xếp đơn vị hành chính cấp tỉnh |ngày= 2025-06-12 |website= Cổng thông tin điện tử Quốc hội Việt Nam |url lưu trữ=https://web.archive.org/web/20250612150244/https://quochoi.vn/tintuc/Pages/tin-hoat-dong-cua-quoc-hoi.aspx?ItemID=94532|ngày lưu trữ= 2025-06-12 |ngày truy cập= 2025-06-12 |url-status=live}}</ref> về việc sắp xếp đơn vị hành chính cấp tỉnh (nghị quyết có hiệu lực từ ngày 12 tháng 6 năm 2025). Theo đó, sáp nhập tỉnh [[Hà Giang]] vào tỉnh Tuyên Quang.

Sau khi sáp nhập, tỉnh Tuyên Quang có 13.795,50&nbsp;km² diện tích tự nhiên và quy mô dân số là 1.865.270 người.
",
after-e8f5d888-ee8c-4036-9a83-952367d5668c,after,inf:e8f5d888-ee8c-4036-9a83-952367d5668c,tỉnh Lào Cai,found,44,73652032,2025-07-02T17:27:06Z,Lào Cai,https://vi.wikipedia.org/w/index.php?oldid=73652032,2026-09-29T15:28:26.522032Z,sources/responses/1cb389e990cb795ff56ce1845f8f2aea30f0e06a541917c14ee1103df5a7051a.json,1cb389e990cb795ff56ce1845f8f2aea30f0e06a541917c14ee1103df5a7051a,CC-BY-SA-4.0,name_type,49,49,"'''Lào Cai''' là một tỉnh thuộc vùng trung du và miền núi phía Bắc Việt Nam, [[Việt Nam]].<ref name=Ms@124 >[https://thukyluat.vn/vb/quyet-dinh-124-2004-qd-ttg-bang-danh-muc-ma-so-don-vi-hanh-chinh-viet-nam-cc68.html Quyết định số 124/2004/QĐ-TTg của Chính phủ ngày 08/07/2004] ban hành Danh mục và mã số các đơn vị hành chính Việt Nam có đến 30/6/2004. Thuky Luat Online, 2016. Truy cập 11/04/2019.</ref><ref name =BandoHc >Tập bản đồ hành chính Việt Nam. Nhà xuất bản Tài nguyên – Môi trường và Bản đồ Việt Nam. Hà Nội, 2013.</ref>",
after-e8f5d888-ee8c-4036-9a83-952367d5668c,after,inf:e8f5d888-ee8c-4036-9a83-952367d5668c,tỉnh Lào Cai,found,44,73652032,2025-07-02T17:27:06Z,Lào Cai,https://vi.wikipedia.org/w/index.php?oldid=73652032,2026-09-29T15:28:26.522032Z,sources/responses/1cb389e990cb795ff56ce1845f8f2aea30f0e06a541917c14ee1103df5a7051a.json,1cb389e990cb795ff56ce1845f8f2aea30f0e06a541917c14ee1103df5a7051a,CC-BY-SA-4.0,reorganization,155,160,"Ngày [[1 tháng 1]] năm [[2020]], chuyển huyện Sa Pa thành thị xã [[Sa Pa]].<ref name=NQ767>{{Chú thích web|url=https://thuvienphapluat.vn/van-ban/Bo-may-hanh-chinh/Nghi-quyet-767-NQ-UBTVQH14-2019-ve-thanh-lap-thi-xa-Sa-Pa-tinh-Lao-Cai-425880.aspx|title=Nghị quyết số 767/NQ-UBTVQH14 năm 2019 về việc thành lập thị xã Sa Pa và các phường, xã thuộc thị xã Sa Pa, tỉnh Lào Cai|last=|first=|date=|website=|archive-url=|archive-date=|url-status=|access-date =}}</ref> Tỉnh Lào Cai có 1 thành phố, 1 thị xã và 7 huyện.

Ngày 12 tháng 6 năm 2025, Quốc hội ban hành Nghị quyết số 202/2025/QH15<ref name=""202/2025/QH15"">{{Chú thích web|url=https://quochoi.vn/tintuc/Pages/tin-hoat-dong-cua-quoc-hoi.aspx?ItemID=94532|tựa đề= Nghị quyết số 202/2025/QH15 về việc sắp xếp đơn vị hành chính cấp tỉnh |ngày= 2025-06-12 |website= Cổng thông tin điện tử Quốc hội Việt Nam |url lưu trữ=https://web.archive.org/web/20250612150244/https://quochoi.vn/tintuc/Pages/tin-hoat-dong-cua-quoc-hoi.aspx?ItemID=94532|ngày lưu trữ= 2025-06-12 |ngày truy cập= 2025-06-12 |url-status=live}}</ref> về việc sắp xếp đơn vị hành chính cấp tỉnh (nghị quyết có hiệu lực từ ngày 12 tháng 6 năm 2025). Theo đó, sáp nhập tỉnh [[Yên Bái]] vào tỉnh Lào Cai. Sau khi sắp xếp, tỉnh Lào Cai có 13.256,92&nbsp;km² diện tích tự nhiên và quy mô dân số là 1.778.785 người.

Ngày 16 tháng 6 năm 2025, theo nghị quyết sửa đổi Hiến pháp năm 2013, toàn bộ các đơn vị hành chính cấp huyện tại tỉnh Lào Cai được giải thể. Cùng ngày, theo nghị quyết sắp xếp đơn vị hành chính cấp xã, tỉnh Lào Cai có 99 đơn vị hành chính cấp xã, gồm 10 phường và 89 xã.<ref>Nghị quyết sô 203/2025/QH15 ban hành ngày 16/06/2025 về việc  sửa đổi, bổ sung một số điều của Hiến pháp nước Cộng hòa Xã hội chủ nghĩa Việt Nam</ref><ref>Nghị quyết 1673/NQ-UBTVQH15 năm 2025 về việc sắp xếp các đơn vị hành chính cấp xã của tỉnh Lào Cai.</ref>
",
after-fdb66544-727f-43ff-877a-511e3651142b,after,inf:fdb66544-727f-43ff-877a-511e3651142b,tỉnh Thái Nguyên,found,10732,73645746,2025-06-30T19:31:00Z,Thái Nguyên,https://vi.wikipedia.org/w/index.php?oldid=73645746,2026-09-29T15:28:28.015564Z,sources/responses/2b2589e633180c7118155fd091bc4e92d7e38bbe6192ea8f4008b3e2ee9031bb.json,2b2589e633180c7118155fd091bc4e92d7e38bbe6192ea8f4008b3e2ee9031bb,CC-BY-SA-4.0,name_type,42,42,"'''Thái Nguyên''' là một [[Tỉnh (Việt Nam)|tỉnh]] thuộc vùng [[Đông Bắc Bộ]], [[Việt Nam]]. Trung tâm hành chính của tỉnh là phường [[Phan Đình Phùng, Thái Nguyên|Phan Đình Phùng]], cách trung tâm [[Hà Nội]] khoảng 70&nbsp;km. Năm 2025, hai tỉnh Thái Nguyên và [[Bắc Kạn]] được hợp nhất thành tỉnh Thái Nguyên. Trong lịch sử, tỉnh Bắc Kạn được thành lập từ một phần của tỉnh Thái Nguyên vào năm 1900, hai tỉnh được hợp nhất thành tỉnh [[Bắc Thái]] vào năm 1965, và được tách riêng vào năm 1997. ",
after-fdb66544-727f-43ff-877a-511e3651142b,after,inf:fdb66544-727f-43ff-877a-511e3651142b,tỉnh Thái Nguyên,found,10732,73645746,2025-06-30T19:31:00Z,Thái Nguyên,https://vi.wikipedia.org/w/index.php?oldid=73645746,2026-09-29T15:28:28.015564Z,sources/responses/2b2589e633180c7118155fd091bc4e92d7e38bbe6192ea8f4008b3e2ee9031bb.json,2b2589e633180c7118155fd091bc4e92d7e38bbe6192ea8f4008b3e2ee9031bb,CC-BY-SA-4.0,reorganization,249,254,"Trong thập niên 2010, Quốc lộ 3 mới (đường cao tốc Hà Nội - Thái Nguyên) được hoàn thành vào năm 2014, quốc lộ 3 cũ qua địa bàn tỉnh cũng được nâng cấp, đường Thái Nguyên - Chợ Mới được xây dựng.{{sfn|Đảng bộ TN3|2021|pp=157}} Đầu năm 2013, Tập đoàn Samsung của Hàn Quốc bắt đầu triển khai tổ hợp công nghệ cao tại khu công nghiệp Yên Bình của tỉnh Thái Nguyên. Sự ra đời của tổ hợp này và các dự án phụ trợ khiến công nghiệp Thái Nguyên có bước phát triển vượt bậc, giá trị xuất khẩu của tỉnh tăng vọt, và tuyển dụng một lượng lớn người lao động.{{sfn|Đảng bộ TN3|2021|pp=146}}. Festival Trà quốc tế Thái Nguyên được tổ chức lần đầu tiên vào năm 2011.<ref>{{cite web|title=Lần đầu tiên tổ chức Festival trà Quốc tế tại Thái Nguyên|url=https://dantri.com.vn/kinh-doanh/lan-dau-tien-to-chuc-festival-tra-quoc-te-tai-thai-nguyen-1302468336.htm|website=[[Báo Dân Trí]]|date= 2011}}</ref> Năm 2013, việc xây dựng mỏ đa kim Núi Pháo cơ bản hoàn thành, là dự án mỏ đa kim lớn nhất Việt Nam cho đến khi đó.<ref>{{cite web|title=Công ty Núi Pháo xây xong mỏ 500 triệu USD|url=https://baodautu.vn/cong-ty-nui-phao-xay-xong-mo-500-trieu-usd-d2000.html|website=Báo Đầu tư|date= 2013}}</ref> Ngày 11 tháng 3 năm 2015, thị xã Bắc Kạn có nghị quyết chuyển thành thành phố Bắc Kạn, đô thị này phát triển thành một đô thị hiện đại.<ref>{{cite web|title=Thành phố Bắc Kạn chuyển mình mạnh mẽ sau 10 năm phát triển|url=https://baobackan.vn/thanh-pho-bac-kan-chuyen-minh-manh-me-sau-10-nam-phat-trien-post69561.html|website=Báo Bắc Kạn|date= 2025}}</ref> Sau khi tái lập tỉnh, Bắc Kạn có sự phát triển vượt bậc so với trước, hạ tầng giao thông được đầu tư đến tận các xóm, trường học được xây dựng khang trang, có điều kiện đầu tư phát triển kinh tế đồi rừng.<ref>{{cite web|title=Tạo cơ hội cho cả hai tỉnh phát triển|url=https://www.baothainguyen.vn/chinh-tri/202112/tao-co-hoi-cho-ca-hai-tinh-phat-trien-367EAB8/|website=Báo Thái Nguyên|date= 2021}}</ref> Trong [[Tác động của bão Yagi tại Việt Nam|trận lụt sau bão Yagi]] vào tháng 9 năm 2024, mức nước sông Cầu tại cầu Gia Bẩy đã vượt trận lụt lịch sử năm 1959.<ref>{{cite web|title=Thái Nguyên: Mực nước trên sông Cầu đã cao hơn đỉnh lũ lịch sử năm 1959|url=https://daibieunhandan.vn/thai-nguyen-muc-nuoc-tren-song-cau-da-cao-hon-dinh-lu-lich-su-nam-1959-post389583.html|website=Báo điện tử Đại biểu Nhân dân|date= 2024}}</ref>

Ngày 12 tháng 6 năm 2025, Quốc hội ban hành nghị quyết về việc sắp xếp một số đơn vị hành chính cấp tỉnh, theo đó tỉnh Bắc Kạn và tỉnh Thái Nguyên được hợp nhất thành tỉnh Thái Nguyên.<ref name=202/2025/QH15>{{Chú thích web|url=https://quochoi.vn/tintuc/Pages/tin-hoat-dong-cua-quoc-hoi.aspx?ItemID=94532|tựa đề= Nghị quyết số 202/2025/QH15 về việc sắp xếp đơn vị hành chính cấp tỉnh |ngày= 2025-06-12 |website= Cổng thông tin điện tử Quốc hội Việt Nam |url lưu trữ=https://web.archive.org/web/20250612150244/https://quochoi.vn/tintuc/Pages/tin-hoat-dong-cua-quoc-hoi.aspx?ItemID=94532|ngày lưu trữ= 2025-06-12 |ngày truy cập= 2025-06-12 |url-status=live}}</ref>

==Kinh tế==
[[File:Thai market.JPG|thumb|Chợ Thái tại phường Phan Đình Phùng là một trong các chợ lớn nhất của tỉnh Thái Nguyên.]]",
after-1382c005-17ce-4d0a-9b74-228aafee4e73,after,inf:1382c005-17ce-4d0a-9b74-228aafee4e73,tỉnh Phú Thọ,found,3970,73649976,2025-07-02T03:59:56Z,Phú Thọ,https://vi.wikipedia.org/w/index.php?oldid=73649976,2026-09-29T15:28:29.128098Z,sources/responses/a6bb9bf94a28392b698efbc66da23b660775211d4c2a9686ed028ba443ea9dbe.json,a6bb9bf94a28392b698efbc66da23b660775211d4c2a9686ed028ba443ea9dbe,CC-BY-SA-4.0,name_type,40,40,"'''Phú Thọ''' là một [[tỉnh]] thuộc vùng [[Đông Bắc Bộ]], [[Việt Nam]].<ref name=Ms@124 >[https://thukyluat.vn/vb/quyet-dinh-124-2004-qd-ttg-bang-danh-muc-ma-so-don-vi-hanh-chinh-viet-nam-cc68.html Quyết định số 124/2004/QĐ-TTg của Chính phủ ngày 08/07/2004] ban hành Danh mục và mã số các đơn vị hành chính Việt Nam có đến 30/6/2004. Thuky Luat Online, 2016. Truy cập 11/04/2019.</ref><ref name =BandoHc >Tập bản đồ hành chính Việt Nam. Nhà xuất bản Tài nguyên – Môi trường và Bản đồ Việt Nam. Hà Nội, 2013.</ref>",
after-1382c005-17ce-4d0a-9b74-228aafee4e73,after,inf:1382c005-17ce-4d0a-9b74-228aafee4e73,tỉnh Phú Thọ,found,3970,73649976,2025-07-02T03:59:56Z,Phú Thọ,https://vi.wikipedia.org/w/index.php?oldid=73649976,2026-09-29T15:28:29.128098Z,sources/responses/a6bb9bf94a28392b698efbc66da23b660775211d4c2a9686ed028ba443ea9dbe.json,a6bb9bf94a28392b698efbc66da23b660775211d4c2a9686ed028ba443ea9dbe,CC-BY-SA-4.0,reorganization,146,151,"Tại nghị định số 61/2007/NĐ-CP ngày [[9 tháng 4]] năm [[2007]] của chính phủ nước [[Việt Nam|Cộng hòa Xã hội chủ nghĩa Việt Nam]], huyện Thanh Sơn được tách thành 2 huyện: Thanh Sơn và [[Tân Sơn]].<ref>[http://thuvienphapluat.vn/archive/Nghi-dinh/Nghi-dinh-61-2007-ND-CP-dieu-chinh-dia-gioi-hanh-chinh-huyen-Thanh-Son-de-thanh-lap-huyen-Tan-Son-tinh-Phu-Tho-vb18026t11.aspx Nghị định 61/2007/NĐ-CP về việc điều chỉnh địa giới hành chính huyện Thanh Sơn để thành lập huyện Tân Sơn, tỉnh Phú Thọ]</ref>

Ngày 12 tháng 6 năm 2025, Quốc hội ban hành Nghị quyết số 202/2025/QH15<ref name=202/2025/QH15>{{Chú thích web|url=https://quochoi.vn/tintuc/Pages/tin-hoat-dong-cua-quoc-hoi.aspx?ItemID=94532|tựa đề= Nghị quyết số 202/2025/QH15 về việc sắp xếp đơn vị hành chính cấp tỉnh |ngày= 2025-06-12 |website= Cổng thông tin điện tử Quốc hội Việt Nam |url lưu trữ=https://web.archive.org/web/20250612150244/https://quochoi.vn/tintuc/Pages/tin-hoat-dong-cua-quoc-hoi.aspx?ItemID=94532|ngày lưu trữ= 2025-06-12 |ngày truy cập= 2025-06-12 |url-status=live}}</ref> về việc sắp xếp đơn vị hành chính cấp tỉnh (nghị quyết có hiệu lực từ ngày 12 tháng 6 năm 2025). Theo đó, sáp nhập tỉnh [[Hòa Bình]] và tỉnh [[Vĩnh Phúc]] vào tỉnh Phú Thọ.

Sau khi sáp nhập, tỉnh Phú Thọ có 9.361,38&nbsp;km² diện tích tự nhiên và quy mô dân số là 4.022.638 người.
",
after-140dd32d-ef0e-4309-8fc6-6c3db73e19d1,after,inf:140dd32d-ef0e-4309-8fc6-6c3db73e19d1,tỉnh Bắc Ninh,found,4669,73651296,2025-07-02T12:29:09Z,Bắc Ninh,https://vi.wikipedia.org/w/index.php?oldid=73651296,2026-09-29T15:28:30.204819Z,sources/responses/7dfbd63f457b8096fc9ac597d57d05db400b0937eb0590a51f32cc169501ec3a.json,7dfbd63f457b8096fc9ac597d57d05db400b0937eb0590a51f32cc169501ec3a,CC-BY-SA-4.0,name_type,45,45,"'''Bắc Ninh''' là một [[Tỉnh (Việt Nam)|tỉnh]] ở [[Việt Nam]], với vị trí nằm trong [[Vùng thủ đô Hà Nội]], [[Vùng kinh tế trọng điểm Bắc bộ]] và thuộc vùng [[Đồng bằng sông Hồng]]. Bắc Ninh là trung tâm của xứ Kinh Bắc xưa, với 44 làng quan họ cổ, là cái nôi của [[Dân ca Quan họ]] được công nhận là di sản văn hóa phi vật thể đại diện của nhân loại.",
after-140dd32d-ef0e-4309-8fc6-6c3db73e19d1,after,inf:140dd32d-ef0e-4309-8fc6-6c3db73e19d1,tỉnh Bắc Ninh,found,4669,73651296,2025-07-02T12:29:09Z,Bắc Ninh,https://vi.wikipedia.org/w/index.php?oldid=73651296,2026-09-29T15:28:30.204819Z,sources/responses/7dfbd63f457b8096fc9ac597d57d05db400b0937eb0590a51f32cc169501ec3a.json,7dfbd63f457b8096fc9ac597d57d05db400b0937eb0590a51f32cc169501ec3a,CC-BY-SA-4.0,reorganization,209,214,"</ref> Ngày 25 tháng 6 năm 2014, thành phố Bắc Ninh được công nhận là [[Đô thị Việt Nam#Đô thị loại II|đô thị loại II]]<ref>[http://www.chinhphu.vn/portal/page/portal/chinhphu/hethongvanban?class_id=2&_page=1&mode=detail&document_id=174593 Quyết định số 1044/QĐ-TTg của Thủ tướng Chính phủ: Về việc công nhận thành phố Bắc Ninh là đô thị loại II thuộc tỉnh Bắc Ninh]</ref> và đến ngày 25 tháng 12 năm 2017 được công nhận là [[Đô thị Việt Nam#Đô thị loại I|đô thị loại I]] trực thuộc tỉnh Bắc Ninh.<ref>{{Chú thích web |tác giả= |họ= |tên= |ngày= |title=Quyết định 2088/QĐ-TTg năm 2017 về việc công nhận thành phố Bắc Ninh là đô thị loại I trực thuộc tỉnh Bắc Ninh |url=https://thuvienphapluat.vn/van-ban/Xay-dung-Do-thi/Quyet-dinh-2088-QD-TTg-2017-cong-nhan-thanh-pho-Bac-Ninh-do-thi-loai-I-truc-thuoc-tinh-Bac-Ninh-370645.aspx |url lưu trữ= |ngày lưu trữ= |ngày truy cập= |website=}}</ref> Ngày 1 tháng 11 năm 2021, chuyển thị xã Từ Sơn thành thành phố Từ Sơn.<ref name=""NQ387"">{{Chú thích web |tựa đề=Nghị quyết số 387/NQ-UBTVQH15 năm 2021 về việc thành lập thành phố Từ Sơn thuộc tỉnh Bắc Ninh |url=https://thuvienphapluat.vn/van-ban/Bo-may-hanh-chinh/Nghi-quyet-387-NQ-UBTVQH15-thanh-lap-Toa-an-nhan-dan-thanh-pho-Tu-Son-thuoc-tinh-Bac-Ninh-490766.aspx |url-status=live}}</ref> Ngày 10 tháng 4 năm 2023, chuyển hai huyện Thuận Thành và Quế Võ thành hai thị xã có tên tương ứng;<ref name=""NQ723"">{{Chú thích web |tựa đề=Nghị quyết số 723/NQ-UBTVQH15 năm 2023 về việc thành lập thị xã Thuận Thành và các phường thuộc thị xã Thuận Thành, thị xã Quế Võ và các phường thuộc thị xã Quế Võ, tỉnh Bắc Ninh |url=https://thuvienphapluat.vn/van-ban/Bo-may-hanh-chinh/Nghi-quyet-723-NQ-UBTVQH15-2023-thanh-lap-thi-xa-Thuan-Thanh-va-phuong-thuoc-thi-xa-Bac-Ninh-556500.aspx |url-status=live}}</ref> tỉnh Bắc Ninh có 2 thành phố, 2 thị xã, 4 huyện.

Ngày 12 tháng 6 năm 2025, Quốc hội ban hành Nghị quyết số 202/2025/QH15<ref name=""202/2025/QH15"">{{Chú thích web |ngày=2025-06-12 |tựa đề=Nghị quyết số 202/2025/QH15 về việc sắp xếp đơn vị hành chính cấp tỉnh |url=https://quochoi.vn/tintuc/Pages/tin-hoat-dong-cua-quoc-hoi.aspx?ItemID=94532 |url-status=live |url lưu trữ=https://web.archive.org/web/20250612150244/https://quochoi.vn/tintuc/Pages/tin-hoat-dong-cua-quoc-hoi.aspx?ItemID=94532 |ngày lưu trữ=2025-06-12 |ngày truy cập=2025-06-12 |website=Cổng thông tin điện tử Quốc hội Việt Nam}}</ref> về việc sắp xếp đơn vị hành chính cấp tỉnh (nghị quyết có hiệu lực từ ngày 12 tháng 6 năm 2025). Theo đó, sáp nhập tỉnh Bắc Giang vào tỉnh Bắc Ninh. Sau khi sáp nhập, tỉnh Bắc Ninh mới có 4.718,60&nbsp;km² diện tích tự nhiên và quy mô dân số là 3.619.433 người.

==Hành chính==
Tỉnh Bắc Ninh có diện tích 4.718,60 km² với 99 đơn vị hành chính cấp xã, bao gồm 33 phường và 66 xã <ref>{{Chú thích web |title=Nghị quyết số 1658/NQ-UBTVQH15 của UBTVQH về việc sắp xếp các đơn vị hành chính cấp xã của tỉnh Bắc Ninh năm 2025 |url=https://quochoi.vn/tintuc/Pages/tin-hoat-dong-cua-quoc-hoi.aspx?ItemID=94598}}</ref>",
after-69bfada8-8d5a-4494-b4a5-06d9d6a4678f,after,inf:69bfada8-8d5a-4494-b4a5-06d9d6a4678f,tỉnh Hưng Yên,found,4666,73652072,2025-07-02T18:16:35Z,Hưng Yên,https://vi.wikipedia.org/w/index.php?oldid=73652072,2026-09-29T15:28:31.071989Z,sources/responses/eab64a1b753fcd84f58b029c489ccc41a424339bd71293e8c83be37a02b17d4b.json,eab64a1b753fcd84f58b029c489ccc41a424339bd71293e8c83be37a02b17d4b,CC-BY-SA-4.0,name_type,80,80,"'''Hưng Yên''' là một [[Tỉnh (Việt Nam)|tỉnh]] thuộc vùng [[đồng bằng sông Hồng]], nằm ở miền Bắc [[Việt Nam]], với trung tâm hành chính cách thủ đô [[Hà Nội]] khoảng hơn 55 km về phía Đông Nam.",
after-69bfada8-8d5a-4494-b4a5-06d9d6a4678f,after,inf:69bfada8-8d5a-4494-b4a5-06d9d6a4678f,tỉnh Hưng Yên,found,4666,73652072,2025-07-02T18:16:35Z,Hưng Yên,https://vi.wikipedia.org/w/index.php?oldid=73652072,2026-09-29T15:28:31.071989Z,sources/responses/eab64a1b753fcd84f58b029c489ccc41a424339bd71293e8c83be37a02b17d4b.json,eab64a1b753fcd84f58b029c489ccc41a424339bd71293e8c83be37a02b17d4b,CC-BY-SA-4.0,reorganization,165,170,"Ngày [[1 tháng 5]] năm [[2019]], chuyển huyện Mỹ Hào thành thị xã [[Mỹ Hào]].<ref name=""NQ656"">{{Chú thích web|url=https://hethongphapluat.com/nghi-quyet-656-nq-ubtvqh14-nam-2019-ve-thanh-lap-thi-xa-my-hao-thuoc-tinh-hung-yen-va-07-phuong-thuoc-thi-xa-my-hao-do-uy-ban-thuong-vu-quoc-hoi-ban-hanh.html|title=Nghị quyết 656/NQ-UBTVQH14 của Ủy ban Thường vụ Quốc hội về việc thành lập thị xã Mỹ Hào thuộc tỉnh Hưng Yên và 07 phường thuộc Mỹ Hào|last=|first=|date=|website=|archive-url=|archive-date=|url-status=|access-date=}}</ref>

Ngày [[12 tháng 6]] năm [[2025]], Quốc hội ban hành Nghị quyết số 202/2025/QH15<ref name=202/2025/QH15>{{Chú thích web|url=https://quochoi.vn/tintuc/Pages/tin-hoat-dong-cua-quoc-hoi.aspx?ItemID=94532|tựa đề= Nghị quyết số 202/2025/QH15 về việc sắp xếp đơn vị hành chính cấp tỉnh |ngày= 2025-06-12 |website= Cổng thông tin điện tử Quốc hội Việt Nam |url lưu trữ=https://web.archive.org/web/20250612150244/https://quochoi.vn/tintuc/Pages/tin-hoat-dong-cua-quoc-hoi.aspx?ItemID=94532|ngày lưu trữ= 2025-06-12 |ngày truy cập= 2025-06-12 |url-status=live}}</ref> về việc sắp xếp đơn vị hành chính cấp tỉnh (nghị quyết có hiệu lực từ ngày 12 tháng 6 năm 2025). Theo đó, sáp nhập tỉnh [[Thái Bình]] vào tỉnh Hưng Yên, trung tâm hành chính đặt tại tỉnh Hưng Yên hiện nay.

==Địa lý==
===Vị trí và lãnh thổ===",
after-8440de11-9955-43c0-bb4b-52a400cb49ef,after,inf:8440de11-9955-43c0-bb4b-52a400cb49ef,thành phố Hải Phòng,found,362339,73649173,2025-07-01T18:20:04Z,Hải Phòng,https://vi.wikipedia.org/w/index.php?oldid=73649173,2026-09-29T15:28:32.733762Z,sources/responses/6e88e19da424c874edf9520cfbb89646adbc82d6409898d260000ec8640e2ff4.json,6e88e19da424c874edf9520cfbb89646adbc82d6409898d260000ec8640e2ff4,CC-BY-SA-4.0,name_type,72,72,"'''Hải Phòng''' là một trong sáu [[thành phố trực thuộc trung ương]] của [[Việt Nam]]. Đây là thành phố lớn thứ 3 [[Việt Nam]] và là một [[thành phố]] [[Cảng Hải Phòng|cảng]], trung tâm công nghiệp, cảng biển, đồng thời cũng là trung tâm kinh tế, văn hóa, y tế, giáo dục, khoa học, thương mại và công nghệ thuộc [[Vùng duyên hải Bắc Bộ]] của [[Việt Nam]]. Hải Phòng hiện là [[Đô thị loại I (Việt Nam)|đô thị loại I]], là thành phố trung tâm cấp vùng và cấp quốc gia. Trong quá khứ, Hải Phòng cũng là nơi có [[điện]] đầu tiên ở [[Việt Nam]] và [[Đông Dương]].",
after-8440de11-9955-43c0-bb4b-52a400cb49ef,after,inf:8440de11-9955-43c0-bb4b-52a400cb49ef,thành phố Hải Phòng,found,362339,73649173,2025-07-01T18:20:04Z,Hải Phòng,https://vi.wikipedia.org/w/index.php?oldid=73649173,2026-09-29T15:28:32.733762Z,sources/responses/6e88e19da424c874edf9520cfbb89646adbc82d6409898d260000ec8640e2ff4.json,6e88e19da424c874edf9520cfbb89646adbc82d6409898d260000ec8640e2ff4,CC-BY-SA-4.0,reorganization,213,218,"Thành phố Hải Phòng có 8 quận, 1 thành phố và 6 huyện trực thuộc như hiện nay.

Ngày 12 tháng 6 năm 2025, Quốc hội ban hành Nghị quyết số 202/2025/QH15<ref name=202/2025/QH15>{{Chú thích web|url=https://quochoi.vn/tintuc/Pages/tin-hoat-dong-cua-quoc-hoi.aspx?ItemID=94532|tựa đề= Nghị quyết số 202/2025/QH15 về việc sắp xếp đơn vị hành chính cấp tỉnh |ngày= 2025-06-12 |website= Cổng thông tin điện tử Quốc hội Việt Nam |url lưu trữ=https://web.archive.org/web/20250612150244/https://quochoi.vn/tintuc/Pages/tin-hoat-dong-cua-quoc-hoi.aspx?ItemID=94532|ngày lưu trữ= 2025-06-12 |ngày truy cập= 2025-06-12 |url-status=live}}</ref> về việc sắp xếp đơn vị hành chính cấp tỉnh (nghị quyết có hiệu lực từ ngày 12 tháng 6 năm 2025). Theo đó, sáp nhập tỉnh [[Hải Dương]] vào thành phố Hải Phòng.

Sau khi sáp nhập, thành phố Hải Phòng có 3.194,72&nbsp;km² diện tích tự nhiên và quy mô dân số là 4.664.124 người.
",
after-8ef013e4-5652-494a-83e0-6336809da66c,after,inf:8ef013e4-5652-494a-83e0-6336809da66c,tỉnh Ninh Bình,found,4769,73644011,2025-06-30T08:13:49Z,Ninh Bình,https://vi.wikipedia.org/w/index.php?oldid=73644011,2026-09-29T15:28:34.780745Z,sources/responses/6b034e9149f6a9893ca52378574d98a4257351e842e51fb02a0e95541b6055de.json,6b034e9149f6a9893ca52378574d98a4257351e842e51fb02a0e95541b6055de,CC-BY-SA-4.0,name_type,50,50,"'''Ninh Bình''' là [[Tỉnh (Việt Nam)|tỉnh]] nằm ở cửa ngõ phía Nam của [[thủ đô Hà Nội]] và [[miền Bắc Việt Nam|miền Bắc]], [[Việt Nam]]. Theo dữ liệu [[Sáp nhập tỉnh, thành Việt Nam 2025]], Ninh Bình có diện tích là 3.943 km² (xếp thứ 31); dân số là 4.412.264 người (xếp thứ 6); GRDP năm 2024 đạt 310.282.050 triệu VNĐ (xếp thứ 11); thu ngân sách năm 2024 đạt 55.018.945 triệu VNĐ (xếp thứ 6); thu nhập bình quân đạt 69,91 triệu VNĐ/năm (xếp thứ 7).<ref>{{Chú thích web |tiêu đề=Danh sách dự kiến tên gọi của 34 tỉnh, thành phố và trung tâm chính trị - hành chính |url=https://vtv.vn/chinh-tri/danh-sach-du-kien-ten-goi-cua-34-tinh-thanh-pho-va-trung-tam-chinh-tri-hanh-chinh-20250413230809506.htm |ngày truy cập=14 tháng 4 năm 2025 |website=vtv.vn |ngôn ngữ=vi}}</ref>",
after-8ef013e4-5652-494a-83e0-6336809da66c,after,inf:8ef013e4-5652-494a-83e0-6336809da66c,tỉnh Ninh Bình,found,4769,73644011,2025-06-30T08:13:49Z,Ninh Bình,https://vi.wikipedia.org/w/index.php?oldid=73644011,2026-09-29T15:28:34.780745Z,sources/responses/6b034e9149f6a9893ca52378574d98a4257351e842e51fb02a0e95541b6055de.json,6b034e9149f6a9893ca52378574d98a4257351e842e51fb02a0e95541b6055de,CC-BY-SA-4.0,reorganization,654,659,"Năm 968, vua [[Đinh Tiên Hoàng]] dẹp xong [[loạn 12 sứ quân]], lên ngôi hoàng đế, lập ra nhà nước [[Đại Cồ Việt]] nơi đây đã được chọn là để đặt [[kinh đô Hoa Lư]], trung tâm của đất nước. Thời nhà Lý, Trần vùng đất này thuộc 3 lộ, phủ: Hoàng Giang, Trường Yên và Thiên Trường. Thời Hậu Lê được sáp nhập thành Trấn Sơn Nam với các phủ: Lý Nhân, Thiên Quan, Trường Yên, Nghĩa Hưng và Thiên Trường.

Năm 1822, vua Minh Mạng cho đổi đạo Thanh Bình thành đạo Ninh Bình, danh xưng Ninh Bình với hàm ý là vùng đất khang ninh, yên bình và phát triển xuất hiện từ đó.<ref>[https://ninhbinh.gov.vn/ky-niem-30-nam-tai-lap-tinh/to-chuc-trong-the-le-ky-niem-200-nam-danh-xung-ninh-binh-va-30-nam-tai-lap-tinh-293302#:~:text=T%E1%BB%9Bi%20n%C4%83m%20Minh%20M%E1%BA%A1ng%20th%E1%BB%A9,b%C3%ACnh%20y%C3%AAn%20c%C3%B3%20t%E1%BB%AB%20%C4%91%C3%B3. Tổ chức trọng thể Lễ kỷ niệm 200 năm Danh xưng Ninh Bình và 30 năm tái lập tỉnh]</ref> [[Thành cổ Ninh Bình]] đã được xây dựng năm 1824. Năm 1829 đổi đạo Ninh Bình thành trấn Ninh Bình và đến năm 1831 khi thành lập 13 tỉnh Bắc Kỳ, vùng đất này thuộc 3 tỉnh [[Hà Nội]], Ninh Bình, [[Nam Định]]. Tới năm 1890 tỉnh [[Hà Nam]] được thành lập khi tách 1 phần phía Nam của tỉnh Hà Nội. Năm 1965, tỉnh Nam Định được hợp nhất với tỉnh Hà Nam thành tỉnh [[Nam Hà (tỉnh)|Nam Hà]]. Năm 1975, tỉnh Nam Hà hợp nhất với tỉnh Ninh Bình thành tỉnh [[Hà Nam Ninh]]. Năm 1991 tỉnh Ninh Bình cũ tái lập, và đến năm 1996 [[Hà Nam]], [[Nam Định]] cũng tái lập cho đến năm 2025 cả 3 tỉnh lại hợp nhất thành tỉnh Ninh Bình.

Ngày 12 tháng 6 năm 2025, Quốc hội ban hành Nghị quyết số 202/2025/QH15<ref name=202/2025/QH15>{{Chú thích web|url=https://quochoi.vn/tintuc/Pages/tin-hoat-dong-cua-quoc-hoi.aspx?ItemID=94532|tựa đề= Nghị quyết số 202/2025/QH15 về việc sắp xếp đơn vị hành chính cấp tỉnh |ngày= 2025-06-12 |website= Cổng thông tin điện tử Quốc hội Việt Nam |url lưu trữ=https://web.archive.org/web/20250612150244/https://quochoi.vn/tintuc/Pages/tin-hoat-dong-cua-quoc-hoi.aspx?ItemID=94532|ngày lưu trữ= 2025-06-12 |ngày truy cập= 2025-06-12 |url-status=live}}</ref> về việc sắp xếp đơn vị hành chính cấp tỉnh (nghị quyết có hiệu lực từ ngày 12 tháng 6 năm 2025). Theo đó, sáp nhập tỉnh [[Hà Nam]] và tỉnh [[Nam Định]] vào tỉnh Ninh Bình.
",
after-39a615da-cad1-42ce-b5e0-dede80a3524e,after,inf:39a615da-cad1-42ce-b5e0-dede80a3524e,tỉnh Quảng Trị,found,6500,73650037,2025-07-02T04:35:40Z,Quảng Trị,https://vi.wikipedia.org/w/index.php?oldid=73650037,2026-09-29T15:28:35.813673Z,sources/responses/1c03751e8e75a4210e9d9875ccade1d0ca2accdd6b16d985a47dcf6cb42bdafb.json,1c03751e8e75a4210e9d9875ccade1d0ca2accdd6b16d985a47dcf6cb42bdafb,CC-BY-SA-4.0,name_type,47,47,"'''Quảng Trị''' là [[tỉnh]] [[ven biển]] gần cực nam của vùng [[Bắc Trung Bộ]], [[Trung Bộ|miền Trung]] của [[Việt Nam]].<ref name =Ms@124 >[https://thukyluat.vn/vb/quyet-dinh-124-2004-qd-ttg-bang-danh-muc-ma-so-don-vi-hanh-chinh-viet-nam-cc68.html Quyết định số 124/2004/QĐ-TTg của Chính phủ ngày 08/07/2004] ban hành Danh mục và mã số các đơn vị hành chính Việt Nam có đến 30/6/2004. Thuky Luat Online, 2016. Truy cập 11/04/2019.</ref><ref name =BandoHc >Tập bản đồ hành chính Việt Nam. Nhà xuất bản Tài nguyên – Môi trường và Bản đồ Việt Nam. Hà Nội, 2013.</ref>",
after-39a615da-cad1-42ce-b5e0-dede80a3524e,after,inf:39a615da-cad1-42ce-b5e0-dede80a3524e,tỉnh Quảng Trị,found,6500,73650037,2025-07-02T04:35:40Z,Quảng Trị,https://vi.wikipedia.org/w/index.php?oldid=73650037,2026-09-29T15:28:35.813673Z,sources/responses/1c03751e8e75a4210e9d9875ccade1d0ca2accdd6b16d985a47dcf6cb42bdafb.json,1c03751e8e75a4210e9d9875ccade1d0ca2accdd6b16d985a47dcf6cb42bdafb,CC-BY-SA-4.0,reorganization,118,123,"Ngày [[11 tháng 8]] năm [[2009]], chuyển thị xã Đông Hà thành [[Đông Hà|thành phố Đông Hà]].<ref>[http://thuvienphapluat.vn/archive/Nghi-quyet/Nghi-quyet-33-NQ-CP-thanh-lap-thanh-pho-Dong-Ha-thuoc-tinh-Quang-Tri-vb92867t13.aspx Nghị quyết số 33/NQ-CP về việc thành lập thành phố Đông Hà thuộc tỉnh Quảng Trị]</ref>

Ngày 12 tháng 6 năm 2025, Quốc hội ban hành Nghị quyết số 202/2025/QH15<ref name=202/2025/QH15>{{Chú thích web|url=https://quochoi.vn/tintuc/Pages/tin-hoat-dong-cua-quoc-hoi.aspx?ItemID=94532|tựa đề= Nghị quyết số 202/2025/QH15 về việc sắp xếp đơn vị hành chính cấp tỉnh |ngày= 2025-06-12 |website= Cổng thông tin điện tử Quốc hội Việt Nam |url lưu trữ=https://web.archive.org/web/20250612150244/https://quochoi.vn/tintuc/Pages/tin-hoat-dong-cua-quoc-hoi.aspx?ItemID=94532|ngày lưu trữ= 2025-06-12 |ngày truy cập= 2025-06-12 |url-status=live}}</ref> về việc sắp xếp đơn vị hành chính cấp tỉnh (nghị quyết có hiệu lực từ ngày 12 tháng 6 năm 2025). Theo đó, sáp nhập tỉnh [[Quảng Bình]] vào tỉnh Quảng Trị.

Sau khi sáp nhập, tỉnh Quảng Trị có 12.700&nbsp;km² diện tích tự nhiên và quy mô dân số là 1.870.845 người.
",
after-3fe520e0-442b-47ad-bb5c-773359b64a2f,after,inf:3fe520e0-442b-47ad-bb5c-773359b64a2f,thành phố Đà Nẵng,found,999,73651635,2025-07-02T14:18:47Z,Đà Nẵng,https://vi.wikipedia.org/w/index.php?oldid=73651635,2026-09-29T15:28:37.162836Z,sources/responses/d6fc0aba46ccc9e90ad8ed372e202d197c19a628251bda61e2af1c761698ed6e.json,d6fc0aba46ccc9e90ad8ed372e202d197c19a628251bda61e2af1c761698ed6e,CC-BY-SA-4.0,name_type,74,74,"'''Đà Nẵng''' là một trong sáu [[Thành phố trực thuộc trung ương (Việt Nam)|thành phố trực thuộc trung ương]] của [[Việt Nam]], nằm tại khu vực [[Duyên hải Nam Trung Bộ]]. Đây là thành phố lớn nhất của Việt Nam, đóng vai trò là trung tâm chính trị, kinh tế - xã hội lớn của miền Trung và là hạt nhân quan trọng trong [[Vùng kinh tế trọng điểm Trung Bộ|Vùng kinh tế trọng điểm miền Trung]]. Thành phố Đà Nẵng hiện là [[Đô thị Việt Nam|đô thị loại I]], là thành phố trung tâm cấp vùng và cấp quốc gia.",
after-3fe520e0-442b-47ad-bb5c-773359b64a2f,after,inf:3fe520e0-442b-47ad-bb5c-773359b64a2f,thành phố Đà Nẵng,found,999,73651635,2025-07-02T14:18:47Z,Đà Nẵng,https://vi.wikipedia.org/w/index.php?oldid=73651635,2026-09-29T15:28:37.162836Z,sources/responses/d6fc0aba46ccc9e90ad8ed372e202d197c19a628251bda61e2af1c761698ed6e.json,d6fc0aba46ccc9e90ad8ed372e202d197c19a628251bda61e2af1c761698ed6e,CC-BY-SA-4.0,reorganization,226,231,"Thành phố Đà Nẵng có 6 quận và 2 huyện như hiện nay.

Ngày 12 tháng 6 năm 2025, Quốc hội ban hành Nghị quyết số 202/2025/QH15<ref name=202/2025/QH15>{{Chú thích web|url=https://quochoi.vn/tintuc/Pages/tin-hoat-dong-cua-quoc-hoi.aspx?ItemID=94532|tựa đề= Nghị quyết số 202/2025/QH15 về việc sắp xếp đơn vị hành chính cấp tỉnh |ngày= 2025-06-12 |website= Cổng thông tin điện tử Quốc hội Việt Nam |url lưu trữ=https://web.archive.org/web/20250612150244/https://quochoi.vn/tintuc/Pages/tin-hoat-dong-cua-quoc-hoi.aspx?ItemID=94532|ngày lưu trữ= 2025-06-12 |ngày truy cập= 2025-06-12 |url-status=live}}</ref> về việc sắp xếp đơn vị hành chính cấp tỉnh (nghị quyết có hiệu lực từ ngày 12 tháng 6 năm 2025). Theo đó, sáp nhập tỉnh [[Quảng Nam]] vào thành phố [[Đà Nẵng]].

Sau khi sáp nhập, thành phố Đà Nẵng có 11.859,59&nbsp;km² diện tích tự nhiên và quy mô dân số là 3.065.628 người và trở thành thành phố có diện tích lớn nhất và xứng tầm một trong những thành phố lớn của Việt Nam.
",
after-ffa329b1-2301-4d14-9a51-26002353068e,after,inf:ffa329b1-2301-4d14-9a51-26002353068e,tỉnh Quảng Ngãi,found,11249,73637895,2025-06-28T07:48:22Z,Quảng Ngãi,https://vi.wikipedia.org/w/index.php?oldid=73637895,2026-09-29T15:28:37.773365Z,sources/responses/36a14353731b9aba3db082e1a87953877cdf45d6a4b520e3f697f45a04dc1967.json,36a14353731b9aba3db082e1a87953877cdf45d6a4b520e3f697f45a04dc1967,CC-BY-SA-4.0,name_type,52,52,"'''Quảng Ngãi''' là một tỉnh ven biển nằm ở phía bắc vùng [[Duyên hải Nam Trung Bộ|Nam Trung Bộ]], [[miền Trung]] [[Việt Nam]]. Trung tâm hành chính của tỉnh là phường [[Cẩm Thành (phường)|Cẩm Thành]], cách [[Thành phố Hồ Chí Minh]] 820&nbsp;km về phía bắc, cách thành phố [[Đà Nẵng]] 130 km về phía nam và cách Thủ đô [[Hà Nội]] 908&nbsp;km về phía nam tính theo đường [[Quốc lộ 1]].",
after-ffa329b1-2301-4d14-9a51-26002353068e,after,inf:ffa329b1-2301-4d14-9a51-26002353068e,tỉnh Quảng Ngãi,found,11249,73637895,2025-06-28T07:48:22Z,Quảng Ngãi,https://vi.wikipedia.org/w/index.php?oldid=73637895,2026-09-29T15:28:37.773365Z,sources/responses/36a14353731b9aba3db082e1a87953877cdf45d6a4b520e3f697f45a04dc1967.json,36a14353731b9aba3db082e1a87953877cdf45d6a4b520e3f697f45a04dc1967,CC-BY-SA-4.0,reorganization,241,246,"Tỉnh Quảng Ngãi có 1 thành phố, 1 thị xã và 11 huyện như hiện nay.

Ngày 12 tháng 6 năm 2025, Quốc hội ban hành Nghị quyết số 202/2025/QH15<ref name=202/2025/QH15>{{Chú thích web|url=https://quochoi.vn/tintuc/Pages/tin-hoat-dong-cua-quoc-hoi.aspx?ItemID=94532|tựa đề= Nghị quyết số 202/2025/QH15 về việc sắp xếp đơn vị hành chính cấp tỉnh |ngày= 2025-06-12 |website= Cổng thông tin điện tử Quốc hội Việt Nam |url lưu trữ=https://web.archive.org/web/20250612150244/https://quochoi.vn/tintuc/Pages/tin-hoat-dong-cua-quoc-hoi.aspx?ItemID=94532|ngày lưu trữ= 2025-06-12 |ngày truy cập= 2025-06-12 |url-status=live}}</ref> về việc sắp xếp đơn vị hành chính cấp tỉnh (nghị quyết có hiệu lực từ ngày 12 tháng 6 năm 2025). Theo đó, sáp nhập tỉnh [[Kon Tum]] vào tỉnh Quảng Ngãi.

Sau khi sáp nhập, tỉnh Quảng Ngãi có 14.832,55&nbsp;km² diện tích tự nhiên và quy mô dân số là 2.161.755 người.
",
after-01f21d1a-e83c-4043-ab0c-ab72d8c47f2f,after,inf:01f21d1a-e83c-4043-ab0c-ab72d8c47f2f,tỉnh Gia Lai,found,11165,73646444,2025-07-01T02:56:29Z,Gia Lai,https://vi.wikipedia.org/w/index.php?oldid=73646444,2026-09-29T15:21:49.460153Z,sources/responses/6179c9ecaa77df0dca84db51f49f7ab9ca190cca1da9cf1c2dddd6a97fd1e15a.json,6179c9ecaa77df0dca84db51f49f7ab9ca190cca1da9cf1c2dddd6a97fd1e15a,CC-BY-SA-4.0,name_type,37,37,"'''Gia Lai''' là một [[Tỉnh thành Việt Nam|tỉnh]] miền núi ven biển nằm ở [[Nam Trung Bộ]], [[miền Trung]] [[Việt Nam]] và là tỉnh có diện tích lớn thứ hai [[Việt Nam]].<ref>Sau Nghệ An</ref> [[Tỉnh lỵ (Việt Nam)|Trung tâm hành chính]] của tỉnh là phường [[Quy Nhơn]].",
after-01f21d1a-e83c-4043-ab0c-ab72d8c47f2f,after,inf:01f21d1a-e83c-4043-ab0c-ab72d8c47f2f,tỉnh Gia Lai,found,11165,73646444,2025-07-01T02:56:29Z,Gia Lai,https://vi.wikipedia.org/w/index.php?oldid=73646444,2026-09-29T15:21:49.460153Z,sources/responses/6179c9ecaa77df0dca84db51f49f7ab9ca190cca1da9cf1c2dddd6a97fd1e15a.json,6179c9ecaa77df0dca84db51f49f7ab9ca190cca1da9cf1c2dddd6a97fd1e15a,CC-BY-SA-4.0,reorganization,686,686,"Ngày [[12 tháng 6]] năm [[2025]], Quốc hội ban hành Nghị quyết số 202/2025/QH15<ref name=202/2025/QH15>{{Chú thích web|url=https://quochoi.vn/tintuc/Pages/tin-hoat-dong-cua-quoc-hoi.aspx?ItemID=94532|tựa đề= Nghị quyết số 202/2025/QH15 về việc sắp xếp đơn vị hành chính cấp tỉnh |ngày= 2025-06-12 |website= Cổng thông tin điện tử Quốc hội Việt Nam |url lưu trữ=https://web.archive.org/web/20250612150244/https://quochoi.vn/tintuc/Pages/tin-hoat-dong-cua-quoc-hoi.aspx?ItemID=94532|ngày lưu trữ= 2025-06-12 |ngày truy cập= 2025-06-12 |url-status=live}}</ref> về việc sắp xếp đơn vị hành chính cấp tỉnh (nghị quyết có hiệu lực từ ngày 12 tháng 6 năm 2025). Theo đó, sáp nhập tỉnh [[Bình Định (tỉnh)|Bình Định]] vào tỉnh Gia Lai.",
after-0561c911-7b42-478c-b230-33e6249b65e3,after,inf:0561c911-7b42-478c-b230-33e6249b65e3,tỉnh Khánh Hòa,found,2764,73637060,2025-06-28T01:49:55Z,Khánh Hòa,https://vi.wikipedia.org/w/index.php?oldid=73637060,2026-09-29T15:28:39.558008Z,sources/responses/aa0490385c606c63bb455109848d8efb5ab33ab484b991f6627c89d681e24ae9.json,aa0490385c606c63bb455109848d8efb5ab33ab484b991f6627c89d681e24ae9,CC-BY-SA-4.0,name_type,55,55,"'''Khánh Hòa''' là một [[Tỉnh (Việt Nam)|tỉnh]] [[Bờ biển|ven biển]] thuộc duyên hải [[Nam Trung Bộ Việt Nam|Nam Trung Bộ]], [[Việt Nam]].",
after-0561c911-7b42-478c-b230-33e6249b65e3,after,inf:0561c911-7b42-478c-b230-33e6249b65e3,tỉnh Khánh Hòa,found,2764,73637060,2025-06-28T01:49:55Z,Khánh Hòa,https://vi.wikipedia.org/w/index.php?oldid=73637060,2026-09-29T15:28:39.558008Z,sources/responses/aa0490385c606c63bb455109848d8efb5ab33ab484b991f6627c89d681e24ae9.json,aa0490385c606c63bb455109848d8efb5ab33ab484b991f6627c89d681e24ae9,CC-BY-SA-4.0,reorganization,260,265,"Ngày [[25 tháng 10]] năm [[2010]], chuyển huyện Ninh Hòa thành thị xã Ninh Hòa.<ref>{{Chú thích web|url=https://vanban.chinhphu.vn/default.aspx?pageid=27160&docid=97331|tựa đề=Nghị quyết số 41/NQ-CP của Chính phủ: Về việc thành lập thị xã Ninh Hòa và thành lập các phường thuộc thị xã Ninh Hòa, tỉnh Khánh Hòa|ngày=25 tháng 10 năm 2010|website=Báo Chính phủ}}</ref>

Ngày [[23 tháng 12]] năm [[2010]], chuyển thị xã Cam Ranh thành thành phố Cam Ranh.<ref>{{Chú thích web|url=https://chinhphu.vn/default.aspx?pageid=27160&docid=98253|tựa đề=Nghị quyết số 65/NQ-CP của Chính phủ: Về việc thành lập thành phố Cam Ranh thuộc tỉnh Khánh Hòa.|ngày=23 tháng 12 năm 2010|website=Báo Chính phủ}}</ref>{{Khánh Hòa imagemap}}Ngày 12 tháng 6 năm 2025, Quốc hội ban hành Nghị quyết số 202/2025/QH15<ref name=""202/2025/QH15"">{{Chú thích web |url=https://quochoi.vn/tintuc/Pages/tin-hoat-dong-cua-quoc-hoi.aspx?ItemID=94532 |tựa đề=Nghị quyết số 202/2025/QH15 về việc sắp xếp đơn vị hành chính cấp tỉnh |ngày=2025-06-12 |website=Cổng thông tin điện tử Quốc hội Việt Nam |url lưu trữ=https://web.archive.org/web/20250612150244/https://quochoi.vn/tintuc/Pages/tin-hoat-dong-cua-quoc-hoi.aspx?ItemID=94532 |ngày lưu trữ=2025-06-12 |ngày truy cập=2025-06-12 |url-status=live}}</ref> về việc sắp xếp đơn vị hành chính cấp tỉnh (nghị quyết có hiệu lực từ ngày 12 tháng 6 năm 2025). Theo đó, sáp nhập tỉnh [[Ninh Thuận]] vào tỉnh Khánh Hòa.

Sau khi sáp nhập, tỉnh Khánh Hòa có 8.555,86&nbsp;km² diện tích tự nhiên và quy mô dân số là 2.243.554 người.
",
after-d1e3973c-16fd-4e9f-acd8-4724176fbcae,after,inf:d1e3973c-16fd-4e9f-acd8-4724176fbcae,tỉnh Lâm Đồng,found,11203,73648221,2025-07-01T11:36:01Z,Lâm Đồng,https://vi.wikipedia.org/w/index.php?oldid=73648221,2026-09-29T15:28:40.170404Z,sources/responses/33554244902d53643faacffd191ca5e44e4e63164e01235f01d8376bf26e3af2.json,33554244902d53643faacffd191ca5e44e4e63164e01235f01d8376bf26e3af2,CC-BY-SA-4.0,name_type,43,43,"'''Lâm Đồng''' là một [[Tỉnh (Việt Nam)|tỉnh]] [[cao nguyên|miền núi]] ven biển nằm ở vùng Nam Trung Bộ, miền Trung [[Việt Nam]].",
after-d1e3973c-16fd-4e9f-acd8-4724176fbcae,after,inf:d1e3973c-16fd-4e9f-acd8-4724176fbcae,tỉnh Lâm Đồng,found,11203,73648221,2025-07-01T11:36:01Z,Lâm Đồng,https://vi.wikipedia.org/w/index.php?oldid=73648221,2026-09-29T15:28:40.170404Z,sources/responses/33554244902d53643faacffd191ca5e44e4e63164e01235f01d8376bf26e3af2.json,33554244902d53643faacffd191ca5e44e4e63164e01235f01d8376bf26e3af2,CC-BY-SA-4.0,reorganization,128,133,"Tỉnh Lâm Đồng có 2 thành phố và 8 huyện như hiện nay.

Ngày 12 tháng 6 năm 2025, Quốc hội ban hành Nghị quyết số 202/2025/QH15<ref name=202/2025/QH15>{{Chú thích web|url=https://quochoi.vn/tintuc/Pages/tin-hoat-dong-cua-quoc-hoi.aspx?ItemID=94532|tựa đề= Nghị quyết số 202/2025/QH15 về việc sắp xếp đơn vị hành chính cấp tỉnh |ngày= 2025-06-12 |website= Cổng thông tin điện tử Quốc hội Việt Nam |url lưu trữ=https://web.archive.org/web/20250612150244/https://quochoi.vn/tintuc/Pages/tin-hoat-dong-cua-quoc-hoi.aspx?ItemID=94532|ngày lưu trữ= 2025-06-12 |ngày truy cập= 2025-06-12 |url-status=live}}</ref> về việc sắp xếp đơn vị hành chính cấp tỉnh (nghị quyết có hiệu lực từ ngày 12 tháng 6 năm 2025). Theo đó, sáp nhập tỉnh [[Bình Thuận]] và tỉnh [[Đắk Nông]] vào tỉnh Lâm Đồng.

Sau khi sáp nhập, tỉnh Lâm Đồng có 24.233,07&nbsp;km² diện tích tự nhiên và quy mô dân số là 3.872.999 người.
",
after-bcffd08e-12a7-4e9c-b744-317d81aeb51a,after,inf:bcffd08e-12a7-4e9c-b744-317d81aeb51a,tỉnh Đắk Lắk,found,11195,73640352,2025-06-29T01:13:15Z,Đắk Lắk,https://vi.wikipedia.org/w/index.php?oldid=73640352,2026-09-29T15:28:41.661862Z,sources/responses/c47c029cc1cb75f5cb5bdd6d2820387cf252437fe314e4ee7e9300a9cab8039e.json,c47c029cc1cb75f5cb5bdd6d2820387cf252437fe314e4ee7e9300a9cab8039e,CC-BY-SA-4.0,name_type,35,35,"'''Đắk Lắk''' (trước đây là '''Darlac''') là [[tỉnh thành Việt Nam|tỉnh]] [[cao nguyên|miền núi]] ven biển nằm ở vùng Nam Trung Bộ, [[miền Trung]] của [[Việt Nam]]. [[Tỉnh lỵ (Việt Nam)|Trung tâm hành chính]] của tỉnh là phường [[Buôn Ma Thuột]].",
after-bcffd08e-12a7-4e9c-b744-317d81aeb51a,after,inf:bcffd08e-12a7-4e9c-b744-317d81aeb51a,tỉnh Đắk Lắk,found,11195,73640352,2025-06-29T01:13:15Z,Đắk Lắk,https://vi.wikipedia.org/w/index.php?oldid=73640352,2026-09-29T15:28:41.661862Z,sources/responses/c47c029cc1cb75f5cb5bdd6d2820387cf252437fe314e4ee7e9300a9cab8039e.json,c47c029cc1cb75f5cb5bdd6d2820387cf252437fe314e4ee7e9300a9cab8039e,CC-BY-SA-4.0,reorganization,188,193,"Ngày 9 tháng 2 năm 2010, thành phố Buôn Ma Thuột được công nhận là là [[Đô thị Việt Nam#Đô thị loại I|đô thị loại I]] trực thuộc tỉnh Đắk Lắk.<ref>[http://thuvienphapluat.vn/archive/Quyet-dinh/Quyet-dinh-228-QD-TTg-cong-nhan-thanh-pho-Buon-Me-Thuot-la-do-thi-loai-I-vb101255t17.aspx Quyết định 228/QĐ-TTg năm 2010 công nhận thành phố Buôn Ma Thuột là đô thị loại I trực thuộc tỉnh Đắk Lắk do Thủ tướng Chính phủ ban hành]</ref>

Ngày 12 tháng 6 năm 2025, Quốc hội ban hành Nghị quyết số 202/2025/QH15<ref name=202/2025/QH15>{{Chú thích web|url=https://quochoi.vn/tintuc/Pages/tin-hoat-dong-cua-quoc-hoi.aspx?ItemID=94532|tựa đề= Nghị quyết số 202/2025/QH15 về việc sắp xếp đơn vị hành chính cấp tỉnh |ngày= 2025-06-12 |website= Cổng thông tin điện tử Quốc hội Việt Nam |url lưu trữ=https://web.archive.org/web/20250612150244/https://quochoi.vn/tintuc/Pages/tin-hoat-dong-cua-quoc-hoi.aspx?ItemID=94532|ngày lưu trữ= 2025-06-12 |ngày truy cập= 2025-06-12 |url-status=live}}</ref> về việc sắp xếp đơn vị hành chính cấp tỉnh (nghị quyết có hiệu lực từ ngày 12 tháng 6 năm 2025). Theo đó, sáp nhập tỉnh [[Phú Yên]] vào tỉnh Đắk Lắk.

Sau khi sáp nhập, tỉnh Đắk Lắk có 18.096,40&nbsp;km² diện tích tự nhiên và quy mô dân số là 3.346.853 người.
",
after-99de8263-bc71-4bce-9d69-50364c38af02,after,inf:99de8263-bc71-4bce-9d69-50364c38af02,Thành phố Hồ Chí Minh,found,39,73652156,2025-07-02T20:26:51Z,Thành phố Hồ Chí Minh,https://vi.wikipedia.org/w/index.php?oldid=73652156,2026-09-29T15:28:44.159014Z,sources/responses/e18e221664d7a28f7d498096fa5d30b5527e8eb59541938f7b67876d1f99eb0d.json,e18e221664d7a28f7d498096fa5d30b5527e8eb59541938f7b67876d1f99eb0d,CC-BY-SA-4.0,name_type,78,78,"'''Thành phố Hồ Chí Minh''' (viết tắt: '''TP.HCM'''), còn được gọi là '''Sài Gòn''', là [[Thành phố (Việt Nam)|thành phố lớn nhất Việt Nam]] về quy mô dân số và là trung tâm [[Kinh tế Việt Nam|kinh tế]], [[giải trí]], một trong hai trung tâm [[Văn hóa Việt Nam|văn hóa]] và [[Giáo dục Việt Nam|giáo dục]] quan trọng tại Việt Nam. Thành phố Hồ Chí Minh là [[Thành phố trực thuộc trung ương (Việt Nam)|thành phố trực thuộc trung ương]] thuộc loại [[Đô thị Việt Nam#Đô thị loại đặc biệt|đô thị đặc biệt]], nằm trong vùng chuyển tiếp giữa [[Đông Nam Bộ]] và [[Đồng bằng sông Cửu Long|Tây Nam Bộ]]. Về phân chia hành chính, thành phố này hiện có 113 phường, 54 xã và 1 đặc khu, tổng diện tích là 6.772,59&nbsp;[[Kilômét vuông|km<sup>2</sup>]]. Thành phố có dân số vào năm 2024 là hơn 14 triệu người (cao nhất cả nước), [[mật độ dân số]] trung bình 2.067 người/km² (cao thứ hai cả nước). Theo dữ liệu [[Sáp nhập tỉnh, thành Việt Nam 2025]], TP.HCM	có diện tích: 	6.773	km²,	xếp thứ	22; dân số:	14.002.598	người,	đông dân nhất Việt Nam; GRDP 2024: 	2.715.782.233	triệu VNĐ, xếp thứ	1; thu ngân sách 2024:	681.935.856	triệu VNĐ, xếp thứ	1; thu nhập bình quân:	85,53	triệu VNĐ/năm, 	xếp thứ	2.<ref>{{Chú thích web |tiêu đề=Danh sách dự kiến tên gọi của 34 tỉnh, thành phố và trung tâm chính trị - hành chính |url=https://vtv.vn/chinh-tri/danh-sach-du-kien-ten-goi-cua-34-tinh-thanh-pho-va-trung-tam-chinh-tri-hanh-chinh-20250413230809506.htm |ngày truy cập=14 tháng 4 năm 2025 |website=vtv.vn |ngôn ngữ=vi}}</ref>",
after-99de8263-bc71-4bce-9d69-50364c38af02,after,inf:99de8263-bc71-4bce-9d69-50364c38af02,Thành phố Hồ Chí Minh,found,39,73652156,2025-07-02T20:26:51Z,Thành phố Hồ Chí Minh,https://vi.wikipedia.org/w/index.php?oldid=73652156,2026-09-29T15:28:44.159014Z,sources/responses/e18e221664d7a28f7d498096fa5d30b5527e8eb59541938f7b67876d1f99eb0d.json,e18e221664d7a28f7d498096fa5d30b5527e8eb59541938f7b67876d1f99eb0d,CC-BY-SA-4.0,reorganization,209,214,"Ngày [[24 tháng 11]] năm [[2017]], [[Quốc hội Việt Nam]] ra Nghị quyết về thí điểm cơ chế, chính sách đặc thù phát triển Thành phố Hồ Chí Minh, trong đó tăng thêm quyền hạn cho chính quyền thành phố trong việc quản lý đất đai, quản lý đầu tư, quản lý tài chính – ngân sách nhà nước. Thành phố Hồ Chí Minh sẽ có nhiều quyền hạn hơn trong việc quyết định chuyển đổi mục đích sử dụng đất, phê duyệt đầu tư công; có thêm những nguồn thu mới, có thể được giữ lại ngân sách nhiều hơn và được hưởng một phần số thu từ cổ phần hóa của các [[doanh nghiệp nhà nước]] do [[Ủy ban nhân dân Thành phố Hồ Chí Minh]] quản lý hoặc đại diện sở hữu, được chủ động vay vốn bằng các hình thức khác nhau. Ngoài ra, chính quyền thành phố các cấp còn được chủ động phân quyền cho chính quyền cấp dưới; quyết định mức thu nhập bình quân tăng thêm cho [[cán bộ]], [[công chức]], [[viên chức]], [[chuyên gia]] thuộc thành phố quản lý.<ref>[https://thuvienphapluat.vn/van-ban/Dau-tu/Nghi-quyet-thi-diem-co-che-chinh-sach-dac-thu-phat-trien-thanh-pho-Ho-Chi-Minh-367070.aspx NGHỊ QUYẾT VỀ THÍ ĐIỂM CƠ CHẾ, CHÍNH SÁCH ĐẶC THÙ PHÁT TRIỂN THÀNH PHỐ HỒ CHÍ MINH] {{Webarchive|url=https://web.archive.org/web/20210702051624/https://thuvienphapluat.vn/van-ban/dau-tu/Nghi-quyet-54-2017-QH14-thi-diem-co-che-chinh-sach-dac-thu-phat-trien-Thanh-pho-Ho-Chi-Minh-367070.aspx |date = ngày 2 tháng 7 năm 2021}}, Quốc hội Việt Nam</ref>

Ngày 12 tháng 6 năm 2025, Quốc hội ban hành Nghị quyết số 202/2025/QH15<ref name=202/2025/QH15>{{Chú thích web|url=https://quochoi.vn/tintuc/Pages/tin-hoat-dong-cua-quoc-hoi.aspx?ItemID=94532|tựa đề= Nghị quyết số 202/2025/QH15 về việc sắp xếp đơn vị hành chính cấp tỉnh |ngày= 2025-06-12 |website= Cổng thông tin điện tử Quốc hội Việt Nam |url lưu trữ=https://web.archive.org/web/20250612150244/https://quochoi.vn/tintuc/Pages/tin-hoat-dong-cua-quoc-hoi.aspx?ItemID=94532|ngày lưu trữ= 2025-06-12 |ngày truy cập= 2025-06-12 |url-status=live}}</ref> về việc sắp xếp đơn vị hành chính cấp tỉnh (nghị quyết có hiệu lực từ ngày 12 tháng 6 năm 2025). Theo đó, sáp nhập tỉnh [[Bà Rịa – Vũng Tàu]] và tỉnh [[Bình Dương]] vào Thành phố Hồ Chí Minh.

Sau khi sáp nhập, Thành phố Hồ Chí Minh có 6.772,59 km² diện tích tự nhiên và quy mô dân số là 14.002.598 người.
",
after-26395bb3-f134-40bd-844f-fc99a1d6657c,after,inf:26395bb3-f134-40bd-844f-fc99a1d6657c,tỉnh Đồng Nai,found,1275,73650779,2025-07-02T09:50:34Z,Đồng Nai,https://vi.wikipedia.org/w/index.php?oldid=73650779,2026-09-29T15:28:45.246059Z,sources/responses/7abd31fedad53921051e44e506daecf4074712f93b01a453e96039f699c82f61.json,7abd31fedad53921051e44e506daecf4074712f93b01a453e96039f699c82f61,CC-BY-SA-4.0,name_type,42,42,"'''Đồng Nai''' là một [[Tỉnh (Việt Nam)|tỉnh]] thuộc vùng [[Đông Nam Bộ Việt Nam|Đông Nam Bộ]], [[Việt Nam]]. Theo dữ liệu [[Sáp nhập tỉnh, thành Việt Nam 2025]], 	Đồng Nai	có diện tích: 	12.737	km²,	xếp thứ	9; dân số:	4.491.408	người,	xếp thứ	5; GRDP 2024: 	609.176.602	triệu VNĐ, xếp thứ	4; thu ngân sách 2024:	73.458.454	triệu VNĐ, xếp thứ	4; thu nhập bình quân:	78,04	triệu VNĐ/năm, 	xếp thứ	4.<ref>{{Chú thích web |tiêu đề=Danh sách dự kiến tên gọi của 34 tỉnh, thành phố và trung tâm chính trị - hành chính |url=https://vtv.vn/chinh-tri/danh-sach-du-kien-ten-goi-cua-34-tinh-thanh-pho-va-trung-tam-chinh-tri-hanh-chinh-20250413230809506.htm |ngày truy cập=14 tháng 4 năm 2025 |website=vtv.vn |ngôn ngữ=vi}}</ref>",
after-26395bb3-f134-40bd-844f-fc99a1d6657c,after,inf:26395bb3-f134-40bd-844f-fc99a1d6657c,tỉnh Đồng Nai,found,1275,73650779,2025-07-02T09:50:34Z,Đồng Nai,https://vi.wikipedia.org/w/index.php?oldid=73650779,2026-09-29T15:28:45.246059Z,sources/responses/7abd31fedad53921051e44e506daecf4074712f93b01a453e96039f699c82f61.json,7abd31fedad53921051e44e506daecf4074712f93b01a453e96039f699c82f61,CC-BY-SA-4.0,reorganization,114,119,"Ngày [[1 tháng 6]] năm [[2019]], chuyển thị xã Long Khánh thành thành phố [[Long Khánh]].<ref>{{Chú thích web|url=https://thuvienphapluat.vn/van-ban/bo-may-hanh-chinh/Nghi-quyet-673-NQ-UBTVQH14-2019-giai-the-dieu-chinh-dia-gioi-don-vi-hanh-chinh-cap-xa-Dong-Nai-412485.aspx|title=Nghị quyết 673/NQ-UBTVQH14 năm 2019 về việc thành lập, giải thể, điều chỉnh địa giới hành chính một số đơn vị hành chính cấp xã và thành lập thành phố Long Khánh thuộc tỉnh Đồng Nai|last=|first=|date=|website=|archive-url=|archive-date=|url-status=|access-date =}}</ref> Tỉnh Đồng Nai có 2 thành phố và 9 huyện.

Ngày [[12 tháng 6]] năm [[2025]], Quốc hội ban hành Nghị quyết số 202/2025/QH15<ref name=202/2025/QH15>{{Chú thích web|url=https://quochoi.vn/tintuc/Pages/tin-hoat-dong-cua-quoc-hoi.aspx?ItemID=94532|tựa đề= Nghị quyết số 202/2025/QH15 về việc sắp xếp đơn vị hành chính cấp tỉnh |ngày= 2025-06-12 |website= Cổng thông tin điện tử Quốc hội Việt Nam |url lưu trữ=https://web.archive.org/web/20250612150244/https://quochoi.vn/tintuc/Pages/tin-hoat-dong-cua-quoc-hoi.aspx?ItemID=94532|ngày lưu trữ= 2025-06-12 |ngày truy cập= 2025-06-12 |url-status=live}}</ref> về việc sắp xếp đơn vị hành chính cấp tỉnh (nghị quyết có hiệu lực từ ngày 12 tháng 6 năm 2025). Theo đó, sáp nhập tỉnh [[Bình Phước]] vào tỉnh Đồng Nai.

Sau khi sáp nhập, tỉnh Đồng Nai có 12.737,18 km² diện tích tự nhiên và quy mô dân số là 4.491.408 người.
",
after-7a2c9093-b860-419a-9849-11f4a977465a,after,inf:7a2c9093-b860-419a-9849-11f4a977465a,tỉnh Tây Ninh,found,11253,73652263,2025-07-02T23:34:39Z,Tây Ninh,https://vi.wikipedia.org/w/index.php?oldid=73652263,2026-09-29T15:28:46.590351Z,sources/responses/dca9f67ec830884dff10df91b3d982f57ba8cf3b3247003925ad190867477665.json,dca9f67ec830884dff10df91b3d982f57ba8cf3b3247003925ad190867477665,CC-BY-SA-4.0,name_type,61,61,"'''Tây Ninh''' là một [[Tỉnh (Việt Nam)|tỉnh]] thuộc vùng [[Đông Nam Bộ]], [[Việt Nam]].",
after-7a2c9093-b860-419a-9849-11f4a977465a,after,inf:7a2c9093-b860-419a-9849-11f4a977465a,tỉnh Tây Ninh,found,11253,73652263,2025-07-02T23:34:39Z,Tây Ninh,https://vi.wikipedia.org/w/index.php?oldid=73652263,2026-09-29T15:28:46.590351Z,sources/responses/dca9f67ec830884dff10df91b3d982f57ba8cf3b3247003925ad190867477665.json,dca9f67ec830884dff10df91b3d982f57ba8cf3b3247003925ad190867477665,CC-BY-SA-4.0,reorganization,161,166,"Ngày [[10 tháng 1]] năm [[2020]], Ủy ban Thường vụ Quốc hội ban hành Nghị quyết số 865/NQ-UBTVQH14 (nghị quyết có hiệu lực từ ngày [[1 tháng 2]] năm [[2020]]).<ref name=NQ865>{{Chú thích web|url=https://thuvienphapluat.vn/van-ban/bo-may-hanh-chinh/nghi-quyet-865-nq-ubtvqh14-2020-thanh-lap-thi-xa-hoa-thanh-tinh-tay-ninh-434043.aspx|tựa đề=Nghị quyết số 865/NQ-UBTVQH14 năm 2020 về việc thành lập thị xã Hòa Thành, thị xã Trảng Bàng và thành lập các phường, xã thuộc thị xã Hòa Thành, thị xã Trảng Bàng, tỉnh Tây Ninh|tác giả=|họ=|tên=|ngày=|website=|url lưu trữ=|ngày lưu trữ=|ngày truy cập=}}</ref> Theo đó, thành lập hai thị xã [[Hòa Thành]] và [[Trảng Bàng]] trên cơ sở toàn bộ diện tích và dân số của hai huyện có tên tương ứng. Kể từ ngày hôm đó, tỉnh Tây Ninh có 1 thành phố, 2 thị xã và 6 huyện như hiện nay.

Ngày 12 tháng 6 năm 2025, Quốc hội ban hành Nghị quyết số 202/2025/QH15<ref name=202/2025/QH15>{{Chú thích web|url=https://quochoi.vn/tintuc/Pages/tin-hoat-dong-cua-quoc-hoi.aspx?ItemID=94532|tựa đề= Nghị quyết số 202/2025/QH15 về việc sắp xếp đơn vị hành chính cấp tỉnh |ngày= 2025-06-12 |website= Cổng thông tin điện tử Quốc hội Việt Nam |url lưu trữ=https://web.archive.org/web/20250612150244/https://quochoi.vn/tintuc/Pages/tin-hoat-dong-cua-quoc-hoi.aspx?ItemID=94532|ngày lưu trữ= 2025-06-12 |ngày truy cập= 2025-06-12 |url-status=live}}</ref> về việc sắp xếp đơn vị hành chính cấp tỉnh (nghị quyết có hiệu lực từ ngày 12 tháng 6 năm 2025). Theo đó, sáp nhập tỉnh [[Long An]] vào tỉnh Tây Ninh.

Sau khi sáp nhập, tỉnh Tây Ninh có 8.536,44&nbsp;km² diện tích tự nhiên và quy mô dân số là 3.254.170 người.
",
after-c3369da1-333a-4886-8e1f-105aaadcbc6a,after,inf:c3369da1-333a-4886-8e1f-105aaadcbc6a,thành phố Cần Thơ,found,1022,73641932,2025-06-29T11:38:08Z,Cần Thơ,https://vi.wikipedia.org/w/index.php?oldid=73641932,2026-09-29T15:28:48.223961Z,sources/responses/c4526fc71eb6201cf8e8c51f293f5dba7ba2c4cd42db235f083a01892421db8e.json,c4526fc71eb6201cf8e8c51f293f5dba7ba2c4cd42db235f083a01892421db8e,CC-BY-SA-4.0,name_type,73,73,"'''Cần Thơ''' ([[Chữ Nôm]]: 芹苴) là một trong sáu [[thành phố trực thuộc trung ương]] của [[Việt Nam]]. Đây là thành phố sầm uất và phát triển nhất ở vùng [[Đồng bằng sông Cửu Long]], có vai trò là trung tâm kinh tế, văn hóa, xã hội, y tế, giáo dục và thương mại của cả vùng. Cần Thơ hiện là [[Đô thị Việt Nam|đô thị loại I]], là thành phố trung tâm cấp vùng và cấp quốc gia.",
after-c3369da1-333a-4886-8e1f-105aaadcbc6a,after,inf:c3369da1-333a-4886-8e1f-105aaadcbc6a,thành phố Cần Thơ,found,1022,73641932,2025-06-29T11:38:08Z,Cần Thơ,https://vi.wikipedia.org/w/index.php?oldid=73641932,2026-09-29T15:28:48.223961Z,sources/responses/c4526fc71eb6201cf8e8c51f293f5dba7ba2c4cd42db235f083a01892421db8e.json,c4526fc71eb6201cf8e8c51f293f5dba7ba2c4cd42db235f083a01892421db8e,CC-BY-SA-4.0,reorganization,220,225,"Ngày 24 tháng 6 năm 2009, [[Thủ tướng Việt Nam|Thủ tướng Chính phủ]] ban hành Quyết định số 889/QĐ-TTg về việc công nhận thành phố Cần Thơ là [[đô thị loại I]] trực thuộc trung ương.<ref name=QD889>{{Chú thích web|url=https://thuvienphapluat.vn/van-ban/Bo-may-hanh-chinh/Quyet-dinh-889-QD-TTg-cong-nhan-thanh-pho-Can-Tho-do-thi-loai-1-truc-thuoc-Trung-uong-90322.aspx|tựa đề=Quyết định 889/QĐ-TTg năm 2009 về việc công nhận thành phố Cần Thơ là đô thị loại I trực thuộc Trung ương|url-status=live}}</ref>

Ngày 12 tháng 6 năm 2025, Quốc hội ban hành Nghị quyết số 202/2025/QH15<ref name=202/2025/QH15>{{Chú thích web|url=https://quochoi.vn/tintuc/Pages/tin-hoat-dong-cua-quoc-hoi.aspx?ItemID=94532|tựa đề= Nghị quyết số 202/2025/QH15 về việc sắp xếp đơn vị hành chính cấp tỉnh |ngày= 2025-06-12 |website= Cổng thông tin điện tử Quốc hội Việt Nam |url lưu trữ=https://web.archive.org/web/20250612150244/https://quochoi.vn/tintuc/Pages/tin-hoat-dong-cua-quoc-hoi.aspx?ItemID=94532|ngày lưu trữ= 2025-06-12 |ngày truy cập= 2025-06-12 |url-status=live}}</ref> về việc sắp xếp đơn vị hành chính cấp tỉnh (nghị quyết có hiệu lực từ ngày 12 tháng 6 năm 2025). Theo đó, sáp nhập tỉnh [[Hậu Giang]] và tỉnh [[Sóc Trăng]] vào thành phố Cần Thơ.

Sau khi sáp nhập, thành phố Cần Thơ có 6.360,83 km² diện tích tự nhiên và quy mô dân số là 4.199.824 người.
",
after-0e997715-f491-46d6-bbc8-bd94e5585b9d,after,inf:0e997715-f491-46d6-bbc8-bd94e5585b9d,tỉnh Vĩnh Long,found,11232,73652009,2025-07-02T17:11:15Z,Vĩnh Long,https://vi.wikipedia.org/w/index.php?oldid=73652009,2026-09-29T15:28:50.223637Z,sources/responses/919603a64700c7693752f7ab109104a1c0cad23f572300eb3f59054569bd00b6.json,919603a64700c7693752f7ab109104a1c0cad23f572300eb3f59054569bd00b6,CC-BY-SA-4.0,name_type,66,66,"'''Vĩnh Long''' là một [[Tỉnh (Việt Nam)|tỉnh]] thuộc vùng [[Đồng bằng sông Cửu Long]], [[Việt Nam]]. Theo dữ liệu [[Sáp nhập tỉnh, thành Việt Nam 2025]], 	Vĩnh Long	có diện tích: 	6.296	km²,	xếp thứ	25; dân số:	4.257.581	người,	xếp thứ	9; GRDP 2024: 	254.479.941	triệu VNĐ, xếp thứ	17; thu ngân sách 2024:	21.789.629	triệu VNĐ, xếp thứ	20; thu nhập bình quân:	50,75	triệu VNĐ/năm, 	xếp thứ	22.<ref>{{Chú thích web |tiêu đề=Danh sách dự kiến tên gọi của 34 tỉnh, thành phố và trung tâm chính trị - hành chính |url=https://vtv.vn/chinh-tri/danh-sach-du-kien-ten-goi-cua-34-tinh-thanh-pho-va-trung-tam-chinh-tri-hanh-chinh-20250413230809506.htm |ngày truy cập=14 tháng 4 năm 2025 |website=vtv.vn |ngôn ngữ=vi}}</ref>",
after-0e997715-f491-46d6-bbc8-bd94e5585b9d,after,inf:0e997715-f491-46d6-bbc8-bd94e5585b9d,tỉnh Vĩnh Long,found,11232,73652009,2025-07-02T17:11:15Z,Vĩnh Long,https://vi.wikipedia.org/w/index.php?oldid=73652009,2026-09-29T15:28:50.223637Z,sources/responses/919603a64700c7693752f7ab109104a1c0cad23f572300eb3f59054569bd00b6.json,919603a64700c7693752f7ab109104a1c0cad23f572300eb3f59054569bd00b6,CC-BY-SA-4.0,reorganization,181,186,"Tỉnh Vĩnh Long có 8 đơn vị hành chính cấp huyện, gồm thành phố Vĩnh Long, thị xã Bình Minh và các huyện: Bình Tân, Long Hồ, Mang Thít, Tam Bình, Trà Ôn, Vũng Liêm như hiện nay.

Ngày 12 tháng 6 năm 2025, Quốc hội ban hành Nghị quyết số 202/2025/QH15<ref name=202/2025/QH15>{{Chú thích web|url=https://quochoi.vn/tintuc/Pages/tin-hoat-dong-cua-quoc-hoi.aspx?ItemID=94532|tựa đề= Nghị quyết số 202/2025/QH15 về việc sắp xếp đơn vị hành chính cấp tỉnh |ngày= 2025-06-12 |website= Cổng thông tin điện tử Quốc hội Việt Nam |url lưu trữ=https://web.archive.org/web/20250612150244/https://quochoi.vn/tintuc/Pages/tin-hoat-dong-cua-quoc-hoi.aspx?ItemID=94532|ngày lưu trữ= 2025-06-12 |ngày truy cập= 2025-06-12 |url-status=live}}</ref> về việc sắp xếp đơn vị hành chính cấp tỉnh (nghị quyết có hiệu lực từ ngày 12 tháng 6 năm 2025). Theo đó, sáp nhập tỉnh [[Bến Tre (tỉnh)|Bến Tre]] và tỉnh [[Trà Vinh (tỉnh)|Trà Vinh]] vào tỉnh Vĩnh Long.

Sau khi sáp nhập, tỉnh Vĩnh Long có 6.296,20 km² diện tích tự nhiên và quy mô dân số là 4.257.581 người.
",
after-df5d06de-fff3-4fcd-8a3d-13e8d2d306f6,after,inf:df5d06de-fff3-4fcd-8a3d-13e8d2d306f6,tỉnh Đồng Tháp,found,11197,73651906,2025-07-02T15:45:10Z,Đồng Tháp,https://vi.wikipedia.org/w/index.php?oldid=73651906,2026-09-29T15:28:51.337828Z,sources/responses/7efa0c4e5077d45ba584bc6ae2fed1868a5db38d97569a6493f4139c1172b447.json,7efa0c4e5077d45ba584bc6ae2fed1868a5db38d97569a6493f4139c1172b447,CC-BY-SA-4.0,name_type,49,49,"'''Đồng Tháp''' là một tỉnh mới thành lập thuộc vùng [[Đồng bằng sông Cửu Long]], [[Việt Nam]]. Vùng đất Đồng Tháp đã được [[Chúa Nguyễn]] khai phá vào khoảng [[thế kỷ XVII]], [[Thế kỷ XVIII|XVIII]]. Tỉnh Đồng Tháp được thành lập trên cơ sở hợp nhất tỉnh [[Kiến Phong]] và [[Sa Đéc (tỉnh)|tỉnh Sa Đéc]] vào năm 1976.",
after-df5d06de-fff3-4fcd-8a3d-13e8d2d306f6,after,inf:df5d06de-fff3-4fcd-8a3d-13e8d2d306f6,tỉnh Đồng Tháp,found,11197,73651906,2025-07-02T15:45:10Z,Đồng Tháp,https://vi.wikipedia.org/w/index.php?oldid=73651906,2026-09-29T15:28:51.337828Z,sources/responses/7efa0c4e5077d45ba584bc6ae2fed1868a5db38d97569a6493f4139c1172b447.json,7efa0c4e5077d45ba584bc6ae2fed1868a5db38d97569a6493f4139c1172b447,CC-BY-SA-4.0,reorganization,142,147,"Tỉnh Đồng Tháp có 3 thành phố và 9 huyện như hiện nay.

Ngày 12 tháng 6 năm 2025, Quốc hội ban hành Nghị quyết số 202/2025/QH15<ref name=202/2025/QH15>{{Chú thích web|url=https://quochoi.vn/tintuc/Pages/tin-hoat-dong-cua-quoc-hoi.aspx?ItemID=94532|tựa đề= Nghị quyết số 202/2025/QH15 về việc sắp xếp đơn vị hành chính cấp tỉnh |ngày= 2025-06-12 |website= Cổng thông tin điện tử Quốc hội Việt Nam |url lưu trữ=https://web.archive.org/web/20250612150244/https://quochoi.vn/tintuc/Pages/tin-hoat-dong-cua-quoc-hoi.aspx?ItemID=94532|ngày lưu trữ= 2025-06-12 |ngày truy cập= 2025-06-12 |url-status=live}}</ref> về việc sắp xếp đơn vị hành chính cấp tỉnh (nghị quyết có hiệu lực từ ngày 12 tháng 6 năm 2025). Theo đó, sáp nhập tỉnh [[Tiền Giang]] vào tỉnh Đồng Tháp.

Sau khi sáp nhập, tỉnh Đồng Tháp có 5.938,64 km² diện tích tự nhiên và quy mô dân số là 4.370.046 người.
",
after-f9f0970f-57bc-4900-9613-558ea3d2bbca,after,inf:f9f0970f-57bc-4900-9613-558ea3d2bbca,tỉnh Cà Mau,found,11194,73638792,2025-06-28T12:02:33Z,Cà Mau,https://vi.wikipedia.org/w/index.php?oldid=73638792,2026-09-29T15:28:52.410913Z,sources/responses/3e49517388997f6cfcac845f73cb0c4dd39c4ae08338c8be6bf76634396e4b77.json,3e49517388997f6cfcac845f73cb0c4dd39c4ae08338c8be6bf76634396e4b77,CC-BY-SA-4.0,name_type,51,51,"'''Cà Mau''' là một [[Tỉnh (Việt Nam)|tỉnh]] ven biển ở [[cực nam]] của [[Việt Nam]], nằm trong khu vực [[Đồng bằng sông Cửu Long]].<ref>{{Chú thích web|url=https://nhandan.vn/ca-mau-lam-giau-nho-bien-vuon-len-tu-bien-post858277.html|tựa đề= Cà Mau làm giàu nhờ biển, vươn lên từ biển |tác giả=  |ngày= 2025-02-01 |website= Báo Nhân Dân |url lưu trữ=|ngày lưu trữ=|ngày truy cập= 2025-03-26 |url-status=live}}</ref> Toàn bộ địa phận tỉnh Cà Mau nằm trên [[Bán đảo Cà Mau]].<ref>{{Chú thích web|url=https://tuoitre.vn/ca-mau-rung-ngap-man-va-canh-quan-tuyet-dep-nhin-tu-tren-cao-20241110093828735.htm|tựa đề= Cà Mau rừng ngập mặn và cảnh quan tuyệt đẹp nhìn từ trên cao |tác giả= Thanh Huyền |ngày= 2024-11-10 |website= Tuổi Trẻ Online |url lưu trữ=|ngày lưu trữ=|ngày truy cập= 2025-03-26 |url-status=live}}</ref>",
after-f9f0970f-57bc-4900-9613-558ea3d2bbca,after,inf:f9f0970f-57bc-4900-9613-558ea3d2bbca,tỉnh Cà Mau,found,11194,73638792,2025-06-28T12:02:33Z,Cà Mau,https://vi.wikipedia.org/w/index.php?oldid=73638792,2026-09-29T15:28:52.410913Z,sources/responses/3e49517388997f6cfcac845f73cb0c4dd39c4ae08338c8be6bf76634396e4b77.json,3e49517388997f6cfcac845f73cb0c4dd39c4ae08338c8be6bf76634396e4b77,CC-BY-SA-4.0,reorganization,489,494,"Tỉnh Cà Mau có 1 thành phố và 8 huyện như hiện nay.<ref name=DVHC/>

Ngày 12 tháng 6 năm 2025, Quốc hội ban hành Nghị quyết số 202/2025/QH15<ref name=202/2025/QH15>{{Chú thích web|url=https://quochoi.vn/tintuc/Pages/tin-hoat-dong-cua-quoc-hoi.aspx?ItemID=94532|tựa đề= Nghị quyết số 202/2025/QH15 về việc sắp xếp đơn vị hành chính cấp tỉnh |ngày= 2025-06-12 |website= Cổng thông tin điện tử Quốc hội Việt Nam |url lưu trữ=https://web.archive.org/web/20250612150244/https://quochoi.vn/tintuc/Pages/tin-hoat-dong-cua-quoc-hoi.aspx?ItemID=94532|ngày lưu trữ= 2025-06-12 |ngày truy cập= 2025-06-12 |url-status=live}}</ref> về việc sắp xếp đơn vị hành chính cấp tỉnh (nghị quyết có hiệu lực từ ngày 12 tháng 6 năm 2025). Theo đó, sáp nhập tỉnh [[Bạc Liêu]] vào tỉnh Cà Mau.

Sau khi sáp nhập, tỉnh Cà Mau có 7.942,39&nbsp;km² diện tích tự nhiên và quy mô dân số là 2.606.672 người.
",
after-b8a52eac-6aec-4106-8e8d-e12e63701b03,after,inf:b8a52eac-6aec-4106-8e8d-e12e63701b03,tỉnh An Giang,found,3972,73652075,2025-07-02T18:19:08Z,An Giang,https://vi.wikipedia.org/w/index.php?oldid=73652075,2026-09-29T15:28:53.916561Z,sources/responses/0013604ccf18fe9f556dd5be6f48c196f26ce0c69fe33a7d8932f7f3722ac777.json,0013604ccf18fe9f556dd5be6f48c196f26ce0c69fe33a7d8932f7f3722ac777,CC-BY-SA-4.0,name_type,67,67,"'''An Giang''' là một [[tỉnh]] thuộc vùng [[đồng bằng sông Cửu Long]], [[Việt Nam]].<ref name =Ms@124 >[https://thukyluat.vn/vb/quyet-dinh-124-2004-qd-ttg-bang-danh-muc-ma-so-don-vi-hanh-chinh-viet-nam-cc68.html Quyết định số 124/2004/QĐ-TTg của Chính phủ ngày 08/07/2004] ban hành Danh mục và mã số các đơn vị hành chính Việt Nam có đến 30/6/2004. Thuky Luat Online, 2016. Truy cập 11/04/2019.</ref><ref name =BandoHc >Tập bản đồ hành chính Việt Nam. Nhà xuất bản Tài nguyên – Môi trường và Bản đồ Việt Nam. Hà Nội, 2013.</ref> Theo dữ liệu [[Sáp nhập tỉnh, thành Việt Nam 2025]], An Giang	có diện tích: 	9.889	km²,	xếp thứ	13; dân số:	4.952.238	người,	xếp thứ	3; GRDP 2024: 	271.345.883	triệu VNĐ, xếp thứ	16; thu ngân sách 2024:	26.279.135	triệu VNĐ, xếp thứ	15; thu nhập bình quân:	55,22;	triệu VNĐ/năm, 	xếp thứ	20.<ref>{{Chú thích web |tiêu đề=Danh sách dự kiến tên gọi của 34 tỉnh, thành phố và trung tâm chính trị - hành chính |url=https://vtv.vn/chinh-tri/danh-sach-du-kien-ten-goi-cua-34-tinh-thanh-pho-va-trung-tam-chinh-tri-hanh-chinh-20250413230809506.htm |ngày truy cập=14 tháng 4 năm 2025 |website=vtv.vn |ngôn ngữ=vi}}</ref>",
after-b8a52eac-6aec-4106-8e8d-e12e63701b03,after,inf:b8a52eac-6aec-4106-8e8d-e12e63701b03,tỉnh An Giang,found,3972,73652075,2025-07-02T18:19:08Z,An Giang,https://vi.wikipedia.org/w/index.php?oldid=73652075,2026-09-29T15:28:53.916561Z,sources/responses/0013604ccf18fe9f556dd5be6f48c196f26ce0c69fe33a7d8932f7f3722ac777.json,0013604ccf18fe9f556dd5be6f48c196f26ce0c69fe33a7d8932f7f3722ac777,CC-BY-SA-4.0,reorganization,386,391,"Ngày 5 tháng 12 năm 2019, Bộ Xây dựng quyết định công nhận thị xã Tân Châu là đô thị loại III.<ref>{{chú thích web |author= |ngày= |tiêu đề=An Giang: Thị xã Tân Châu đạt tiêu chí đô thị loại III |url=http://baoxaydung.com.vn/an-giang-thi-xa-tan-chau-dat-tieu-chi-do-thi-loai-iii-268678.html |ngày truy cập=2 tháng 9 năm 2024 |ngôn ngữ= |nơi xuất bản=Báo Xây dựng}}</ref> Ngày 23 tháng 7 năm 2020, Thủ tướng Chính phủ ban hành Quyết định số 1078/QĐ-TTg, công nhận thành phố Long Xuyên là đô thị loại I trực thuộc tỉnh An Giang.<ref>{{Chú thích web |họ=LuatVietnam |tựa đề=Quyết định 1078/QĐ-TTg 2020 công nhận Thành phố Long Xuyên là đô thị loại I |url=https://luatvietnam.vn/hanh-chinh/quyet-dinh-1078-qd-ttg-2020-cong-nhan-thanh-pho-long-xuyen-la-do-thi-loai-i-187204-d1.html |ngày truy cập=2021-08-04 |website=LuatVietnam |ngôn ngữ=vi}}</ref> Ngày 13 tháng 2 năm 2023, Ủy ban Thường vụ Quốc hội ban hành Nghị quyết số 721/NQ-UBTVQH15 (nghị quyết có hiệu lực từ ngày [[10 tháng 4]] năm [[2023]]).<ref name=""NQ721"">{{Chú thích web |tựa đề=Nghị quyết số 721/NQ-UBTVQH15 năm 2023 về việc thành lập thị xã Tịnh Biên, các phường thuộc thị xã Tịnh Biên, thị trấn Đa Phước thuộc huyện An Phú và thị trấn Hội An thuộc huyện Chợ Mới, tỉnh An Giang |url=https://thuvienphapluat.vn/van-ban/Bo-may-hanh-chinh/Nghi-quyet-721-NQ-UBTVQH15-2023-thanh-lap-thi-xa-Tinh-Bien-va-phuong-thuoc-thi-xa-An-Giang-556498.aspx |url-status=live}}</ref> Theo đó, thành lập thị xã Tịnh Biên thuộc tỉnh An Giang trên cơ sở toàn bộ diện tịch tự nhiên và dân số của huyện Tịnh Biên. Tỉnh An Giang có 2 thành phố, 2 thị xã và 7 huyện.

Ngày 12 tháng 6 năm 2025, Quốc hội ban hành Nghị quyết số 202/2025/QH15<ref name=""202/2025/QH15"">{{Chú thích web |ngày=2025-06-12 |tựa đề=Nghị quyết số 202/2025/QH15 về việc sắp xếp đơn vị hành chính cấp tỉnh |url=https://quochoi.vn/tintuc/Pages/tin-hoat-dong-cua-quoc-hoi.aspx?ItemID=94532 |url-status=live |url lưu trữ=https://web.archive.org/web/20250612150244/https://quochoi.vn/tintuc/Pages/tin-hoat-dong-cua-quoc-hoi.aspx?ItemID=94532 |ngày lưu trữ=2025-06-12 |ngày truy cập=2025-06-12 |website=Cổng thông tin điện tử Quốc hội Việt Nam}}</ref> về việc sắp xếp đơn vị hành chính cấp tỉnh (nghị quyết có hiệu lực từ ngày 12 tháng 6 năm 2025). Theo đó, sáp nhập tỉnh [[Kiên Giang]] vào tỉnh An Giang. Sau khi sáp nhập, tỉnh An Giang có 9.888,91&nbsp;km² diện tích tự nhiên và quy mô dân số là 4.952.238 người.

==Hành chính==
Tỉnh An Giang có 102 đơn vị hành chính cấp cơ sở trực thuộc, bao gồm 14 phường, 85 xã, và 3 đặc khu (gồm đặc khu Phú Quốc, đặc khu Kiên Hải và đặc khu Thổ Châu).",
after-06a054f2-be7a-4902-b601-1ff6e081136c,after,inf:06a054f2-be7a-4902-b601-1ff6e081136c,tỉnh Cao Bằng,found,68,73641886,2025-06-29T11:30:49Z,Cao Bằng,https://vi.wikipedia.org/w/index.php?oldid=73641886,2026-09-29T15:28:55.011888Z,sources/responses/08861617a2bc18f32578938452ef291709600d6d3e08f090ede30aed818e16ed.json,08861617a2bc18f32578938452ef291709600d6d3e08f090ede30aed818e16ed,CC-BY-SA-4.0,name_type,56,56,"'''Cao Bằng''' là một [[tỉnh]] thuộc vùng [[Đông Bắc Bộ]], [[Việt Nam]].<ref name=Ms@124 >[https://thukyluat.vn/vb/quyet-dinh-124-2004-qd-ttg-bang-danh-muc-ma-so-don-vi-hanh-chinh-viet-nam-cc68.html Quyết định số 124/2004/QĐ-TTg của Chính phủ ngày 08/07/2004] ban hành Danh mục và mã số các đơn vị hành chính Việt Nam có đến 30/6/2004. Thuky Luat Online, 2016. Truy cập 11/04/2019.</ref><ref name =BandoHc >Tập bản đồ hành chính Việt Nam. Nhà xuất bản Tài nguyên – Môi trường và Bản đồ Việt Nam. Hà Nội, 2013.</ref><ref name =CaoBang-tt25 >[https://thukyluat.vn/vb/thong-tu-25-2013-tt-btnmt-danh-muc-dia-danh-dan-cu-son-thuy-van-thuy-kinh-te-xa-hoi-32d9e.html Thông tư 25/2013/TT-BTNMT ngày 12/09/2013] của Bộ Tài nguyên và Môi trường ban hành Danh mục địa danh dân cư... lập bản đồ tỉnh Cao Bằng. Thuky Luat Online, 2016. Truy cập 30/11/2019.</ref> Theo dữ liệu [[Sáp nhập tỉnh, thành Việt Nam 2025]], 	Cao Bằng	có diện tích: 	6.700	km²,	xếp thứ	23; dân số:	573.119	người,	xếp thứ	33; GRDP 2024: 	25.203.769	triệu VNĐ	, xếp thứ	34; thu ngân sách 2024:	2.476.011	triệu VNĐ, xếp thứ	33; thu nhập bình quân:	30,70	triệu VNĐ/năm, 	xếp thứ	32.<ref>{{Chú thích web |tiêu đề=Danh sách dự kiến tên gọi của 34 tỉnh, thành phố và trung tâm chính trị - hành chính |url=https://vtv.vn/chinh-tri/danh-sach-du-kien-ten-goi-cua-34-tinh-thanh-pho-va-trung-tam-chinh-tri-hanh-chinh-20250413230809506.htm |ngày truy cập=14 tháng 4 năm 2025 |website=vtv.vn |ngôn ngữ=vi}}</ref>",
after-06a054f2-be7a-4902-b601-1ff6e081136c,after,inf:06a054f2-be7a-4902-b601-1ff6e081136c,tỉnh Cao Bằng,found,19920857,75595156,2026-09-28T06:15:44Z,"Sáp nhập tỉnh, thành Việt Nam 2025",https://vi.wikipedia.org/w/index.php?oldid=75595156,2026-09-29T15:20:50.358132Z,sources/responses/3f5dfc1b821700530dd0d1ab0bcd4fa36509f6877d37192655bb6618020b3068.json,3f5dfc1b821700530dd0d1ab0bcd4fa36509f6877d37192655bb6618020b3068,CC-BY-SA-4.0,unchanged_in_2025,130,141,"=== Các đơn vị hành chính cấp tỉnh không thực hiện sáp nhập ===
# Thành phố [[Hà Nội]]
# Thành phố [[Huế]]
# Tỉnh [[Lai Châu]]
# Tỉnh [[Điện Biên]]
# Tỉnh [[Sơn La]]
# Tỉnh [[Lạng Sơn]]
# Tỉnh [[Quảng Ninh]] 
# Tỉnh [[Thanh Hóa]]
# Tỉnh [[Nghệ An]]
# Tỉnh [[Hà Tĩnh]]
# Tỉnh [[Cao Bằng]]",
after-886684a1-1e22-4c0b-b6d0-f45602ddae7c,after,inf:886684a1-1e22-4c0b-b6d0-f45602ddae7c,tỉnh Điện Biên,found,7322,73637193,2025-06-28T02:48:32Z,Điện Biên,https://vi.wikipedia.org/w/index.php?oldid=73637193,2026-09-29T15:28:56.157195Z,sources/responses/a8ecc6babb17cd98197e49de1d0904e91370c1bd64f219b4dfcef33c25e83a6a.json,a8ecc6babb17cd98197e49de1d0904e91370c1bd64f219b4dfcef33c25e83a6a,CC-BY-SA-4.0,name_type,40,40,"'''Điện Biên''' là [[Tỉnh (Việt Nam)|tỉnh]] [[Trung du và miền núi phía Bắc|miền núi]] thuộc vùng [[Tây Bắc Bộ]] của [[Việt Nam]].<ref name=""Ms@124"">[https://thukyluat.vn/vb/quyet-dinh-124-2004-qd-ttg-bang-danh-muc-ma-so-don-vi-hanh-chinh-viet-nam-cc68.html Quyết định số 124/2004/QĐ-TTg của Chính phủ ngày 08/07/2004] ban hành Danh mục và mã số các đơn vị hành chính Việt Nam có đến 30/6/2004. Thuky Luat Online, 2016. Truy cập 11/04/2019.</ref><ref name=""BandoHc"">Tập bản đồ hành chính Việt Nam. Nhà xuất bản Tài nguyên – Môi trường và Bản đồ Việt Nam. Hà Nội, 2013.</ref><ref name="":12"">{{Chú thích web |url=http://www.dienbien.gov.vn/portal/Pages/Tong-quan-ve-Dien-Bien.aspx |website=CỔNG THÔNG TIN ĐIỆN TỬ TỈNH ĐIỆN BIÊN |url-status=dead |tiêu đề=Tổng quan về Điện Biên |ngày truy cập=24 tháng 11 năm 2017 |url lưu trữ=https://web.archive.org/web/20170725044638/http://www.dienbien.gov.vn/portal/Pages/Tong-quan-ve-Dien-Bien.aspx |ngày lưu trữ=2017-07-25 }}</ref> Theo dữ liệu [[Sáp nhập tỉnh, thành Việt Nam 2025]], 	Điện Biên	có diện tích: 	9.540	km²,	xếp thứ	14; dân số:	673.091	người,	xếp thứ	32; GRDP 2024: 	31.663.387	triệu VNĐ, xếp thứ	32; thu ngân sách 2024:	1.574.989	triệu VNĐ, xếp thứ	34; thu nhập bình quân:	28,20	triệu VNĐ/năm, 	xếp thứ	34.<ref>{{Chú thích web |tiêu đề=Danh sách dự kiến tên gọi của 34 tỉnh, thành phố và trung tâm chính trị - hành chính |url=https://vtv.vn/chinh-tri/danh-sach-du-kien-ten-goi-cua-34-tinh-thanh-pho-va-trung-tam-chinh-tri-hanh-chinh-20250413230809506.htm |ngày truy cập=14 tháng 4 năm 2025 |website=vtv.vn |ngôn ngữ=vi}}</ref>",
after-886684a1-1e22-4c0b-b6d0-f45602ddae7c,after,inf:886684a1-1e22-4c0b-b6d0-f45602ddae7c,tỉnh Điện Biên,found,19920857,75595156,2026-09-28T06:15:44Z,"Sáp nhập tỉnh, thành Việt Nam 2025",https://vi.wikipedia.org/w/index.php?oldid=75595156,2026-09-29T15:20:50.358132Z,sources/responses/3f5dfc1b821700530dd0d1ab0bcd4fa36509f6877d37192655bb6618020b3068.json,3f5dfc1b821700530dd0d1ab0bcd4fa36509f6877d37192655bb6618020b3068,CC-BY-SA-4.0,unchanged_in_2025,130,134,"=== Các đơn vị hành chính cấp tỉnh không thực hiện sáp nhập ===
# Thành phố [[Hà Nội]]
# Thành phố [[Huế]]
# Tỉnh [[Lai Châu]]
# Tỉnh [[Điện Biên]]",
after-f2fecb5e-11a8-4cb2-97f7-a089ac0ecf79,after,inf:f2fecb5e-11a8-4cb2-97f7-a089ac0ecf79,tỉnh Hà Tĩnh,found,11181,73637043,2025-06-28T01:39:16Z,Hà Tĩnh,https://vi.wikipedia.org/w/index.php?oldid=73637043,2026-09-29T15:28:57.031045Z,sources/responses/a41af5678eb29540b507ae9421278cb6ca021905b05a0775dfb3250259fcf368.json,a41af5678eb29540b507ae9421278cb6ca021905b05a0775dfb3250259fcf368,CC-BY-SA-4.0,name_type,40,40,"'''Hà Tĩnh''' là [[tỉnh thành Việt Nam|tỉnh]] [[ven biển]]  phía bắc của vùng [[Bắc Trung Bộ]], [[miền Trung]] [[Việt Nam]].<ref name=Ms@124 >[https://thukyluat.vn/vb/quyet-dinh-124-2004-qd-ttg-bang-danh-muc-ma-so-don-vi-hanh-chinh-viet-nam-cc68.html Quyết định số 124/2004/QĐ-TTg của Chính phủ ngày 08/07/2004] ban hành Danh mục và mã số các đơn vị hành chính Việt Nam có đến 30/6/2004. Thuky Luat Online, 2016. Truy cập 11/04/2019.</ref><ref name =BandoHc >Tập bản đồ hành chính Việt Nam. Nhà xuất bản Tài nguyên – Môi trường và Bản đồ Việt Nam. Hà Nội, 2013.</ref> [[Tỉnh lỵ (Việt Nam)|Thủ phủ]] của tỉnh là phường [[Thành Sen (phường)|Thành Sen]].",
after-f2fecb5e-11a8-4cb2-97f7-a089ac0ecf79,after,inf:f2fecb5e-11a8-4cb2-97f7-a089ac0ecf79,tỉnh Hà Tĩnh,found,19920857,75595156,2026-09-28T06:15:44Z,"Sáp nhập tỉnh, thành Việt Nam 2025",https://vi.wikipedia.org/w/index.php?oldid=75595156,2026-09-29T15:20:50.358132Z,sources/responses/3f5dfc1b821700530dd0d1ab0bcd4fa36509f6877d37192655bb6618020b3068.json,3f5dfc1b821700530dd0d1ab0bcd4fa36509f6877d37192655bb6618020b3068,CC-BY-SA-4.0,unchanged_in_2025,130,140,"=== Các đơn vị hành chính cấp tỉnh không thực hiện sáp nhập ===
# Thành phố [[Hà Nội]]
# Thành phố [[Huế]]
# Tỉnh [[Lai Châu]]
# Tỉnh [[Điện Biên]]
# Tỉnh [[Sơn La]]
# Tỉnh [[Lạng Sơn]]
# Tỉnh [[Quảng Ninh]] 
# Tỉnh [[Thanh Hóa]]
# Tỉnh [[Nghệ An]]
# Tỉnh [[Hà Tĩnh]]",
after-0552144d-8f63-4d7f-ab23-262e100fa112,after,inf:0552144d-8f63-4d7f-ab23-262e100fa112,tỉnh Lai Châu,found,11202,73637037,2025-06-28T01:34:28Z,Lai Châu,https://vi.wikipedia.org/w/index.php?oldid=73637037,2026-09-29T15:28:58.354647Z,sources/responses/02cf77be8a305b2c94f893c54e466bbfab20b3ca51481470f5f243ea61cfb858.json,02cf77be8a305b2c94f893c54e466bbfab20b3ca51481470f5f243ea61cfb858,CC-BY-SA-4.0,name_type,49,49,"'''Lai Châu''' là một [[tỉnh (Việt Nam)|tỉnh]] thuộc vùng [[Tây Bắc Bộ]], [[Việt Nam]] <ref name=Ms@124 >[https://thukyluat.vn/vb/quyet-dinh-124-2004-qd-ttg-bang-danh-muc-ma-so-don-vi-hanh-chinh-viet-nam-cc68.html Quyết định số 124/2004/QĐ-TTg của Chính phủ ngày 08/07/2004] ban hành Danh mục và mã số các đơn vị hành chính Việt Nam có đến 30/6/2004. Thuky Luat Online, 2016. Truy cập 11/04/2019.</ref><ref name =BandoHc >Tập bản đồ hành chính Việt Nam. Nhà xuất bản Tài nguyên – Môi trường và Bản đồ Việt Nam. Hà Nội, 2013.</ref>.",
after-0552144d-8f63-4d7f-ab23-262e100fa112,after,inf:0552144d-8f63-4d7f-ab23-262e100fa112,tỉnh Lai Châu,found,19920857,75595156,2026-09-28T06:15:44Z,"Sáp nhập tỉnh, thành Việt Nam 2025",https://vi.wikipedia.org/w/index.php?oldid=75595156,2026-09-29T15:20:50.358132Z,sources/responses/3f5dfc1b821700530dd0d1ab0bcd4fa36509f6877d37192655bb6618020b3068.json,3f5dfc1b821700530dd0d1ab0bcd4fa36509f6877d37192655bb6618020b3068,CC-BY-SA-4.0,unchanged_in_2025,130,133,"=== Các đơn vị hành chính cấp tỉnh không thực hiện sáp nhập ===
# Thành phố [[Hà Nội]]
# Thành phố [[Huế]]
# Tỉnh [[Lai Châu]]",
after-9c0ae658-883a-41b7-8de3-8e5a08bc6177,after,inf:9c0ae658-883a-41b7-8de3-8e5a08bc6177,tỉnh Lạng Sơn,found,671,73637117,2025-06-28T02:25:15Z,Lạng Sơn,https://vi.wikipedia.org/w/index.php?oldid=73637117,2026-09-29T15:28:59.131791Z,sources/responses/67dcf71accbe50ab7c68144a5388e567bd6492c21ea2adde9308a766d2e383fe.json,67dcf71accbe50ab7c68144a5388e567bd6492c21ea2adde9308a766d2e383fe,CC-BY-SA-4.0,name_type,48,48,"'''Lạng Sơn''' là một tỉnh miền núi biên giới nằm ở vùng [[Đông Bắc Bộ]], [[Việt Nam]].",
after-9c0ae658-883a-41b7-8de3-8e5a08bc6177,after,inf:9c0ae658-883a-41b7-8de3-8e5a08bc6177,tỉnh Lạng Sơn,found,19920857,75595156,2026-09-28T06:15:44Z,"Sáp nhập tỉnh, thành Việt Nam 2025",https://vi.wikipedia.org/w/index.php?oldid=75595156,2026-09-29T15:20:50.358132Z,sources/responses/3f5dfc1b821700530dd0d1ab0bcd4fa36509f6877d37192655bb6618020b3068.json,3f5dfc1b821700530dd0d1ab0bcd4fa36509f6877d37192655bb6618020b3068,CC-BY-SA-4.0,unchanged_in_2025,130,136,"=== Các đơn vị hành chính cấp tỉnh không thực hiện sáp nhập ===
# Thành phố [[Hà Nội]]
# Thành phố [[Huế]]
# Tỉnh [[Lai Châu]]
# Tỉnh [[Điện Biên]]
# Tỉnh [[Sơn La]]
# Tỉnh [[Lạng Sơn]]",
after-d6fd8782-80d8-4d91-986c-254bf2e05ec3,after,inf:d6fd8782-80d8-4d91-986c-254bf2e05ec3,tỉnh Nghệ An,found,99282,73645673,2025-06-30T18:16:15Z,Nghệ An,https://vi.wikipedia.org/w/index.php?oldid=73645673,2026-09-29T15:29:00.359160Z,sources/responses/9f4f1f0e62e6d1983330a55cbf5da88cd8b00b1866edc233cbcda74448c0d06c.json,9f4f1f0e62e6d1983330a55cbf5da88cd8b00b1866edc233cbcda74448c0d06c,CC-BY-SA-4.0,name_type,46,46,"'''Nghệ An''' là một [[tỉnh thành Việt Nam|tỉnh]] [[ven biển]] gần cực bắc vùng [[Bắc Trung Bộ]], [[miền Trung]] của [[Việt Nam]] và trước đây là tỉnh có diện tích lớn nhất cả nước. Trung tâm hành chính của tỉnh là phường [[Trường Vinh]], trước đây là trung tâm của thành phố [[Vinh]]. Theo dữ liệu [[Sáp nhập tỉnh, thành Việt Nam 2025]], 	Nghệ An	có diện tích: 	16.487	km²,	xếp thứ	4; dân số:	3.831.694	người,	xếp thứ	13; GRDP 2024: 	216.943.727	triệu VNĐ, xếp thứ	20; thu ngân sách 2024:	25.443.225	triệu VNĐ, xếp thứ	17; thu nhập bình quân:	55,40	triệu VNĐ/năm, 	xếp thứ	19.<ref>{{Chú thích web |tiêu đề=Danh sách dự kiến tên gọi của 34 tỉnh, thành phố và trung tâm chính trị - hành chính |url=https://vtv.vn/chinh-tri/danh-sach-du-kien-ten-goi-cua-34-tinh-thanh-pho-va-trung-tam-chinh-tri-hanh-chinh-20250413230809506.htm |ngày truy cập=14 tháng 4 năm 2025 |website=vtv.vn |ngôn ngữ=vi}}</ref>",
after-d6fd8782-80d8-4d91-986c-254bf2e05ec3,after,inf:d6fd8782-80d8-4d91-986c-254bf2e05ec3,tỉnh Nghệ An,found,19920857,75595156,2026-09-28T06:15:44Z,"Sáp nhập tỉnh, thành Việt Nam 2025",https://vi.wikipedia.org/w/index.php?oldid=75595156,2026-09-29T15:20:50.358132Z,sources/responses/3f5dfc1b821700530dd0d1ab0bcd4fa36509f6877d37192655bb6618020b3068.json,3f5dfc1b821700530dd0d1ab0bcd4fa36509f6877d37192655bb6618020b3068,CC-BY-SA-4.0,unchanged_in_2025,130,139,"=== Các đơn vị hành chính cấp tỉnh không thực hiện sáp nhập ===
# Thành phố [[Hà Nội]]
# Thành phố [[Huế]]
# Tỉnh [[Lai Châu]]
# Tỉnh [[Điện Biên]]
# Tỉnh [[Sơn La]]
# Tỉnh [[Lạng Sơn]]
# Tỉnh [[Quảng Ninh]] 
# Tỉnh [[Thanh Hóa]]
# Tỉnh [[Nghệ An]]",
after-651dfe5c-8dd5-49b4-9bd4-a04148a79ed2,after,inf:651dfe5c-8dd5-49b4-9bd4-a04148a79ed2,tỉnh Quảng Ninh,found,5393,73649191,2025-07-01T18:28:04Z,Quảng Ninh,https://vi.wikipedia.org/w/index.php?oldid=73649191,2026-09-29T15:29:01.813483Z,sources/responses/3fd688069307260105f0f710928c79fad2f28ce6e13377c02244d90c19410992.json,3fd688069307260105f0f710928c79fad2f28ce6e13377c02244d90c19410992,CC-BY-SA-4.0,name_type,50,50,"'''Quảng Ninh''' là một tỉnh ven biển thuộc vùng [[Đông Bắc Bộ]] [[Việt Nam]]. Theo quy hoạch phát triển [[kinh tế]], Quảng Ninh vừa thuộc [[Vùng kinh tế trọng điểm Bắc bộ|vùng kinh tế trọng điểm phía bắc]], và vừa thuộc [[Vùng duyên hải Bắc Bộ]]. Đây là tỉnh khai thác [[than đá]] chính của [[Việt Nam]], có [[vịnh Hạ Long]] là di sản, kỳ quan thiên nhiên thế giới. Quảng Ninh cùng với Bắc Ninh, Ninh Bình và Khánh Hòa đã được [[Chính phủ Việt Nam]] quy hoạch thành thành phố trực thuộc trung ương.<ref>[https://xaydungchinhsach.chinhphu.vn/dinh-huong-8-tinh-tro-thanh-thanh-pho-truc-thuoc-trung-uong-119240823175601497.htm Định hướng 8 tỉnh trở thành thành phố trực thuộc Trung ương]</ref>",
after-651dfe5c-8dd5-49b4-9bd4-a04148a79ed2,after,inf:651dfe5c-8dd5-49b4-9bd4-a04148a79ed2,tỉnh Quảng Ninh,found,19920857,75595156,2026-09-28T06:15:44Z,"Sáp nhập tỉnh, thành Việt Nam 2025",https://vi.wikipedia.org/w/index.php?oldid=75595156,2026-09-29T15:20:50.358132Z,sources/responses/3f5dfc1b821700530dd0d1ab0bcd4fa36509f6877d37192655bb6618020b3068.json,3f5dfc1b821700530dd0d1ab0bcd4fa36509f6877d37192655bb6618020b3068,CC-BY-SA-4.0,unchanged_in_2025,130,137,"=== Các đơn vị hành chính cấp tỉnh không thực hiện sáp nhập ===
# Thành phố [[Hà Nội]]
# Thành phố [[Huế]]
# Tỉnh [[Lai Châu]]
# Tỉnh [[Điện Biên]]
# Tỉnh [[Sơn La]]
# Tỉnh [[Lạng Sơn]]
# Tỉnh [[Quảng Ninh]] ",
after-fbc7cbac-5f23-48a5-a8a4-ab4d2902c2ba,after,inf:fbc7cbac-5f23-48a5-a8a4-ab4d2902c2ba,tỉnh Thanh Hóa,found,3203766,73648968,2025-07-01T16:11:36Z,Thanh Hóa,https://vi.wikipedia.org/w/index.php?oldid=73648968,2026-09-29T15:29:02.925874Z,sources/responses/8452cf3b27b2ad7b6bbe3be6e3b62ee1874d0dca029dd5e50f43ee488aae9200.json,8452cf3b27b2ad7b6bbe3be6e3b62ee1874d0dca029dd5e50f43ee488aae9200,CC-BY-SA-4.0,name_type,46,46,"'''Thanh Hóa''' là [[Tỉnh (Việt Nam)|tỉnh]] [[ven biển]] cực bắc vùng [[Bắc Trung Bộ]], [[miền Trung]] của [[Việt Nam]].<ref name=Ms@124 >[https://thukyluat.vn/vb/quyet-dinh-124-2004-qd-ttg-bang-danh-muc-ma-so-don-vi-hanh-chinh-viet-nam-cc68.html Quyết định số 124/2004/QĐ-TTg của Chính phủ ngày 08/07/2004] ban hành Danh mục và mã số các đơn vị hành chính Việt Nam có đến 30/6/2004. Thuky Luat Online, 2016. Truy cập 11/04/2019.</ref>  [[Tỉnh lỵ (Việt Nam)|Tỉnh lỵ]] của tỉnh là [[thành phố Thanh Hóa]].",
after-fbc7cbac-5f23-48a5-a8a4-ab4d2902c2ba,after,inf:fbc7cbac-5f23-48a5-a8a4-ab4d2902c2ba,tỉnh Thanh Hóa,found,19920857,75595156,2026-09-28T06:15:44Z,"Sáp nhập tỉnh, thành Việt Nam 2025",https://vi.wikipedia.org/w/index.php?oldid=75595156,2026-09-29T15:20:50.358132Z,sources/responses/3f5dfc1b821700530dd0d1ab0bcd4fa36509f6877d37192655bb6618020b3068.json,3f5dfc1b821700530dd0d1ab0bcd4fa36509f6877d37192655bb6618020b3068,CC-BY-SA-4.0,unchanged_in_2025,130,138,"=== Các đơn vị hành chính cấp tỉnh không thực hiện sáp nhập ===
# Thành phố [[Hà Nội]]
# Thành phố [[Huế]]
# Tỉnh [[Lai Châu]]
# Tỉnh [[Điện Biên]]
# Tỉnh [[Sơn La]]
# Tỉnh [[Lạng Sơn]]
# Tỉnh [[Quảng Ninh]] 
# Tỉnh [[Thanh Hóa]]",
after-3013985e-02d9-45ff-8e7d-c22c53fd39ed,after,inf:3013985e-02d9-45ff-8e7d-c22c53fd39ed,tỉnh Sơn La,found,9252,73642055,2025-06-29T12:20:45Z,Sơn La,https://vi.wikipedia.org/w/index.php?oldid=73642055,2026-09-29T15:29:03.662332Z,sources/responses/5e86616369f95afa0a532270cc0c4d6a0b8d4340d64c81792b353f22c29257d1.json,5e86616369f95afa0a532270cc0c4d6a0b8d4340d64c81792b353f22c29257d1,CC-BY-SA-4.0,name_type,49,49,"'''Sơn La''' là một tỉnh miền núi, vùng cao, nằm ở [[Tây Bắc Bộ|vùng Tây Bắc]] [[Việt Nam]].<ref name=Ms@124 >[https://thukyluat.vn/vb/quyet-dinh-124-2004-qd-ttg-bang-danh-muc-ma-so-don-vi-hanh-chinh-viet-nam-cc68.html Quyết định số 124/2004/QĐ-TTg của Chính phủ ngày 08/07/2004] ban hành Danh mục và mã số các đơn vị hành chính Việt Nam có đến 30/6/2004. Thuky Luat Online, 2016. Truy cập 11/04/2019.</ref><ref name =BandoHc >Tập bản đồ hành chính Việt Nam. Nhà xuất bản Tài nguyên – Môi trường và Bản đồ Việt Nam. Hà Nội, 2013.</ref><ref name =SonLa-tt45 >[https://thukyluat.vn/vb/thong-tu-45-2013-tt-btnmt-danh-muc-dia-danh-dan-cu-lap-ban-do-son-la-3555b.html Thông tư 45/2013/TT-BTNMT ngày 26/12/2013] của Bộ Tài nguyên và Môi trường ban hành Danh mục địa danh dân cư... phục vụ lập bản đồ tỉnh Sơn La. Thuky Luat Online, 2016. Truy cập 11/05/2019.</ref>",
after-3013985e-02d9-45ff-8e7d-c22c53fd39ed,after,inf:3013985e-02d9-45ff-8e7d-c22c53fd39ed,tỉnh Sơn La,found,19920857,75595156,2026-09-28T06:15:44Z,"Sáp nhập tỉnh, thành Việt Nam 2025",https://vi.wikipedia.org/w/index.php?oldid=75595156,2026-09-29T15:20:50.358132Z,sources/responses/3f5dfc1b821700530dd0d1ab0bcd4fa36509f6877d37192655bb6618020b3068.json,3f5dfc1b821700530dd0d1ab0bcd4fa36509f6877d37192655bb6618020b3068,CC-BY-SA-4.0,unchanged_in_2025,130,135,"=== Các đơn vị hành chính cấp tỉnh không thực hiện sáp nhập ===
# Thành phố [[Hà Nội]]
# Thành phố [[Huế]]
# Tỉnh [[Lai Châu]]
# Tỉnh [[Điện Biên]]
# Tỉnh [[Sơn La]]",
after-9d6837cd-1196-4073-bb43-85a7ee0cc8e5,after,inf:9d6837cd-1196-4073-bb43-85a7ee0cc8e5,thành phố Hà Nội,found,80,73649736,2025-07-02T02:06:13Z,Hà Nội,https://vi.wikipedia.org/w/index.php?oldid=73649736,2026-09-29T15:21:51.085928Z,sources/responses/c94335e66006e0d4268e7264dff1371a7a71998098b062b5b005bf63c861661a.json,c94335e66006e0d4268e7264dff1371a7a71998098b062b5b005bf63c861661a,CC-BY-SA-4.0,name_type,74,74,"'''Hà Nội''' là [[thủ đô]] của nước [[Việt Nam|Cộng hòa xã hội chủ nghĩa Việt Nam]]. Đây là [[Thành phố trực thuộc trung ương (Việt Nam)|thành phố trực thuộc trung ương]] lớn thứ hai về quy mô dân số, được xếp loại [[Đô thị Việt Nam|đô thị đặc biệt]], có vị trí là trung tâm [[văn hóa]], [[Chính trị Việt Nam|chính trị]], một trong hai trung tâm [[Kinh tế Việt Nam|kinh tế]], [[Giáo dục Việt Nam|giáo dục]] quan trọng tại Việt Nam. Hà Nội nằm về phía Tây Bắc của trung tâm vùng [[Đồng bằng sông Hồng|đồng bằng châu thổ sông Hồng]], với địa hình bao gồm vùng [[đồng bằng]] trung tâm và vùng đồi núi ở phía Bắc và phía Tây thành phố. Với diện tích 3.359,82 [[Kilômét vuông|km²]],<ref name=""area_2020""/> và dân số 8,4 triệu [[người]],<ref name=""dan_so_2022""/> Hà Nội là thành phố trực thuộc trung ương có diện tích lớn thứ năm [[Việt Nam]], đồng thời cũng là thành phố đông dân thứ hai và có mật độ dân số cao nhất trong 34 [[Tỉnh thành Việt Nam|đơn vị hành chính cấp tỉnh]] của Việt Nam nhưng phân bố dân số không đồng đều. Hà Nội có 126 [[Đơn vị hành chính cấp xã (Việt Nam)|đơn vị hành chính cấp xã]], gồm 51 phường và 75 xã.",
after-9d6837cd-1196-4073-bb43-85a7ee0cc8e5,after,inf:9d6837cd-1196-4073-bb43-85a7ee0cc8e5,thành phố Hà Nội,found,19920857,75595156,2026-09-28T06:15:44Z,"Sáp nhập tỉnh, thành Việt Nam 2025",https://vi.wikipedia.org/w/index.php?oldid=75595156,2026-09-29T15:20:50.358132Z,sources/responses/3f5dfc1b821700530dd0d1ab0bcd4fa36509f6877d37192655bb6618020b3068.json,3f5dfc1b821700530dd0d1ab0bcd4fa36509f6877d37192655bb6618020b3068,CC-BY-SA-4.0,unchanged_in_2025,126,141,"Đến ngày 1 tháng 7 năm 2025, Chính phủ đã tích cực triển khai chỉ đạo của [[Bộ Chính trị]] tại các kết luận 126 và 127, đồng thời Đề án sắp xếp, tổ chức lại đơn vị hành chính các cấp và xây dựng mô hình tổ chức chính quyền địa phương 2 cấp đã được phê duyệt. Mô hình tổ chức chính quyền địa phương 2 cấp xác định ở địa phương là cấp tỉnh, thành và cấp xã, phường đã chính thức vận hành từ ngày 1 tháng 7 năm 2025.

Theo Nghị quyết Hội nghị lần thứ 11 [[Ban Chấp hành Trung ương Đảng Cộng sản Việt Nam khóa XIII|Ban Chấp hành Trung ương Đảng khóa XIII]] (ban hành tháng 4 năm 2025), Ban Chấp hành Trung ương đã thống nhất cao về số lượng đơn vị hành chính cấp tỉnh sau sáp nhập là 34 tỉnh, thành phố (28 tỉnh và 6 thành phố trực thuộc Trung ương), chính thức có hiệu lực từ ngày 12 tháng 6 năm 2025.

=== Các đơn vị hành chính cấp tỉnh không thực hiện sáp nhập ===
# Thành phố [[Hà Nội]]
# Thành phố [[Huế]]
# Tỉnh [[Lai Châu]]
# Tỉnh [[Điện Biên]]
# Tỉnh [[Sơn La]]
# Tỉnh [[Lạng Sơn]]
# Tỉnh [[Quảng Ninh]] 
# Tỉnh [[Thanh Hóa]]
# Tỉnh [[Nghệ An]]
# Tỉnh [[Hà Tĩnh]]
# Tỉnh [[Cao Bằng]]",
after-c19ff93f-bc7c-4941-908b-1d7dadd26c84,after,inf:c19ff93f-bc7c-4941-908b-1d7dadd26c84,thành phố Huế,found,11244,73649183,2025-07-01T18:23:18Z,Huế,https://vi.wikipedia.org/w/index.php?oldid=73649183,2026-09-29T15:29:05.273883Z,sources/responses/c1b010c707aebf16a44c9d0e6362ebf17f81ef53ffd3c3b93d495ecf9c1e9479.json,c1b010c707aebf16a44c9d0e6362ebf17f81ef53ffd3c3b93d495ecf9c1e9479,CC-BY-SA-4.0,name_type,66,66,"'''Huế''' là một trong sáu [[Thành phố trực thuộc trung ương (Việt Nam)|thành phố trực thuộc trung ương]] và là thành phố di sản của [[Việt Nam]]. Thành phố là một trong các trung tâm [[Văn hóa Việt Nam|văn hóa]], [[y tế]] và [[giáo dục]] lớn của Việt Nam. Đây là thành phố ven biển thuộc cực nam của vùng [[Bắc Trung Bộ (Việt Nam)|Bắc Trung Bộ]], [[Trung Bộ|miền Trung Việt Nam]]. Huế hiện là [[Đô thị loại I (Việt Nam)|đô thị loại I]], là thành phố trung tâm cấp vùng và cấp quốc gia.",
after-c19ff93f-bc7c-4941-908b-1d7dadd26c84,after,inf:c19ff93f-bc7c-4941-908b-1d7dadd26c84,thành phố Huế,found,19920857,75595156,2026-09-28T06:15:44Z,"Sáp nhập tỉnh, thành Việt Nam 2025",https://vi.wikipedia.org/w/index.php?oldid=75595156,2026-09-29T15:20:50.358132Z,sources/responses/3f5dfc1b821700530dd0d1ab0bcd4fa36509f6877d37192655bb6618020b3068.json,3f5dfc1b821700530dd0d1ab0bcd4fa36509f6877d37192655bb6618020b3068,CC-BY-SA-4.0,unchanged_in_2025,130,132,"=== Các đơn vị hành chính cấp tỉnh không thực hiện sáp nhập ===
# Thành phố [[Hà Nội]]
# Thành phố [[Huế]]",
